Full Name,Email,City,Total Spent,Line Items,Started At,¿Cuál es el problema más importante que esperas resolver con nuestros productos?,¿Qué te hizo comprar con nosotros antes que otra marca?,¿Qué te causaba incertidumbre antes de comprar con nosotros?,¿Cómo nos conociste por primera vez?,¿Y qué te trajo a nuestra página hoy?,¿Dónde estaba el anuncio?
Valeria Ejemplo,demo+0001@example.com,Pueblo Demo,2856.1,Proteína Vainilla,2024-01-12 09:58,jont pain,Me ayudó muchísimo con la inflamación,,Google,Por mi propia cuenta,
María Muestra,demo+0002@example.com,Ciudad Ejemplo,2548.02,Colágeno Rosa,2024-05-19 14:23,,Me ayudo muchisimo con la inflamacion,que se perdiera el paquete,Instagram,Me acordé de ustedes,
Valeria Ficticio,demo+0003@example.com,Pueblo Demo,2694.49,Colágeno Rosa,2024-05-14 13:48,Curiosidad,Mi hermana los usa y le fue muy bien,que no me llegara,TikTok,Me acordé de ustedes,
Pablo Ficticio,demo+0004@example.com,Villa Prueba,1685.97,"Magnesio Noche, Inositol Balance, Colágeno Rosa",2024-04-02 14:49,Mejorar mi salud en general.,El empaque está muy bonito,que no me gustara e sabor,Instagram,Por mi propia cuenta,
María Ficticio,demo+0005@example.com,Villa Prueba,1771.63,"Inositol Balance, Proteína Vainilla",2024-05-21 09:29,Mejorar mi salud en general,Porue si.,Soy alergica a varias cosas,Instagram,Por mi propia cuenta,
Valeria Ficticio,demo+0006@example.com,Ciudad Ejemplo,794.11,"Omega Calma, Probiótico Diario, Proteína Vainilla",2024-03-03 12:06,cansancio todo el tiempo.,Clean ingredients,,Google,Me acordé de ustedes,
María Prueba,demo+0007@example.com,Ciudad Ejemplo,2400.48,"Probiótico Diario, Inositol Balance",2024-05-26 14:51,Acne hormonal,Una compañera de trabajo los toma,no se,Me lo recomendaron,Estaba buscando algo en Google,
Daniela Demo,demo+0008@example.com,Pueblo Demo,3850.42,"Probiótico Diario, Colágeno Rosa",2024-06-04 20:50,Dormir mejor.,por las reseñas.,Nada,Instagram,Me acordé de ustedes,
Ana Demo,demo+0009@example.com,Villa Prueba,2851.25,Omega Calma,2024-02-27 14:01,Acné hormonal,,Que saliera muy caro con el envío.,Me lo recomendaron,Recibí un e-mail,
María Muestra,demo+0010@example.com,Ciudad Ejemplo,3337.75,Inositol Balance,2024-02-16 11:35,,se nota la diferencia,ninuno 😊,Me lo recomendaron,Me acordé de ustedes,
Jorge Ejemplo,demo+0011@example.com,Villa Prueba,1417.16,"Proteína Vainilla, Inositol Balance, Magnesio Noche",2024-05-07 22:08,se me cae mucho el cabello.,El empaque está muy bonito,que no me llegara,Facebook,Por mi propia cuenta,
Diego Muestra,demo+0012@example.com,Pueblo Demo,1655.6,Magnesio Noche,2024-03-03 19:01,Tengo SOP y quiero regular mi ciclo,,Que no funcione,Facebook,Alguien me habló de ti,
Lucía Prueba,demo+0013@example.com,Pueblo Demo,925.07,"Probiótico Diario, Magnesio Noche, Colágeno Rosa",2024-03-02 13:27,Tengo SOP y quiero regular mi ciclo.,,Que se perdiera el paquete,Instagram,Vi un anuncio,TikTok
María Prueba,demo+0014@example.com,Ciudad Ejemplo,1047.41,"Probiótico Diario, Magnesio Noche",2024-05-25 14:18,tener mas energia en el ia,Me urgía.,Que no llegue a mi ciudad,Instagram,Recibí un e-mail,
Pablo Ejemplo,demo+0015@example.com,Pueblo Demo,4159.34,Inositol Balance,2024-01-03 16:27,Mejorar mi salud en general,sigo a la nutriologa en instagram y la recomienda,Que no llegar el pedido,Instagram,Por mi propia cuenta,
Lucía Ejemplo,demo+0016@example.com,Ciudad Ejemplo,2293.23,Colágeno Rosa,2024-03-27 10:09,Tengo SOP y quiero regular mi ciclo.,Sin químicos,que no hiciera efecto,TikTok,Vi un anuncio,Facebook
María Muestra,demo+0017@example.com,Villa Prueba,2538.65,Probiótico Diario,2024-05-26 15:05,,,que no funcionaran.,Instagram,Por mi propia cuenta,
Fernanda Demo,demo+0018@example.com,Villa Prueba,3940.14,Probiótico Diario,2024-05-03 23:16,quiero ver resultados reales esta vez,my friend recommended it.,Comprar en una pagina que no conozco,Instagram,Por mi propia cuenta,
Carlos Demo,demo+0019@example.com,Villa Prueba,1188.12,"Magnesio Noche, Proteína Vainilla, Probiótico Diario",2024-04-15 22:49,ninguno,,No sé,Instagram,Alguien me habló de ti,
Carlos Prueba,demo+0020@example.com,Ciudad Ejemplo,2672.96,"Colágeno Rosa, Magnesio Noche",2024-02-16 23:25,,,Que se perdiera el paquete,Instagram,Por mi propia cuenta,
Valeria Ficticio,demo+0021@example.com,Ciudad Ejemplo,3968.54,Probiótico Diario,2024-01-24 17:16,Resitencia a la insulina,,No conocia la marca,Instagram,Estaba buscando algo en Google,
Ana Ficticio,demo+0022@example.com,Villa Prueba,2464.53,Colágeno Rosa,2024-06-14 22:39,Controlar la ansiedad,Vi muchos testimonios,Que fuera una estafa.,Facebook,Me acordé de ustedes,
Fernanda Prueba,demo+0023@example.com,Pueblo Demo,1995.58,Inositol Balance,2024-01-06 18:35,,Una compañera de trabajo los toma,Que se perdiera el paquete,TikTok,Me acordé de ustedes,
Sofía Demo,demo+0024@example.com,Pueblo Demo,3802.64,"Omega Calma, Probiótico Diario, Proteína Vainilla",2024-03-28 08:08,,El empaque está muy bonito.,que fuera una estafa.,Me lo recomendaron,Vi un anuncio,TikTok
Pablo Ficticio,demo+0025@example.com,Ciudad Ejemplo,2473.28,Colágeno Rosa,2024-02-08 09:41,La verdad no se,,Que fuera una estafa.,Otro,Por mi propia cuenta,
Valeria Ejemplo,demo+0026@example.com,Pueblo Demo,2376.17,Colágeno Rosa,2024-04-23 17:03,,tenian 20% de descuento,none,TikTok,Me acordé de ustedes,
Sofía Ficticio,demo+0027@example.com,Ciudad Ejemplo,1550.11,Inositol Balance,2024-04-08 16:48,Cansancio todo el tiempo,,Qu me cayera mal.,Instagram,Me acordé de ustedes,
Pablo Prueba,demo+0028@example.com,Villa Prueba,785.84,Inositol Balance,2024-03-07 13:41,Dolor de rodillas,Que los ingredientes son naturales,Gastar y no ver ningún resultado,TikTok,Por mi propia cuenta,
Jorge Ficticio,demo+0029@example.com,Ciudad Ejemplo,1594.74,"Colágeno Rosa, Omega Calma, Inositol Balance",2024-06-25 20:02,Dolor de rodillas,Me urgia,Niguno 😊,Instagram,Vi un anuncio,Instagram
Diego Prueba,demo+0030@example.com,Pueblo Demo,3486.98,Omega Calma,2024-02-01 17:52,Acne hormonal,,Nada,Instagram,Me acordé de ustedes,
Luis Demo,demo+0031@example.com,Pueblo Demo,2754.72,Colágeno Rosa,2024-04-16 22:11,Acné hormonal,Vi muchos testimonios,que no hiciera efecto,Me lo recomendaron,Vi un anuncio,Instagram
Fernanda Demo,demo+0032@example.com,Ciudad Ejemplo,367.29,Omega Calma,2024-03-02 17:14,Me duelen mucho las articulaciones,Ya lo habia comprado antes,que no me sirva como a los demás,Facebook,Alguien me habló de ti,
Diego Prueba,demo+0033@example.com,Ciudad Ejemplo,2740.9,Inositol Balance,2024-01-26 23:35,mejorar mi salud en general,Vi muchos testimonios.,Que no llegara el pedido,TikTok,Por mi propia cuenta,
Ana Ficticio,demo+0034@example.com,Ciudad Ejemplo,1981.46,Omega Calma,2024-05-12 22:49,"Mejorar mi digestión, vivo inflamada.",a mi prima ledio resultado,Nada.,Instagram,Vi un anuncio,Instagram
Luis Muestra,demo+0035@example.com,Villa Prueba,3524.54,Probiótico Diario,2024-02-20 20:39,quiero ver resultados reales esta vez,sin químicos,ninguna,Instagram,Me acordé de ustedes,
Daniela Ejemplo,demo+0036@example.com,Pueblo Demo,1848.47,"Omega Calma, Proteína Vainilla",2024-04-06 08:00,Acné hormonal,Por las resenas.,That it wouldn't work,Instagram,Alguien me habló de ti,
Diego Ejemplo,demo+0037@example.com,Ciudad Ejemplo,3649.72,Inositol Balance,2024-02-16 17:51,Acne hormonal,my friend recommended it,que se perdiera el paquete,Instagram,Por mi propia cuenta,
Diego Ejemplo,demo+0038@example.com,Pueblo Demo,793.05,Probiótico Diario,2024-03-28 22:35,Bajar de peso despues del embarazo,Mi hermana los usa y le fue muy bien,Ninguno,Google,Recibí un e-mail,
Valeria Demo,demo+0039@example.com,Villa Prueba,480.1,Magnesio Noche,2024-05-21 21:26,Ninguo.,Está respaldado por ciencia,Nada,Instagram,Vi un anuncio,TikTok
Carlos Ficticio,demo+0040@example.com,Pueblo Demo,4073.47,Probiótico Diario,2024-05-12 22:38,acn hormonal.,Que los ingredientes son naturales,Dar mis datos de tarjeta en una tienda nueva,Instagram,Vi un anuncio,YouTube
Pablo Ficticio,demo+0041@example.com,Villa Prueba,2422.86,"Omega Calma, Probiótico Diario, Colágeno Rosa",2024-06-21 22:11,acné hormonal,Me lo recomendo una amiga,That it wouldn't work.,Instagram,Recibí un e-mail,
Pablo Ejemplo,demo+0042@example.com,Ciudad Ejemplo,3222.68,"Inositol Balance, Omega Calma",2024-03-20 15:24,Cansanci todo el tiempo.,Una compañera de trabajo los toma,,Instagram,Vi un anuncio,Instagram
María Demo,demo+0043@example.com,Ciudad Ejemplo,510.35,Probiótico Diario,2024-01-24 09:04,Me duelen mucho las articlaciones,,Que no funcione,Facebook,Vi un anuncio,Instagram
María Demo,demo+0044@example.com,Villa Prueba,1139.22,"Magnesio Noche, Omega Calma",2024-03-01 19:16,Colitis,Tenian 20% de descuento.,,Me lo recomendaron,Vi un anuncio,Facebook
Daniela Prueba,demo+0045@example.com,Ciudad Ejemplo,2028.82,Magnesio Noche,2024-01-01 19:31,,Siempre les compro,none,Me lo recomendaron,Estaba buscando algo en Google,
Jorge Demo,demo+0046@example.com,Villa Prueba,1607.58,Omega Calma,2024-04-24 10:27,Me duelen mucho las articulaciones,Se nota la diferencia,,Me lo recomendaron,Me acordé de ustedes,
Fernanda Muestra,demo+0047@example.com,Villa Prueba,1594.84,"Omega Calma, Magnesio Noche, Inositol Balance",2024-02-11 22:41,Me duelen mucho las articulaciones,Me urgia,que mi esposo se enojara jaja,Instagram,Por mi propia cuenta,
Carlos Prueba,demo+0048@example.com,Pueblo Demo,1404.21,Probiótico Diario,2024-01-09 14:56,Mejorar mi salud en general,Está respaldado por ciencia,Is this brand legit?,Google,Vi un anuncio,Instagram
Sofía Ejemplo,demo+0049@example.com,Villa Prueba,828.23,"Magnesio Noche, Probiótico Diario, Colágeno Rosa",2024-04-08 20:45,joint pain,Me gusta apoyar negocios locales,,Me lo recomendaron,Por mi propia cuenta,
Sofía Muestra,demo+0050@example.com,Pueblo Demo,739.18,"Proteína Vainilla, Inositol Balance, Omega Calma",2024-05-01 19:33,I want to sleep better,,Que no llegarael pedido.,TikTok,Vi un anuncio,Instagram
Luis Ejemplo,demo+0051@example.com,Pueblo Demo,3204.66,Omega Calma,2024-04-07 13:08,Me duelen mucho las articulaciones,Se nota la diferencia,Que tardara mucho el envio,Instagram,Por mi propia cuenta,
Pablo Prueba,demo+0052@example.com,Pueblo Demo,1293.12,"Magnesio Noche, Omega Calma",2024-04-14 10:42,controlar la ansiedad,está respaldado por ciencia.,Que no funcione,Facebook,Por mi propia cuenta,
Diego Muestra,demo+0053@example.com,Ciudad Ejemplo,2696.63,Probiótico Diario,2024-05-26 17:12,Resistencia a la insulina,Sigo a la nutrióloga en Instagram y la recomienda,Que no me sirva como a los demás.,Me lo recomendaron,Me acordé de ustedes,
Lucía Prueba,demo+0054@example.com,Pueblo Demo,1793.59,"Probiótico Diario, Colágeno Rosa, Inositol Balance",2024-06-12 08:01,se me cae mucho el cabello,,Que tardara mucho el envio,Me lo recomendaron,Alguien me habló de ti,
Sofía Prueba,demo+0055@example.com,Pueblo Demo,1666.53,"Proteína Vainilla, Colágeno Rosa",2024-03-10 19:52,Tener más energía en el día,,Nada,TikTok,Recibí un e-mail,
Jorge Muestra,demo+0056@example.com,Ciudad Ejemplo,1884.16,Colágeno Rosa,2024-01-07 23:38,Mejorar mi salud en general,Sin químicos,Que no llegara el pedido,Facebook,Me acordé de ustedes,
Carlos Prueba,demo+0057@example.com,Ciudad Ejemplo,1973.87,"Colágeno Rosa, Omega Calma",2024-05-21 09:31,Bajar de peso despues del embarazo,,Is this brand legit?,TikTok,Por mi propia cuenta,
María Demo,demo+0058@example.com,Pueblo Demo,368.42,Colágeno Rosa,2024-02-28 11:08,Acné hormonal,estaba en promoción,efetos secundarios.,Me lo recomendaron,Por mi propia cuenta,
Daniela Ejemplo,demo+0059@example.com,Pueblo Demo,2694.45,"Magnesio Noche, Proteína Vainilla",2024-06-15 23:43,Es un regalo para mi mamá,Siempre lescompro,Ninguno,Google,Por mi propia cuenta,
Lucía Ficticio,demo+0060@example.com,Villa Prueba,3320.06,Omega Calma,2024-03-23 08:20,dolor de rodillas,,Ninguno 😊,Me lo recomendaron,Alguien me habló de ti,
Sofía Ejemplo,demo+0061@example.com,Pueblo Demo,2686.56,"Omega Calma, Inositol Balance, Magnesio Noche",2024-05-25 08:50,colitis,se nota la diferencia,Que no hiciera efecto,Instagram,Estaba buscando algo en Google,
Valeria Demo,demo+0062@example.com,Pueblo Demo,2786.06,Inositol Balance,2024-03-20 08:22,Bajar de peso despues del embarazo,Vi muchos testimonios,Qe no funcione,Me lo recomendaron,Recibí un e-mail,
Fernanda Ficticio,demo+0063@example.com,Ciudad Ejemplo,3672.44,"Colágeno Rosa, Probiótico Diario, Magnesio Noche",2024-03-19 15:41,,a mi prima le dio resultado,gastar y no ver ningún resultao,Instagram,Alguien me habló de ti,
Pablo Ficticio,demo+0064@example.com,Ciudad Ejemplo,739.07,"Colágeno Rosa, Inositol Balance",2024-06-24 17:37,Bajar de peso despues del embarazo,Sigo a la nutrióloga en Instagram y la recomienda,que no funcionaran,Instagram,Me acordé de ustedes,
Luis Ficticio,demo+0065@example.com,Ciudad Ejemplo,2769.23,"Magnesio Noche, Probiótico Diario, Inositol Balance",2024-04-04 19:09,Dormir mejor.,Sigo a la nutriologa en Instagram y la recomienda,que fuera puro marketig,Google,Me acordé de ustedes,
Carlos Demo,demo+0066@example.com,Pueblo Demo,3256.18,"Omega Calma, Magnesio Noche",2024-02-08 11:24,Ninguno.,me ayudo muchisimo con la inflamacion,Que no llegue a mi ciudad.,Facebook,Vi un anuncio,Instagram
Luis Demo,demo+0067@example.com,Villa Prueba,3163.77,"Inositol Balance, Probiótico Diario",2024-02-20 14:37,joint pain,Se nota la diferencia,Que no hiciera efecto,Me lo recomendaron,Por mi propia cuenta,
Jorge Ficticio,demo+0068@example.com,Villa Prueba,624.67,"Probiótico Diario, Inositol Balance",2024-03-25 20:36,Bajar de peso despues del embarazo,que los ingredientes son naturales.,Que no funcione,TikTok,Me acordé de ustedes,
Sofía Ficticio,demo+0069@example.com,Ciudad Ejemplo,1700.19,Probiótico Diario,2024-02-02 16:07,tener mas energia en el dia,my friend recommended it,El tiempo de entrega,Instagram,Por mi propia cuenta,
Valeria Ficticio,demo+0070@example.com,Villa Prueba,3446.86,"Omega Calma, Proteína Vainilla",2024-01-11 12:43,joint pain.,sin quimicos,Que fuera fraude,Instagram,Me acordé de ustedes,
Ana Muestra,demo+0071@example.com,Ciudad Ejemplo,1314.74,Omega Calma,2024-02-02 17:07,Bajar de peso despues del embarazo,,efectos secundarios,Instagram,Por mi propia cuenta,
Luis Muestra,demo+0072@example.com,Pueblo Demo,3583.03,Probiótico Diario,2024-04-07 19:29,Cansancio todo el tiempo,Por la comunidad que tienen,que se perdiera elpaquete.,Instagram,Recibí un e-mail,
Fernanda Demo,demo+0073@example.com,Villa Prueba,1843.37,"Magnesio Noche, Colágeno Rosa, Inositol Balance",2024-06-24 12:26,Me duelen mucho las articulaciones,Tenian 20% de descuento,Que fuera puro marketing,Me lo recomendaron,Me acordé de ustedes,
Carlos Muestra,demo+0074@example.com,Villa Prueba,777.45,"Probiótico Diario, Omega Calma, Magnesio Noche",2024-06-12 17:22,mejorar mi salud en general,Vi muchos testimonios,El tiempo de entrega,Google,Por mi propia cuenta,
Ana Prueba,demo+0075@example.com,Villa Prueba,3799.18,"Proteína Vainilla, Magnesio Noche",2024-05-20 21:33,joint pain,Estaba en promocion,Que saliera muy caro con el envío,Instagram,Me acordé de ustedes,
Luis Ejemplo,demo+0076@example.com,Pueblo Demo,1574.6,Magnesio Noche,2024-05-06 11:41,joint pain,Me lo recomendó una amiga,que fuera puro marketing,Google,Por mi propia cuenta,
Luis Muestra,demo+0077@example.com,Ciudad Ejemplo,2922.21,Inositol Balance,2024-04-25 16:55,"Mejorar mi digestión, vivo inflamada.",Que los ingredientes son naturales,none,Instagram,Por mi propia cuenta,
Carlos Demo,demo+0078@example.com,Villa Prueba,592.64,Omega Calma,2024-05-13 08:03,Dolor de rodills,Que los ingredientes son naturales,Que no llegara el pedido,Instagram,Recibí un e-mail,
Fernanda Demo,demo+0079@example.com,Ciudad Ejemplo,686.74,Magnesio Noche,2024-04-06 08:56,Bajar de peso despues del embarazo,Mi hermana los usa y le fue muy bien,que no funcione,Instagram,Alguien me habló de ti,
María Muestra,demo+0080@example.com,Pueblo Demo,2148.15,Inositol Balance,2024-03-12 14:46,Me duelen mucho las articulaciones,Porque sí,que tardara mucho el envío,Instagram,Alguien me habló de ti,
Diego Demo,demo+0081@example.com,Villa Prueba,3115.18,Magnesio Noche,2024-01-13 10:44,"Probar algo que si funcione, ya intente de todo.",Ya lo habia comprado antes,Que fuera puro marketing,Google,Recibí un e-mail,
María Demo,demo+0082@example.com,Pueblo Demo,2966.55,"Omega Calma, Colágeno Rosa",2024-06-23 22:15,bajar de peso despues del embarazo,Que los ingredientes son naturales,is this brand legit?,TikTok,Por mi propia cuenta,
Diego Muestra,demo+0083@example.com,Pueblo Demo,3952.35,Probiótico Diario,2024-03-02 09:15,Se me cae mucho el cabello,una companera de trabajo los toma,none,TikTok,Por mi propia cuenta,
Lucía Muestra,demo+0084@example.com,Ciudad Ejemplo,2234.61,Colágeno Rosa,2024-06-27 16:11,La verdad no se,sin quimicos,que no hiciera efecto,Instagram,Vi un anuncio,Instagram
Sofía Prueba,demo+0085@example.com,Villa Prueba,3489.26,"Inositol Balance, Probiótico Diario, Omega Calma",2024-04-27 14:07,cansancio todo el tiempo,Por las resenas,Que fuera puro marketing.,Otro,Me acordé de ustedes,
Luis Ficticio,demo+0086@example.com,Pueblo Demo,2230.12,"Colágeno Rosa, Magnesio Noche",2024-01-21 17:40,tener más enegía en el día,Sigo a la nutrióloga en Instagram y la recomienda,,TikTok,Por mi propia cuenta,
Daniela Prueba,demo+0087@example.com,Pueblo Demo,1060.49,"Magnesio Noche, Inositol Balance",2024-03-05 19:53,Dolor de rodillas,No tiene azúcar ni cosas raras,that it wouldn't work,Otro,Alguien me habló de ti,
Fernanda Ejemplo,demo+0088@example.com,Ciudad Ejemplo,3133.36,Colágeno Rosa,2024-05-28 21:09,joint pain.,Tenian 20% de descuento,Gastar y no ver ningún resultado,Instagram,Por mi propia cuenta,
Daniela Muestra,demo+0089@example.com,Ciudad Ejemplo,3472.92,Probiótico Diario,2024-06-11 17:36,curiosidad,Es una marca mexicana.,que fuera una estafa,Instagram,Estaba buscando algo en Google,
Sofía Muestra,demo+0090@example.com,Villa Prueba,782.25,"Probiótico Diario, Colágeno Rosa",2024-02-17 16:45,Acné hormonal,es una marca mexicana,Soy alérgica a varias cosas.,Me lo recomendaron,Por mi propia cuenta,
Sofía Muestra,demo+0091@example.com,Pueblo Demo,3333.67,Magnesio Noche,2024-05-02 20:15,,,No se,TikTok,Recibí un e-mail,
Daniela Demo,demo+0092@example.com,Villa Prueba,3702.48,Magnesio Noche,2024-06-27 18:51,Tener mas energia en el dia,Clean ingredients,,Google,Por mi propia cuenta,
Valeria Ejemplo,demo+0093@example.com,Villa Prueba,2070.06,"Colágeno Rosa, Probiótico Diario, Omega Calma",2024-01-03 16:11,La verdad no sé,siempre les compro,"El precio, esta un poco caro",Google,Estaba buscando algo en Google,
Pablo Ficticio,demo+0094@example.com,Pueblo Demo,1232.45,Magnesio Noche,2024-03-17 14:19,Dolor de rodillas,Porqe si,Is this brand legit?,Me lo recomendaron,Por mi propia cuenta,
Daniela Muestra,demo+0095@example.com,Villa Prueba,2599.99,Probiótico Diario,2024-01-18 11:55,Bajar de peso despues del embarazo,Más barato que en la farmacia,Que saliera muy caro con el envio,Facebook,Me acordé de ustedes,
Sofía Ejemplo,demo+0096@example.com,Pueblo Demo,930.62,Colágeno Rosa,2024-06-15 20:28,dormir mejor,ya habia probado otros y no me sirvieron,Que no llegue a mi ciudad,Instagram,Me acordé de ustedes,
María Prueba,demo+0097@example.com,Pueblo Demo,2453.97,Probiótico Diario,2024-03-08 08:13,,El empaque está muy bonito,Que fuera fraude,Instagram,Por mi propia cuenta,
Lucía Demo,demo+0098@example.com,Villa Prueba,1593.15,Inositol Balance,2024-03-11 08:41,Se me cae mucho el cabello,Es mi egunda vez,Que no me gustara el sabor,Instagram,Por mi propia cuenta,
Jorge Demo,demo+0099@example.com,Pueblo Demo,3483.97,"Magnesio Noche, Proteína Vainilla, Inositol Balance",2024-06-20 18:14,Cansancio todo el tiempo,Vi muchos testimonios,que no funcionaran,Facebook,Por mi propia cuenta,
Ana Muestra,demo+0100@example.com,Ciudad Ejemplo,820.56,Proteína Vainilla,2024-02-09 19:47,Dormir mejor,Está respaldado por ciencia,,TikTok,Por mi propia cuenta,
Lucía Ficticio,demo+0101@example.com,Villa Prueba,3676.63,Inositol Balance,2024-05-13 21:58,la verdad no sé.,Mi hermana los usa y le fue muy bien,No conocía la marca,Instagram,Por mi propia cuenta,
Luis Prueba,demo+0102@example.com,Ciudad Ejemplo,2219.37,Inositol Balance,2024-03-22 22:13,Ninguno.,Sigo a la nutrióloga en Instagram y la recomienda.,Gastar y no ver ningun resultado.,TikTok,Por mi propia cuenta,
Valeria Ficticio,demo+0103@example.com,Pueblo Demo,4121.65,Proteína Vainilla,2024-02-07 08:02,joint pain.,,,Otro,Estaba buscando algo en Google,
Jorge Ficticio,demo+0104@example.com,Ciudad Ejemplo,1039.08,Probiótico Diario,2024-06-18 11:33,resistencia a la insulina,Sigo a la nutriologa en Instagram y la recomienda,,Facebook,Estaba buscando algo en Google,
Carlos Demo,demo+0105@example.com,Pueblo Demo,2999.36,"Proteína Vainilla, Magnesio Noche, Probiótico Diario",2024-06-14 16:25,Mejorar mi salud en general,,Que no hiciera efecto,Otro,Alguien me habló de ti,
Lucía Demo,demo+0106@example.com,Ciudad Ejemplo,3595.77,Probiótico Diario,2024-01-13 18:43,Se me cae mucho el cabello,Por la comunidad que tienen,El tiempo de entrea,TikTok,Recibí un e-mail,
Carlos Prueba,demo+0107@example.com,Pueblo Demo,3652.17,"Proteína Vainilla, Probiótico Diario",2024-04-19 15:09,,Una compañera de trabajo los toma,que no me llegara,Instagram,Por mi propia cuenta,
Diego Demo,demo+0108@example.com,Pueblo Demo,942.3,"Omega Calma, Colágeno Rosa",2024-03-12 17:28,Controlar la ansiedad,ya lo habia comprado antes,Que fuera una estafa.,Me lo recomendaron,Por mi propia cuenta,
Jorge Prueba,demo+0109@example.com,Pueblo Demo,1334.14,"Omega Calma, Colágeno Rosa",2024-05-21 23:54,,,que no funcionaran,TikTok,Por mi propia cuenta,
Diego Ficticio,demo+0110@example.com,Villa Prueba,2688.64,"Magnesio Noche, Inositol Balance",2024-04-28 12:59,la verdad no sé,,Que no llegue a mi iudad,Me lo recomendaron,Recibí un e-mail,
Pablo Ficticio,demo+0111@example.com,Pueblo Demo,4180.48,Colágeno Rosa,2024-04-13 23:08,Quiero ver resultados reales esta vez.,siempre les compro.,,Instagram,Alguien me habló de ti,
Daniela Ficticio,demo+0112@example.com,Ciudad Ejemplo,3522.37,Probiótico Diario,2024-03-16 09:35,"Mejorar mi digestión, vivo inflamada",Porque si funcionan,ninuna,Instagram,Por mi propia cuenta,
Diego Muestra,demo+0113@example.com,Pueblo Demo,1524.12,Colágeno Rosa,2024-02-18 19:59,"Mejorar mi digestión, vivo inflamada",esta respaldado por ciencia,,Instagram,Me acordé de ustedes,
Sofía Ejemplo,demo+0114@example.com,Villa Prueba,2701.3,"Probiótico Diario, Omega Calma, Inositol Balance",2024-02-02 13:27,"mejorar mi digestión, vivo inflamada",A mi prima le dio resultado,Nada,Instagram,Por mi propia cuenta,
Ana Ficticio,demo+0115@example.com,Ciudad Ejemplo,2886.69,"Probiótico Diario, Omega Calma",2024-06-14 12:55,,me dio confianza que fuera organico,Gastar y no ver ningun resultado,Otro,Por mi propia cuenta,
Ana Prueba,demo+0116@example.com,Pueblo Demo,950.54,"Inositol Balance, Proteína Vainilla",2024-06-03 14:29,se me cae mucho el cabello,Me urgía,Que me cayera mal,Facebook,Por mi propia cuenta,
Fernanda Prueba,demo+0117@example.com,Ciudad Ejemplo,2578.33,"Colágeno Rosa, Proteína Vainilla",2024-05-04 08:22,Controlar la ansiedad,Está respaldado por ciencia,,Instagram,Por mi propia cuenta,
Ana Demo,demo+0118@example.com,Ciudad Ejemplo,2326.45,Omega Calma,2024-06-23 12:26,Colitis,,,TikTok,Alguien me habló de ti,
Carlos Ejemplo,demo+0119@example.com,Pueblo Demo,711.95,Colágeno Rosa,2024-02-16 16:34,Acne hormonal,Una compañera de trabajo los toma,Que no funcione,TikTok,Por mi propia cuenta,
María Ejemplo,demo+0120@example.com,Pueblo Demo,4192.91,"Omega Calma, Proteína Vainilla, Colágeno Rosa",2024-03-19 11:05,Acnéhormonal,,Que no me sirva como a los demás,Facebook,Me acordé de ustedes,
María Demo,demo+0121@example.com,Pueblo Demo,3970.19,"Omega Calma, Colágeno Rosa, Proteína Vainilla",2024-02-05 13:09,me duelen mucho las articulaciones,Siepre les compro,comprar en una página que no conozco,Instagram,Estaba buscando algo en Google,
Lucía Ficticio,demo+0122@example.com,Ciudad Ejemplo,1348.33,"Colágeno Rosa, Omega Calma",2024-06-19 13:27,Controlar la ansiedad,,Nada,Me lo recomendaron,Recibí un e-mail,
Pablo Demo,demo+0123@example.com,Pueblo Demo,2904.91,"Probiótico Diario, Magnesio Noche, Omega Calma",2024-04-03 15:41,"probar ago que sí funcione, ya intenté de todo",Por la comunidad que tienen,"el precio, esta un poco caro",Me lo recomendaron,Vi un anuncio,Facebook
Luis Ejemplo,demo+0124@example.com,Villa Prueba,2764.52,"Inositol Balance, Omega Calma, Magnesio Noche",2024-03-05 19:10,nada en especial,es una marca mexicana,Is this brand legit?.,Google,Me acordé de ustedes,
Diego Ejemplo,demo+0125@example.com,Pueblo Demo,2915.29,Proteína Vainilla,2024-05-11 22:17,Mejorar mi salud en general.,El precio,Nada.,Instagram,Estaba buscando algo en Google,
Carlos Ejemplo,demo+0126@example.com,Ciudad Ejemplo,2612.06,Omega Calma,2024-02-24 16:40,Tengo SOP y quiero regular mi ciclo,Mi hermana los usa y le fue muy bien,ninuna,TikTok,Por mi propia cuenta,
Carlos Demo,demo+0127@example.com,Villa Prueba,1495.88,"Magnesio Noche, Inositol Balance, Probiótico Diario",2024-03-16 14:39,Bajar de peso despues del embarazo,Clean ingredients,que no funcionaran,Instagram,Por mi propia cuenta,
Pablo Ficticio,demo+0128@example.com,Villa Prueba,3472.28,Magnesio Noche,2024-04-25 08:02,Controlar la ansiedad,,none,Instagram,Por mi propia cuenta,
Pablo Demo,demo+0129@example.com,Pueblo Demo,1868.82,"Omega Calma, Probiótico Diario",2024-04-26 18:22,"Mejorar mi digestión, vivo inflamada",,que fuera puro marketing,Me lo recomendaron,Por mi propia cuenta,
Pablo Prueba,demo+0130@example.com,Villa Prueba,3385.62,Inositol Balance,2024-02-22 15:32,Dolor de rodillas,,Ninguno 😊,Me lo recomendaron,Vi un anuncio,TikTok
Carlos Demo,demo+0131@example.com,Pueblo Demo,2952.64,Magnesio Noche,2024-01-23 10:07,Tengo SOP y quiero regular mi ciclo,me ayudó muchísimo con la inflamación,Comprar en una página que no conozco,Facebook,Por mi propia cuenta,
Daniela Muestra,demo+0132@example.com,Villa Prueba,467.39,Colágeno Rosa,2024-05-09 21:23,,El precio,No sé,Me lo recomendaron,Por mi propia cuenta,
Fernanda Muestra,demo+0133@example.com,Pueblo Demo,1084.34,Colágeno Rosa,2024-04-06 17:48,tengo sop y quiero regular mi ciclo,Ya había probado otros y no me sirvieron,Que no me sirva como a los demás,Me lo recomendaron,Me acordé de ustedes,
Lucía Ejemplo,demo+0134@example.com,Villa Prueba,2784.08,"Magnesio Noche, Colágeno Rosa",2024-01-24 13:44,nada en especial,Porque sí funcionan,Que no hiciera efecto,Otro,Por mi propia cuenta,
Carlos Muestra,demo+0135@example.com,Pueblo Demo,3331.5,"Inositol Balance, Omega Calma, Probiótico Diario",2024-02-01 11:13,Tengo SOP y quiero regular mi ciclo,,Que fuera fraude,Facebook,Recibí un e-mail,
Ana Ejemplo,demo+0136@example.com,Ciudad Ejemplo,3837.31,"Colágeno Rosa, Probiótico Diario, Inositol Balance",2024-02-15 22:36,I want to sleep better,A mi prima le dio resultado,,Me lo recomendaron,Por mi propia cuenta,
Pablo Ejemplo,demo+0137@example.com,Ciudad Ejemplo,368.86,Probiótico Diario,2024-06-24 09:15,,Ya lo había comprado antes,Que no hiciera efecto,Instagram,Alguien me habló de ti,
Luis Demo,demo+0138@example.com,Ciudad Ejemplo,901.52,Proteína Vainilla,2024-05-11 11:32,ninguno,me ayudo muchisimo con la inflamacion,that it wouldn't work,Instagram,Vi un anuncio,Facebook
Lucía Ficticio,demo+0139@example.com,Ciudad Ejemplo,2708.82,Proteína Vainilla,2024-05-12 11:05,Quiero ver resultados reales esta vez,ya había probado otros y no me sirvieron.,Dar mis datos de tarjeta en una tienda nueva,Instagram,Alguien me habló de ti,
Luis Demo,demo+0140@example.com,Ciudad Ejemplo,3109.18,Probiótico Diario,2024-06-05 21:51,Controlar la ansiedad,por las resenas,comprar en una agina que no conozco,Me lo recomendaron,Por mi propia cuenta,
Valeria Demo,demo+0141@example.com,Ciudad Ejemplo,3775.8,Proteína Vainilla,2024-02-04 09:52,Se me cae mucho el cabello,Me ayudo muchisimo con la inflamacion,Is this band legit?,Me lo recomendaron,Por mi propia cuenta,
María Muestra,demo+0142@example.com,Pueblo Demo,2714.94,Probiótico Diario,2024-06-10 20:15,es un regalo para mi mamá,Porue sí funcionan,que no funcione,TikTok,Por mi propia cuenta,
Fernanda Ejemplo,demo+0143@example.com,Ciudad Ejemplo,1331.51,"Omega Calma, Inositol Balance, Probiótico Diario",2024-06-04 22:21,mejorar mi salud en general,me lo recomendó una amiga.,gastar y no ver ningun resultado.,Me lo recomendaron,Vi un anuncio,Instagram
Sofía Demo,demo+0144@example.com,Ciudad Ejemplo,1489.16,"Inositol Balance, Magnesio Noche",2024-03-18 13:08,Colitis.,por la comunidad que tienen,"El precio, está un poc caro",Instagram,Por mi propia cuenta,
Carlos Demo,demo+0145@example.com,Pueblo Demo,2037.63,Colágeno Rosa,2024-04-18 23:05,Dormir mejor.,Una compañera de trabajo los toma.,Que fuera una estafa,Instagram,Alguien me habló de ti,
Sofía Demo,demo+0146@example.com,Ciudad Ejemplo,2187.8,"Omega Calma, Inositol Balance, Colágeno Rosa",2024-04-21 18:06,Colitis,Me ayudó muchísmo con la inflamación,nada,Facebook,Alguien me habló de ti,
Valeria Ejemplo,demo+0147@example.com,Villa Prueba,1223.53,"Probiótico Diario, Colágeno Rosa, Omega Calma",2024-02-28 09:18,Meduelen mucho las articulaciones,Me dio confianza que fuera organico,que mi esposo se enojara jaja,Facebook,Por mi propia cuenta,
Valeria Demo,demo+0148@example.com,Pueblo Demo,1033.41,"Probiótico Diario, Colágeno Rosa, Magnesio Noche",2024-02-08 08:09,I want to sleep better,por la comunidad que tienen,que no me sirva como a los demás,Instagram,Me acordé de ustedes,
Sofía Ejemplo,demo+0149@example.com,Villa Prueba,1385.4,"Colágeno Rosa, Probiótico Diario, Omega Calma",2024-01-01 17:04,Es un regalo para mi mamá,Porque sí funcionan,dar mis datos de tarjeta en una tienda nueva,Instagram,Vi un anuncio,Instagram
Sofía Ficticio,demo+0150@example.com,Pueblo Demo,4031.76,"Probiótico Diario, Colágeno Rosa",2024-06-24 09:39,se me cae mucho el cabello,A mi prima le dio resultado,,Otro,Me acordé de ustedes,
Diego Ejemplo,demo+0151@example.com,Villa Prueba,1245.11,"Omega Calma, Probiótico Diario",2024-03-05 15:40,Dolor de rodillas,Mi hermana los usa y le fue muy bien,Que no llegara el pedido,TikTok,Por mi propia cuenta,
Jorge Ejemplo,demo+0152@example.com,Villa Prueba,1307.0,Magnesio Noche,2024-03-21 16:10,dolor de rodillas,que los ingredientes son naturales,que me cayera mal,Instagram,Por mi propia cuenta,
Jorge Prueba,demo+0153@example.com,Pueblo Demo,1473.31,"Magnesio Noche, Probiótico Diario, Colágeno Rosa",2024-01-09 13:16,,Mas barato que en la farmacia,Dar mis datos de tarjeta en una tienda nueva,Instagram,Por mi propia cuenta,
Carlos Demo,demo+0154@example.com,Pueblo Demo,712.71,Inositol Balance,2024-06-15 22:50,cansancio todo el tiempo,,Gastar yno ver ningún resultado,TikTok,Por mi propia cuenta,
Carlos Ejemplo,demo+0155@example.com,Villa Prueba,3113.82,"Proteína Vainilla, Inositol Balance, Probiótico Diario",2024-02-10 16:08,Se me cae mucho el cabello,Vi muchos testimoios.,That it wouldn't work,Me lo recomendaron,Me acordé de ustedes,
Valeria Ficticio,demo+0156@example.com,Villa Prueba,1546.46,Colágeno Rosa,2024-06-03 20:27,Acné hormonal,ya había probado otros y no me sirvieron,Que no hiciera efecto,Instagram,Alguien me habló de ti,
Valeria Ficticio,demo+0157@example.com,Villa Prueba,679.95,"Probiótico Diario, Colágeno Rosa, Proteína Vainilla",2024-01-10 12:33,Dormir mejor,es mi segunda vez,,Instagram,Alguien me habló de ti,
Pablo Ficticio,demo+0158@example.com,Pueblo Demo,1221.92,Proteína Vainilla,2024-03-25 22:25,"Mejorar mi digestión, vivo inflamada",Ya lo habia comprado antes,Que tardara mucho el envío,Instagram,Por mi propia cuenta,
Sofía Muestra,demo+0159@example.com,Pueblo Demo,390.1,"Proteína Vainilla, Colágeno Rosa",2024-01-11 15:54,nada en especial,Sin químicos,Que me cayera mal,Instagram,Vi un anuncio,Instagram
Carlos Ejemplo,demo+0160@example.com,Ciudad Ejemplo,2425.62,"Probiótico Diario, Colágeno Rosa",2024-03-28 13:54,Dolor de rodillas,Una compañera de trabajo los toma.,que me cayera mal.,Instagram,Me acordé de ustedes,
Diego Prueba,demo+0161@example.com,Pueblo Demo,4023.15,"Probiótico Diario, Proteína Vainilla",2024-04-11 19:46,colitis,Se nota la diferencia,soy alérgica a varis cosas,Me lo recomendaron,Por mi propia cuenta,
María Ficticio,demo+0162@example.com,Ciudad Ejemplo,1057.67,"Proteína Vainilla, Magnesio Noche",2024-01-08 09:14,La verdad no sé,Mi hermana los usa y le fue muy bien,,Google,Vi un anuncio,Instagram
Jorge Ejemplo,demo+0163@example.com,Ciudad Ejemplo,417.56,Proteína Vainilla,2024-03-02 09:13,Ninguno,Siempre les compro,que fuera fraude,Facebook,Por mi propia cuenta,
Carlos Ejemplo,demo+0164@example.com,Villa Prueba,3514.37,Proteína Vainilla,2024-02-28 14:37,I want to sleep better,que los ingredientes son naturales.,que fuera puro marketing,TikTok,Estaba buscando algo en Google,
Sofía Ejemplo,demo+0165@example.com,Pueblo Demo,1722.71,"Magnesio Noche, Probiótico Diario, Inositol Balance",2024-06-07 22:05,bajar de peso despues del embarazo,ya había probado otros y no me sirvieron,that it wouldn't work.,Instagram,Vi un anuncio,Facebook
Lucía Ejemplo,demo+0166@example.com,Pueblo Demo,3677.71,Colágeno Rosa,2024-06-16 19:32,Curiosidad,Sin quimicos,ninguna,Instagram,Por mi propia cuenta,
Ana Muestra,demo+0167@example.com,Pueblo Demo,3455.23,"Omega Calma, Magnesio Noche, Proteína Vainilla",2024-05-01 19:35,la verdad no sé,Es una marca mexicana,Gastar y no ver ningun resultado,Instagram,Por mi propia cuenta,
Pablo Ejemplo,demo+0168@example.com,Ciudad Ejemplo,1547.83,Colágeno Rosa,2024-04-09 11:46,Ninguno,Una companera de trabajo los toma,Nada.,Instagram,Por mi propia cuenta,
Pablo Ejemplo,demo+0169@example.com,Ciudad Ejemplo,2133.95,Inositol Balance,2024-02-20 19:43,Bajar de peso despues del embarazo,me urgía,Ninguno,Me lo recomendaron,Recibí un e-mail,
Ana Ficticio,demo+0170@example.com,Pueblo Demo,3743.29,"Probiótico Diario, Omega Calma",2024-05-05 09:58,Cansancio todo eltiempo,Me gusta apoyar negocios locales,Que mi esposo se enojara jaja,Instagram,Recibí un e-mail,
Lucía Muestra,demo+0171@example.com,Ciudad Ejemplo,4164.51,"Magnesio Noche, Proteína Vainilla",2024-03-26 18:10,Tener más energía en el día,,Que fuera puro marketing,Instagram,Alguien me habló de ti,
Luis Ficticio,demo+0172@example.com,Pueblo Demo,3724.57,"Omega Calma, Magnesio Noche, Colágeno Rosa",2024-06-15 19:06,,Por las reseñas,No sé,TikTok,Por mi propia cuenta,
Lucía Ficticio,demo+0173@example.com,Ciudad Ejemplo,528.37,Probiótico Diario,2024-03-02 12:22,Ace hormonal,El empaque esta muy bonito,ninguno 😊,Instagram,Me acordé de ustedes,
Valeria Ejemplo,demo+0174@example.com,Ciudad Ejemplo,3839.63,Omega Calma,2024-02-09 16:58,,Porque sí,Que no llegar el pedido,Instagram,Me acordé de ustedes,
Jorge Ejemplo,demo+0175@example.com,Pueblo Demo,967.92,Proteína Vainilla,2024-03-13 13:58,Cansancio todo el tiempo.,Mi hermana los usa y le fue muy bien,Comprar en unapágina que no conozco,Me lo recomendaron,Estaba buscando algo en Google,
Fernanda Prueba,demo+0176@example.com,Villa Prueba,3345.2,"Omega Calma, Inositol Balance",2024-05-28 13:23,cntrolar la ansiedad,clean ingredients,Que me cayera al.,Instagram,Por mi propia cuenta,
Daniela Demo,demo+0177@example.com,Villa Prueba,1950.61,Colágeno Rosa,2024-05-07 13:57,Bajar de peso despues del embarazo,Me lo recomendo una amiga,Qu no me sirva como a los demás.,Otro,Vi un anuncio,Facebook
María Prueba,demo+0178@example.com,Villa Prueba,1757.07,Magnesio Noche,2024-03-09 12:10,Bajar de peso despues del embarazo,porque sí funcionan.,,Google,Por mi propia cuenta,
Luis Ficticio,demo+0179@example.com,Villa Prueba,1841.97,"Omega Calma, Colágeno Rosa",2024-02-22 09:28,dolor de rodillas.,Sin quimicos.,Nada,Me lo recomendaron,Por mi propia cuenta,
Ana Ficticio,demo+0180@example.com,Ciudad Ejemplo,4160.88,Probiótico Diario,2024-01-10 09:21,,estaba en promoción,que fuera puro marketing,Instagram,Vi un anuncio,YouTube
Valeria Ejemplo,demo+0181@example.com,Pueblo Demo,2896.5,"Inositol Balance, Colágeno Rosa",2024-04-14 21:04,Me duelen mucho las articulaciones.,Sin químics,Que tadara mucho el envio,Me lo recomendaron,Estaba buscando algo en Google,
Ana Demo,demo+0182@example.com,Ciudad Ejemplo,3436.79,Colágeno Rosa,2024-02-19 16:22,"Probar algo que sí funcione, ya intenté de todo",,,TikTok,Alguien me habló de ti,
Lucía Ejemplo,demo+0183@example.com,Villa Prueba,3707.41,Colágeno Rosa,2024-04-03 15:00,Ninguno,Me gusta apoyar negocios locales,que no llegue a mi ciudad,Otro,Vi un anuncio,Facebook
María Muestra,demo+0184@example.com,Ciudad Ejemplo,1962.31,Colágeno Rosa,2024-05-10 16:07,colitis,por la comunidad que tienen,ninguna.,TikTok,Alguien me habló de ti,
Diego Prueba,demo+0185@example.com,Villa Prueba,1760.83,Magnesio Noche,2024-05-02 18:23,controlar la ansiedad,tenia 20% de descuento,que saliera muy caro con el envio,TikTok,Por mi propia cuenta,
Ana Ejemplo,demo+0186@example.com,Pueblo Demo,491.3,Colágeno Rosa,2024-04-14 14:09,Bajar de peso despues del embarazo,Porque sí.,que no me llegara,Me lo recomendaron,Por mi propia cuenta,
Luis Ejemplo,demo+0187@example.com,Villa Prueba,3643.04,Inositol Balance,2024-04-19 18:07,,Me ayudo muchisimo con la inflamacion,que me cayera mal,Google,Por mi propia cuenta,
Daniela Ejemplo,demo+0188@example.com,Pueblo Demo,2789.66,"Magnesio Noche, Omega Calma",2024-06-16 22:00,,Sigo a la nutrióloga en Instagram y la recomienda,Gastar y no ver ningún resultado,Instagram,Recibí un e-mail,
Pablo Demo,demo+0189@example.com,Ciudad Ejemplo,709.99,Inositol Balance,2024-03-01 21:26,Colitis,Una companera de trabajo los toma,que no funcionaran,TikTok,Me acordé de ustedes,
Valeria Ejemplo,demo+0190@example.com,Pueblo Demo,2944.88,Magnesio Noche,2024-02-14 08:57,dormir mejor,Sin químicos,,Instagram,Estaba buscando algo en Google,
Lucía Ficticio,demo+0191@example.com,Villa Prueba,512.38,"Inositol Balance, Proteína Vainilla, Probiótico Diario",2024-01-21 13:44,Quiero ver resultados reales esta vez,se nota la diferencia,Que mi esposo se enojara jaja,Instagram,Alguien me habló de ti,
Fernanda Ficticio,demo+0192@example.com,Villa Prueba,4083.71,Probiótico Diario,2024-01-03 09:37,La verdad no se.,Clean ingredients,"El precio, esta un poco caro",Instagram,Recibí un e-mail,
Ana Muestra,demo+0193@example.com,Villa Prueba,815.12,Probiótico Diario,2024-03-22 16:19,Ninguno,Es mi segunda vez,No conocía la marca,Facebook,Recibí un e-mail,
Sofía Prueba,demo+0194@example.com,Pueblo Demo,3217.68,Inositol Balance,2024-06-10 20:02,Colitis,es mi segunda vez,El tiempo de entrega,Instagram,Recibí un e-mail,
Lucía Ejemplo,demo+0195@example.com,Pueblo Demo,2548.68,Magnesio Noche,2024-03-12 11:30,Me duelen mucho las articulaciones,Clean ingredients.,Que saliera muy caro con el envío,Instagram,Por mi propia cuenta,
Diego Ejemplo,demo+0196@example.com,Villa Prueba,3802.94,"Inositol Balance, Omega Calma",2024-04-09 12:06,Me duelen mucho las articulaciones,No tiene azúcar ni cosas raras,Que saliera muy caro con el envío,Instagram,Por mi propia cuenta,
Luis Ejemplo,demo+0197@example.com,Villa Prueba,1531.98,"Proteína Vainilla, Colágeno Rosa",2024-01-27 09:12,Tener más energa en el día,por la comunidad que tienen.,,TikTok,Alguien me habló de ti,
Sofía Ejemplo,demo+0198@example.com,Pueblo Demo,491.17,"Omega Calma, Proteína Vainilla, Probiótico Diario",2024-02-10 21:04,"Probar algo que sí funcione, ya intenté de todo",siempre les compro,que mi esposo se enojara jaja,Otro,Por mi propia cuenta,
Lucía Ficticio,demo+0199@example.com,Villa Prueba,957.57,Omega Calma,2024-02-28 17:27,Me duelen mucho las articulaciones.,estaba en promocion,que no hiciera efecto.,Otro,Por mi propia cuenta,
Pablo Prueba,demo+0200@example.com,Villa Prueba,1041.78,"Probiótico Diario, Proteína Vainilla, Omega Calma",2024-01-04 22:19,bajar de peso despues del embarazo,Siempre les compro,Que no me sirva como a los demas,Me lo recomendaron,Por mi propia cuenta,
María Prueba,demo+0201@example.com,Ciudad Ejemplo,822.78,Omega Calma,2024-01-02 22:42,i want to sleep better,El precio,,Me lo recomendaron,Vi un anuncio,Facebook
Jorge Ejemplo,demo+0202@example.com,Villa Prueba,2342.99,Magnesio Noche,2024-04-15 16:37,Quiero ver resultados reales esta vez,que los ingredientes son naturales,Que fuera puro marketing.,Instagram,Me acordé de ustedes,
Lucía Muestra,demo+0203@example.com,Ciudad Ejemplo,712.37,"Magnesio Noche, Inositol Balance, Probiótico Diario",2024-01-11 17:46,Tener más energía en el día,me urgía,gastar y no ver ningún resultado,Instagram,Me acordé de ustedes,
Pablo Demo,demo+0204@example.com,Pueblo Demo,2893.55,Inositol Balance,2024-04-21 21:02,Curiosidad,Se nota la diferencia,Que se perdiera el paquete,Facebook,Vi un anuncio,TikTok
Valeria Prueba,demo+0205@example.com,Pueblo Demo,2179.93,"Proteína Vainilla, Magnesio Noche",2024-02-28 13:10,,se nota la diferencia,Que saliera muy caro con el envío.,Google,Recibí un e-mail,
Sofía Ficticio,demo+0206@example.com,Pueblo Demo,398.65,"Colágeno Rosa, Probiótico Diario, Inositol Balance",2024-04-09 15:01,joint pain,me lo recomendó una amia,Que saliera muy caro con el envío,Instagram,Por mi propia cuenta,
Sofía Demo,demo+0207@example.com,Villa Prueba,4137.54,"Proteína Vainilla, Omega Calma",2024-02-26 17:36,colitis,Vi muchos testimonios,que no funcione.,TikTok,Vi un anuncio,Instagram
Sofía Ficticio,demo+0208@example.com,Villa Prueba,1637.2,"Probiótico Diario, Omega Calma",2024-04-26 09:40,quiero ver resultados reales esa vez,Porque sí funcionan,qu fuera puro marketing,Me lo recomendaron,Estaba buscando algo en Google,
Sofía Ejemplo,demo+0209@example.com,Pueblo Demo,4148.86,Colágeno Rosa,2024-01-28 21:54,Coliis,Por las reseñas.,Que no llegue a mi ciudad.,Google,Estaba buscando algo en Google,
Carlos Demo,demo+0210@example.com,Villa Prueba,3732.2,"Probiótico Diario, Colágeno Rosa",2024-04-08 19:36,Dolor de rodillas,Porque sí funcionan,ninguna,Instagram,Por mi propia cuenta,
Pablo Demo,demo+0211@example.com,Ciudad Ejemplo,468.92,Magnesio Noche,2024-02-24 20:53,se me cae mucho el cabello,,Que saliera muy caro con el envio,Instagram,Por mi propia cuenta,
Jorge Prueba,demo+0212@example.com,Pueblo Demo,551.8,Inositol Balance,2024-01-13 10:20,"Mejorar mi digestión, vivo inflamada.",Sigo a la nutrióloga en Instagram y la recomienda.,Que no funcione,Instagram,Me acordé de ustedes,
Jorge Prueba,demo+0213@example.com,Ciudad Ejemplo,3895.75,"Probiótico Diario, Omega Calma",2024-06-05 22:17,Dormir mejor,El precio.,Soy alérgica a varias cosas,Instagram,Recibí un e-mail,
María Ejemplo,demo+0214@example.com,Ciudad Ejemplo,3940.94,Colágeno Rosa,2024-06-13 10:08,joint pain,Mi hermana los usa y le fue muy bien,gastar y no ver ningun resultado,Instagram,Recibí un e-mail,
Fernanda Prueba,demo+0215@example.com,Pueblo Demo,2746.65,Colágeno Rosa,2024-04-03 22:55,Mejorar mi salud en general,Porque sí,Is this brand legit?,Me lo recomendaron,Por mi propia cuenta,
Fernanda Ficticio,demo+0216@example.com,Pueblo Demo,3862.04,"Proteína Vainilla, Probiótico Diario, Inositol Balance",2024-02-09 08:26,"Probar algo que sí funcione, ya intenté de todo",Siempre les compro,,TikTok,Estaba buscando algo en Google,
Carlos Ficticio,demo+0217@example.com,Ciudad Ejemplo,1946.53,"Probiótico Diario, Omega Calma, Magnesio Noche",2024-04-04 15:04,I want to sleep better,Por la comunidad que tienen,,Me lo recomendaron,Me acordé de ustedes,
Lucía Demo,demo+0218@example.com,Ciudad Ejemplo,566.79,"Colágeno Rosa, Inositol Balance",2024-02-16 17:28,resistencia a la insulina,me urgia,Que fuera puro marketing,Instagram,Estaba buscando algo en Google,
Carlos Ejemplo,demo+0219@example.com,Pueblo Demo,1048.54,"Probiótico Diario, Magnesio Noche, Inositol Balance",2024-05-23 20:48,Colitis,Mi hermana los usa y le fue muy bien,que no me sirva como a los demás,Me lo recomendaron,Me acordé de ustedes,
Valeria Ficticio,demo+0220@example.com,Ciudad Ejemplo,4148.12,Proteína Vainilla,2024-01-19 20:40,Me duelen mucho las articulaciones,Una companera de trabajo los toma,que no funcionaran,Me lo recomendaron,Vi un anuncio,Facebook
Sofía Prueba,demo+0221@example.com,Pueblo Demo,1670.43,Magnesio Noche,2024-03-24 14:36,Controlar la ansiedad.,Ya había probado otros y no me sirvieron,Efectos secndarios,Instagram,Alguien me habló de ti,
Diego Prueba,demo+0222@example.com,Pueblo Demo,441.95,"Magnesio Noche, Colágeno Rosa",2024-05-09 12:13,se me cae mucho el cabello,Me lo recomendo una amiga,Que tardara mucho el envio,Instagram,Por mi propia cuenta,
Sofía Muestra,demo+0223@example.com,Ciudad Ejemplo,853.36,"Magnesio Noche, Omega Calma, Probiótico Diario",2024-06-02 14:42,Cansancio todo el tiempo.,,No conocía la marca,Instagram,Por mi propia cuenta,
Daniela Prueba,demo+0224@example.com,Pueblo Demo,654.16,"Magnesio Noche, Omega Calma, Inositol Balance",2024-03-01 23:57,Bajar de peso despues del embarazo,Sigo a la nutriologa en Instagram y la recomienda,El tiempo de entrega,Me lo recomendaron,Alguien me habló de ti,
Carlos Muestra,demo+0225@example.com,Ciudad Ejemplo,1072.08,Colágeno Rosa,2024-02-28 19:43,resistencia a la insulina,Me dio confianza que fuera orgánico,,Google,Por mi propia cuenta,
Ana Prueba,demo+0226@example.com,Ciudad Ejemplo,2126.03,Probiótico Diario,2024-02-08 12:01,Tener mas eneria en el dia,Porque sí funcionan,que no funcionaran,Instagram,Recibí un e-mail,
Diego Prueba,demo+0227@example.com,Pueblo Demo,677.27,Omega Calma,2024-06-12 11:56,dormir mejor.,me dio confianza que fuera organico,"El precio, está un poco caro",Me lo recomendaron,Vi un anuncio,Facebook
María Demo,demo+0228@example.com,Pueblo Demo,2488.99,Magnesio Noche,2024-01-24 14:28,Se me cae mucho el cabello,Ya había probado otros y no me sirvieron,que no llegue a mi ciudad,Instagram,Por mi propia cuenta,
Carlos Muestra,demo+0229@example.com,Ciudad Ejemplo,2046.3,"Probiótico Diario, Colágeno Rosa",2024-04-16 22:11,acné hormonal.,el precio,que saliera muy caro con el envío,Facebook,Por mi propia cuenta,
Valeria Muestra,demo+0230@example.com,Villa Prueba,3103.41,"Inositol Balance, Colágeno Rosa, Omega Calma",2024-06-07 10:46,Cansancio todo el tiempo,Me dio confianza que fuera organico,el tiempo de entrega,TikTok,Me acordé de ustedes,
Pablo Demo,demo+0231@example.com,Pueblo Demo,3707.43,Colágeno Rosa,2024-03-14 13:40,"Probar algo que si funcione, ya intente de todo",Me urgia,That it wouldn't work,Instagram,Por mi propia cuenta,
Valeria Ejemplo,demo+0232@example.com,Pueblo Demo,3501.73,"Omega Calma, Probiótico Diario",2024-04-05 19:57,,A mi prima le dio resultado,Gastar y no ver ningún resultado,Instagram,Vi un anuncio,YouTube
Jorge Prueba,demo+0233@example.com,Ciudad Ejemplo,2943.62,"Inositol Balance, Colágeno Rosa, Magnesio Noche",2024-01-07 11:52,Acné hormonal,Sinquímicos.,"El precio, está un poco caro",Otro,Alguien me habló de ti,
Valeria Ficticio,demo+0234@example.com,Ciudad Ejemplo,3617.04,"Magnesio Noche, Colágeno Rosa",2024-04-21 19:50,Bajar de peso despues del embarazo,vi muchos tesimonios,Que fuera puro marketing,Otro,Me acordé de ustedes,
Carlos Ejemplo,demo+0235@example.com,Villa Prueba,3715.57,Proteína Vainilla,2024-02-01 15:23,joint pain.,,que no hiciera efecto,Google,Estaba buscando algo en Google,
Jorge Ejemplo,demo+0236@example.com,Pueblo Demo,2847.86,"Magnesio Noche, Inositol Balance",2024-02-15 13:28,Mejorar mi salud en general,Me ayudó muchísimo con la inflamación,Ninguno 😊,Instagram,Alguien me habló de ti,
Ana Muestra,demo+0237@example.com,Ciudad Ejemplo,738.44,"Magnesio Noche, Probiótico Diario, Colágeno Rosa",2024-02-24 16:44,Mejorar mi digestión vivo inflamada,Ya había probado otros y no me sirvieron,Ninguo 😊.,TikTok,Vi un anuncio,Facebook
Diego Demo,demo+0238@example.com,Ciudad Ejemplo,3468.46,"Proteína Vainilla, Probiótico Diario",2024-02-14 10:08,"Mejorar mi digestión, vivo inflamada",,That it wouldn't work,Facebook,Por mi propia cuenta,
Jorge Muestra,demo+0239@example.com,Pueblo Demo,4078.41,"Colágeno Rosa, Inositol Balance",2024-06-11 17:35,Dolor de rodillas,Es mi segunda vez,Dar mis datos de tarjeta en una tienda nueva,Instagram,Estaba buscando algo en Google,
Lucía Ficticio,demo+0240@example.com,Ciudad Ejemplo,3875.29,"Colágeno Rosa, Probiótico Diario, Omega Calma",2024-03-08 16:41,I want to sleep better,"no sé, me llamó la atención.",que no me llegara,Instagram,Por mi propia cuenta,
Ana Demo,demo+0241@example.com,Villa Prueba,1961.31,"Proteína Vainilla, Magnesio Noche, Inositol Balance",2024-04-15 22:54,I want to sleep better,,Que me cayera mal,Instagram,Vi un anuncio,TikTok
Diego Muestra,demo+0242@example.com,Ciudad Ejemplo,3991.5,"Magnesio Noche, Probiótico Diario",2024-03-05 13:50,Resistencia a la insulina,No tiene azúcar ni cosas raras,,Otro,Por mi propia cuenta,
Jorge Prueba,demo+0243@example.com,Ciudad Ejemplo,2573.6,"Proteína Vainilla, Magnesio Noche, Colágeno Rosa",2024-03-14 08:18,Dolor de rodillas,sin quimicos,Que saliera muy caro con el envío,Instagram,Me acordé de ustedes,
Pablo Ficticio,demo+0244@example.com,Villa Prueba,3354.1,"Omega Calma, Proteína Vainilla",2024-05-19 14:05,Dolor de rodillas,Se nota la diferencia,E tiempo de entrega,Me lo recomendaron,Por mi propia cuenta,
Ana Demo,demo+0245@example.com,Pueblo Demo,1364.36,Proteína Vainilla,2024-01-15 14:59,,No tiene azucar ni cosas raras.,efectos secundarios,Me lo recomendaron,Vi un anuncio,Instagram
Jorge Ficticio,demo+0246@example.com,Ciudad Ejemplo,632.12,Probiótico Diario,2024-03-28 12:05,Cansancio todo el tiempo.,Porque sí,that it wouldn't work,Google,Me acordé de ustedes,
Fernanda Ficticio,demo+0247@example.com,Villa Prueba,2860.92,Inositol Balance,2024-02-12 18:04,,,que no me llegara,Instagram,Estaba buscando algo en Google,
Lucía Ejemplo,demo+0248@example.com,Ciudad Ejemplo,3259.35,"Omega Calma, Magnesio Noche",2024-02-12 14:34,Tengo SOP y quiero regular mi ciclo,,that it wouldn't work,Me lo recomendaron,Me acordé de ustedes,
Fernanda Prueba,demo+0249@example.com,Ciudad Ejemplo,3884.04,"Inositol Balance, Proteína Vainilla, Colágeno Rosa",2024-02-27 22:20,I wnt to sleep better,Ya lo había comprado antes,Que no funcione,TikTok,Estaba buscando algo en Google,
Diego Ejemplo,demo+0250@example.com,Ciudad Ejemplo,2992.16,Probiótico Diario,2024-05-14 13:33,Es un regalo para mi mama,"No se, me llamo la atencion",Que no funcione,TikTok,Recibí un e-mail,
Carlos Demo,demo+0251@example.com,Pueblo Demo,3188.21,Omega Calma,2024-05-13 10:05,,quelos ingredientes son naturales,Ninguno 😊,Instagram,Vi un anuncio,Instagram
Fernanda Ejemplo,demo+0252@example.com,Pueblo Demo,1367.1,"Colágeno Rosa, Magnesio Noche, Inositol Balance",2024-05-08 23:19,Colitis,,none,Instagram,Por mi propia cuenta,
Sofía Ficticio,demo+0253@example.com,Ciudad Ejemplo,3485.54,Magnesio Noche,2024-02-14 16:23,Controlar la ansiedad.,Una compañera de trabajo los toma.,Que no me gustara el sabor,TikTok,Por mi propia cuenta,
Luis Demo,demo+0254@example.com,Ciudad Ejemplo,3574.62,"Colágeno Rosa, Probiótico Diario",2024-02-15 19:07,"probar algo que si funcione, ya intente de todo",Por la comunidad que tienen,Is this brand legit?,Me lo recomendaron,Estaba buscando algo en Google,
Sofía Ejemplo,demo+0255@example.com,Ciudad Ejemplo,915.78,Omega Calma,2024-03-23 18:41,Es un regalo para mi mamá.,Porque si funcionan,que no me llegara,Otro,Alguien me habló de ti,
Jorge Demo,demo+0256@example.com,Pueblo Demo,3275.99,Inositol Balance,2024-05-13 22:58,quiero ver resultados reales esta vez,Por la comunidad que tienen,Que se perdiera el paquete,Instagram,Me acordé de ustedes,
Luis Demo,demo+0257@example.com,Ciudad Ejemplo,2041.46,"Omega Calma, Proteína Vainilla",2024-03-17 18:24,Resistencia a la insulina,Porque si funcionan,Que no hiciera efecto,Me lo recomendaron,Alguien me habló de ti,
Valeria Demo,demo+0258@example.com,Villa Prueba,4036.85,Probiótico Diario,2024-03-12 21:41,Colitis,El precio,ninguna,Facebook,Me acordé de ustedes,
Fernanda Prueba,demo+0259@example.com,Pueblo Demo,3629.98,"Inositol Balance, Colágeno Rosa, Probiótico Diario",2024-06-28 14:36,Acné hormonal.,Más barato que en la armacia,Que no me sirva como a los demás,Instagram,Por mi propia cuenta,
Jorge Prueba,demo+0260@example.com,Pueblo Demo,1448.46,Magnesio Noche,2024-04-03 15:24,Bajar de peso despues del embarazo,Me dio confianza que fuera organico,el tiempo de entrega.,Instagram,Alguien me habló de ti,
Luis Ejemplo,demo+0261@example.com,Ciudad Ejemplo,533.56,Probiótico Diario,2024-01-25 20:33,dolor de rodillas,Ya lo había comprado antes.,,Instagram,Vi un anuncio,YouTube
Valeria Prueba,demo+0262@example.com,Ciudad Ejemplo,2760.93,"Inositol Balance, Proteína Vainilla, Omega Calma",2024-01-07 14:44,tengo sop y quiero regular mi ciclo,"No sé, me llamó la atención",,Me lo recomendaron,Vi un anuncio,Facebook
Jorge Demo,demo+0263@example.com,Ciudad Ejemplo,738.45,Probiótico Diario,2024-01-03 11:18,"Probar algo que sí funcione, ya intenté de todo",Me gusta apoyar negocios locales,que no fucionaran,Instagram,Vi un anuncio,Facebook
Fernanda Demo,demo+0264@example.com,Pueblo Demo,790.56,Proteína Vainilla,2024-01-18 15:24,colitis,Me lo recomendo una amiga,Que fuera puro marketing,Instagram,Por mi propia cuenta,
Carlos Demo,demo+0265@example.com,Pueblo Demo,2813.81,"Omega Calma, Proteína Vainilla, Probiótico Diario",2024-04-01 19:18,,,que se perdiera el paquete,Me lo recomendaron,Recibí un e-mail,
María Demo,demo+0266@example.com,Pueblo Demo,467.98,"Proteína Vainilla, Colágeno Rosa, Probiótico Diario",2024-01-13 22:33,Dolor de rodillas.,Es mi segunda vez,Nada.,Me lo recomendaron,Estaba buscando algo en Google,
Daniela Ficticio,demo+0267@example.com,Ciudad Ejemplo,2691.9,"Inositol Balance, Magnesio Noche",2024-02-15 09:57,"mejorar mi digestión, vivo inflamada",Porque si funcionan,Que no hiciera efecto,Instagram,Me acordé de ustedes,
Pablo Muestra,demo+0268@example.com,Ciudad Ejemplo,967.08,"Omega Calma, Magnesio Noche",2024-06-13 10:48,Curiosidad.,,que no me llegara,Me lo recomendaron,Por mi propia cuenta,
Fernanda Ejemplo,demo+0269@example.com,Villa Prueba,1543.03,Proteína Vainilla,2024-05-27 22:31,La verdad no se.,a mi prima le dio resultado,Que mi esposo se enojara jaja,Facebook,Por mi propia cuenta,
Diego Prueba,demo+0270@example.com,Pueblo Demo,2486.77,"Omega Calma, Probiótico Diario",2024-05-17 22:04,,,that it wouldn't work,Otro,Recibí un e-mail,
Valeria Prueba,demo+0271@example.com,Villa Prueba,2330.65,Colágeno Rosa,2024-03-10 10:34,Es un regalo para mimamá,Sin químicos,Que saliera muy caro con el envio,Me lo recomendaron,Me acordé de ustedes,
Sofía Prueba,demo+0272@example.com,Villa Prueba,2170.06,Inositol Balance,2024-05-21 14:03,Dormir mejor,,Que fuera puro marketing,Instagram,Por mi propia cuenta,
Valeria Ficticio,demo+0273@example.com,Villa Prueba,3358.67,"Omega Calma, Proteína Vainilla",2024-01-02 09:29,Dormir mejor,my friend recommended it,Que n hiciera efecto,Google,Vi un anuncio,YouTube
Jorge Ejemplo,demo+0274@example.com,Pueblo Demo,2284.52,Omega Calma,2024-04-23 21:20,Tener mas energia en el dia,Esta respaldado por ciencia,que se perdiera el paquete,TikTok,Por mi propia cuenta,
Sofía Ficticio,demo+0275@example.com,Villa Prueba,2494.73,"Omega Calma, Colágeno Rosa, Magnesio Noche",2024-01-16 12:22,Se me cae mucho el cabello,mas barato que en la farmacia,Is this brand legit?,TikTok,Por mi propia cuenta,
Luis Prueba,demo+0276@example.com,Pueblo Demo,1782.33,"Colágeno Rosa, Inositol Balance",2024-02-03 15:23,ninguno.,me ayudo muchisimo con la inflamacion,Gastar y no ver ningún resultado,Me lo recomendaron,Por mi propia cuenta,
Luis Ejemplo,demo+0277@example.com,Villa Prueba,950.32,"Colágeno Rosa, Probiótico Diario",2024-02-16 14:24,Dolor de rodillas.,Porque sí funcionan,,TikTok,Me acordé de ustedes,
Diego Muestra,demo+0278@example.com,Pueblo Demo,522.68,Probiótico Diario,2024-04-20 09:35,"meorar mi digestión, vivo inflamada",Por las reseñs,"El precio, esta un poco caro.",Facebook,Vi un anuncio,Instagram
Ana Ficticio,demo+0279@example.com,Ciudad Ejemplo,1852.76,"Proteína Vainilla, Colágeno Rosa, Omega Calma",2024-05-10 22:43,,Me ayudó muchísimo con la inflamación,efectos secundarios,Me lo recomendaron,Recibí un e-mail,
Carlos Ficticio,demo+0280@example.com,Villa Prueba,3579.02,Colágeno Rosa,2024-01-08 22:38,,clean ingredients,Dar mis datos de tarjeta en una tienda nueva.,Instagram,Por mi propia cuenta,
Pablo Demo,demo+0281@example.com,Villa Prueba,2054.87,Proteína Vainilla,2024-04-12 19:06,Dormir mejor,Clean ingredients,Que no llegue a mi ciudad,Google,Alguien me habló de ti,
Ana Ejemplo,demo+0282@example.com,Pueblo Demo,1459.06,"Inositol Balance, Probiótico Diario",2024-01-03 14:22,Quiero ver resultados reales esta vez,Porque sí.,,Me lo recomendaron,Alguien me habló de ti,
Fernanda Prueba,demo+0283@example.com,Villa Prueba,3217.11,Proteína Vainilla,2024-05-06 21:11,,Clean ingredients,Ninguno 😊,Me lo recomendaron,Vi un anuncio,Instagram
María Demo,demo+0284@example.com,Pueblo Demo,3157.49,"Proteína Vainilla, Colágeno Rosa",2024-02-07 10:02,me duelen mucho las articulaciones.,,que no m llegara,Google,Recibí un e-mail,
Daniela Muestra,demo+0285@example.com,Ciudad Ejemplo,1004.24,"Colágeno Rosa, Inositol Balance",2024-06-07 18:39,,,Efectos secundarios,Instagram,Vi un anuncio,Instagram
Pablo Muestra,demo+0286@example.com,Pueblo Demo,889.53,"Colágeno Rosa, Inositol Balance",2024-06-27 16:45,,,que fuera fraude,Me lo recomendaron,Por mi propia cuenta,
Fernanda Muestra,demo+0287@example.com,Pueblo Demo,3227.21,Probiótico Diario,2024-03-09 08:59,"Probar algo que sí funcione, ya intenté de todo",Me dio confianza que fuera orgánico,que no funcionaran,Me lo recomendaron,Recibí un e-mail,
Valeria Muestra,demo+0288@example.com,Ciudad Ejemplo,3179.46,"Proteína Vainilla, Omega Calma, Inositol Balance",2024-03-16 13:54,Resistencia a l insulina,mi hermana los usa y le fue muy bien,,Facebook,Alguien me habló de ti,
María Prueba,demo+0289@example.com,Villa Prueba,3936.42,"Proteína Vainilla, Omega Calma",2024-06-18 19:43,,,que no llegara el pedido,Instagram,Vi un anuncio,Instagram
Jorge Demo,demo+0290@example.com,Villa Prueba,3556.3,Proteína Vainilla,2024-02-23 18:14,i want to sleep better,,,Me lo recomendaron,Por mi propia cuenta,
Pablo Ejemplo,demo+0291@example.com,Pueblo Demo,3234.76,"Proteína Vainilla, Probiótico Diario",2024-01-20 20:32,Controlar la ansiedad,Sin químicos,,Me lo recomendaron,Alguien me habló de ti,
Valeria Demo,demo+0292@example.com,Ciudad Ejemplo,2191.8,"Proteína Vainilla, Probiótico Diario",2024-04-11 22:08,I want to sleep better,"no sé, me llamó la atención",que fuerapuro marketing,Google,Me acordé de ustedes,
María Demo,demo+0293@example.com,Villa Prueba,1621.53,Inositol Balance,2024-01-23 11:55,Ninguno,,que no llegara el pedido,Instagram,Por mi propia cuenta,
Lucía Ejemplo,demo+0294@example.com,Villa Prueba,1487.78,"Inositol Balance, Omega Calma, Proteína Vainilla",2024-02-13 13:03,Me duelen mucho las articulaciones,A mi prima le dio resultado,Is this brand legit?,TikTok,Recibí un e-mail,
Jorge Demo,demo+0295@example.com,Ciudad Ejemplo,2968.12,Probiótico Diario,2024-03-14 18:18,controlar la ansiedad,Vi muchos testimonios,que no funcionaran,Me lo recomendaron,Por mi propia cuenta,
Jorge Prueba,demo+0296@example.com,Ciudad Ejemplo,3812.28,Colágeno Rosa,2024-01-07 18:21,Cansancio todo el tiempo,me lo recomendó una amiga,Que fuera puro marketing,Instagram,Por mi propia cuenta,
Diego Ejemplo,demo+0297@example.com,Villa Prueba,2628.31,Inositol Balance,2024-06-26 13:11,Resistencia a la insulina.,,That it wouldn't work,Facebook,Me acordé de ustedes,
Valeria Demo,demo+0298@example.com,Ciudad Ejemplo,730.96,Proteína Vainilla,2024-06-25 14:24,Bajar de peso despues del embarazo.,es mi segunda vez,Que tardara mucho el envío,TikTok,Recibí un e-mail,
Lucía Muestra,demo+0299@example.com,Pueblo Demo,3310.01,"Colágeno Rosa, Inositol Balance, Omega Calma",2024-04-07 18:51,controlar la ansiedad,No tiene azúcar ni cosas raras,Is this brand legit?.,Google,Por mi propia cuenta,
María Muestra,demo+0300@example.com,Villa Prueba,2591.07,Inositol Balance,2024-05-19 12:12,Tener más energía en el día,Me lo recomend una amiga,que no funcionaran,Google,Recibí un e-mail,
Valeria Muestra,demo+0301@example.com,Ciudad Ejemplo,3449.81,Inositol Balance,2024-04-05 19:59,Mejorar mi salud en general.,,Ninguno,Me lo recomendaron,Por mi propia cuenta,
Sofía Ficticio,demo+0302@example.com,Ciudad Ejemplo,705.1,"Probiótico Diario, Magnesio Noche, Colágeno Rosa",2024-05-06 10:04,tengo sop y quiero regular mi ciclo,Tenian 20% de descuento,que fuera puro marketing,Instagram,Por mi propia cuenta,
Ana Ficticio,demo+0303@example.com,Ciudad Ejemplo,3090.26,Inositol Balance,2024-05-08 08:36,colitis,,Que no me gustara el abor,TikTok,Alguien me habló de ti,
María Demo,demo+0304@example.com,Ciudad Ejemplo,395.9,"Proteína Vainilla, Probiótico Diario, Omega Calma",2024-02-19 19:13,"Probar algo que sí funcione, ya intenté de todo",Siempre les compro,no tenía ningún miedo,Google,Por mi propia cuenta,
Valeria Prueba,demo+0305@example.com,Pueblo Demo,3181.73,Proteína Vainilla,2024-03-14 12:33,Cansancio todo el tiempo,,is this brand legit?,Instagram,Me acordé de ustedes,
Ana Muestra,demo+0306@example.com,Pueblo Demo,1229.01,Inositol Balance,2024-06-11 08:34,Cansancio todo el tiempo,está respaldado por ciencia,Que no me gustara el sabor,TikTok,Vi un anuncio,Facebook
Jorge Ficticio,demo+0307@example.com,Ciudad Ejemplo,754.26,"Proteína Vainilla, Probiótico Diario",2024-02-20 09:27,Dormir mejor,No tiene azucar ni cosas raras,nada,Instagram,Por mi propia cuenta,
Pablo Muestra,demo+0308@example.com,Villa Prueba,852.16,"Inositol Balance, Colágeno Rosa",2024-06-25 23:01,Es un regalo para mi mamá,Es una marca mexicana,,Me lo recomendaron,Por mi propia cuenta,
Pablo Ejemplo,demo+0309@example.com,Pueblo Demo,442.98,Probiótico Diario,2024-03-07 23:51,tener más energía en el día,me urgia,Que fuera puro marketing,Google,Vi un anuncio,Facebook
Jorge Ficticio,demo+0310@example.com,Pueblo Demo,2087.47,"Inositol Balance, Magnesio Noche, Proteína Vainilla",2024-01-13 17:49,Tengo SOP y quiero regular mi ciclo,,is this brand legit?,Instagram,Por mi propia cuenta,
Jorge Ejemplo,demo+0311@example.com,Villa Prueba,2351.86,Colágeno Rosa,2024-06-18 10:25,"mejorar mi digestion, vivo inflamada",Porque sí funcionan,Comprar en una página que no conozco,TikTok,Recibí un e-mail,
Luis Ejemplo,demo+0312@example.com,Ciudad Ejemplo,1580.36,"Probiótico Diario, Omega Calma, Colágeno Rosa",2024-05-08 09:20,Se me cae mucho el cabello,No tiene azúcar ni cosas raras,que no me llegara,Instagram,Recibí un e-mail,
Carlos Ficticio,demo+0313@example.com,Villa Prueba,2550.32,Magnesio Noche,2024-02-19 22:20,,Sigo a la nutriologa en Instagram y la recomienda,que se perdiera el paquete,Facebook,Recibí un e-mail,
Valeria Demo,demo+0314@example.com,Ciudad Ejemplo,2241.48,Omega Calma,2024-02-15 22:46,acné hormonal,Se nota la diferencia,Que no me sirva como a los demás,Me lo recomendaron,Estaba buscando algo en Google,
Lucía Demo,demo+0315@example.com,Ciudad Ejemplo,781.63,"Omega Calma, Inositol Balance",2024-02-14 15:23,Resistencia a la insulina.,el mpaque está muy bonito,Que no funcine,Instagram,Vi un anuncio,Instagram
Daniela Prueba,demo+0316@example.com,Ciudad Ejemplo,3475.82,"Magnesio Noche, Inositol Balance, Proteína Vainilla",2024-06-14 22:30,cansancio todo el tiempo,Mi hermana los usa y le fue muy bien,Que no llegara el pedido,Instagram,Me acordé de ustedes,
Carlos Demo,demo+0317@example.com,Villa Prueba,1735.34,Probiótico Diario,2024-06-11 23:51,,siempre les compro,none,Facebook,Por mi propia cuenta,
Pablo Demo,demo+0318@example.com,Pueblo Demo,4011.46,"Proteína Vainilla, Probiótico Diario, Colágeno Rosa",2024-05-10 10:59,Colitis,,"El precio, está un poco caro",Facebook,Me acordé de ustedes,
Fernanda Ejemplo,demo+0319@example.com,Villa Prueba,3847.25,Inositol Balance,2024-01-13 18:19,Cansancio todo el tiempo.,Que los ingredientes son naturales,que no me llegara,Google,Por mi propia cuenta,
Sofía Demo,demo+0320@example.com,Ciudad Ejemplo,4158.81,"Inositol Balance, Omega Calma",2024-04-26 15:48,"Probar algo que sí funcione, ya intenté de todo",Me lo recomendó una amiga,none,TikTok,Me acordé de ustedes,
Jorge Ficticio,demo+0321@example.com,Ciudad Ejemplo,2379.77,"Proteína Vainilla, Probiótico Diario, Omega Calma",2024-03-08 21:38,Quiero ver resultados reales esta vez,Vi muchos testimonios,No tenia ningun miedo,TikTok,Por mi propia cuenta,
Ana Ficticio,demo+0322@example.com,Villa Prueba,2267.62,Inositol Balance,2024-01-11 18:04,Bajar de peso despues del embarazo.,Me gusta apoyar negocios locales,ninguna,Instagram,Alguien me habló de ti,
Sofía Demo,demo+0323@example.com,Pueblo Demo,3874.37,Probiótico Diario,2024-04-08 17:07,Bajar de peso despues del embarazo,Me ayudo muchisimo con la inflamacion,Que no llegue a mi ciudad,Facebook,Me acordé de ustedes,
Pablo Prueba,demo+0324@example.com,Villa Prueba,2226.32,Inositol Balance,2024-06-21 20:51,Tener más energía en el día,Mi hermna los usa y le fue muy bien,No sé,Me lo recomendaron,Vi un anuncio,Instagram
Pablo Demo,demo+0325@example.com,Villa Prueba,1323.63,Proteína Vainilla,2024-06-19 08:14,dormir mejor,El precio,que no funcionaran,Instagram,Me acordé de ustedes,
Carlos Prueba,demo+0326@example.com,Ciudad Ejemplo,3514.01,Inositol Balance,2024-04-06 22:51,Se me cae mucho el cabello,Estaba en promoción.,Que fuea puro marketing,Me lo recomendaron,Recibí un e-mail,
María Prueba,demo+0327@example.com,Ciudad Ejemplo,1706.84,Probiótico Diario,2024-01-14 11:47,"Mejorar mi digestió, vivo inflamada",,Comprar en una página que no conozco.,Instagram,Por mi propia cuenta,
Diego Muestra,demo+0328@example.com,Villa Prueba,798.77,"Probiótico Diario, Colágeno Rosa, Omega Calma",2024-02-07 11:25,,Me dio confianza que fuera orgánico,El tiempo e entrega,TikTok,Vi un anuncio,Facebook
María Prueba,demo+0329@example.com,Ciudad Ejemplo,2385.2,Magnesio Noche,2024-02-28 10:19,joint pain,Más barao que en la farmacia,,Me lo recomendaron,Por mi propia cuenta,
Valeria Ejemplo,demo+0330@example.com,Pueblo Demo,399.31,"Probiótico Diario, Colágeno Rosa, Omega Calma",2024-05-18 11:43,Resistencia a la insulina,siempre les compro,No sé,Instagram,Por mi propia cuenta,
Pablo Ejemplo,demo+0331@example.com,Pueblo Demo,646.4,"Inositol Balance, Proteína Vainilla, Omega Calma",2024-05-04 18:46,,Estaba en promoción,No conocía la marca,Facebook,Por mi propia cuenta,
Ana Muestra,demo+0332@example.com,Pueblo Demo,2372.26,"Colágeno Rosa, Probiótico Diario, Omega Calma",2024-06-10 20:28,mejorar mi alud en general,Me urgía,,Instagram,Vi un anuncio,Instagram
Ana Muestra,demo+0333@example.com,Ciudad Ejemplo,3271.94,"Omega Calma, Inositol Balance",2024-05-17 17:07,,,que se perdiera el paquete,Instagram,Por mi propia cuenta,
Daniela Demo,demo+0334@example.com,Pueblo Demo,3010.97,"Colágeno Rosa, Proteína Vainilla, Probiótico Diario",2024-05-14 18:26,joint pain,Porque si funcionan,que no funcionaran,Instagram,Me acordé de ustedes,
Daniela Prueba,demo+0335@example.com,Pueblo Demo,855.09,Inositol Balance,2024-04-17 12:10,Cansancio todo el tiempo,,Que no me sirva como a los demás.,Instagram,Me acordé de ustedes,
Luis Muestra,demo+0336@example.com,Ciudad Ejemplo,1884.5,"Omega Calma, Magnesio Noche, Proteína Vainilla",2024-05-18 17:06,Bajar de peso despues del embarazo,Por las reseñas,,Instagram,Alguien me habló de ti,
Sofía Ficticio,demo+0337@example.com,Ciudad Ejemplo,2659.34,Inositol Balance,2024-01-19 17:13,tener más energía en el día,Una compañera de trabajo los toma,Que me cayera mal,Instagram,Recibí un e-mail,
Luis Prueba,demo+0338@example.com,Ciudad Ejemplo,715.74,Omega Calma,2024-06-07 18:51,,Me gusta apoyar negocios locales,Gastar y no ver ningún resultado,Me lo recomendaron,Alguien me habló de ti,
Pablo Prueba,demo+0339@example.com,Pueblo Demo,3019.6,"Omega Calma, Inositol Balance",2024-04-09 20:45,resistencia a la insulina,Es una marca mexicana,El timpo de entrega,Instagram,Vi un anuncio,Instagram
Diego Ficticio,demo+0340@example.com,Pueblo Demo,2045.16,"Probiótico Diario, Colágeno Rosa, Proteína Vainilla",2024-04-04 15:00,Cansancio todo el tiempo.,Porque sí funcionan,,Instagram,Alguien me habló de ti,
Diego Ficticio,demo+0341@example.com,Villa Prueba,2809.5,Probiótico Diario,2024-02-22 11:13,"Probar algo que si funcione, ya intente de todo",my friend recommended it,Nada,Me lo recomendaron,Por mi propia cuenta,
Diego Prueba,demo+0342@example.com,Ciudad Ejemplo,2471.41,Inositol Balance,2024-05-13 12:08,,Porque si funcionan,none.,Instagram,Por mi propia cuenta,
Lucía Ficticio,demo+0343@example.com,Villa Prueba,2277.45,Magnesio Noche,2024-02-27 19:38,"Mejorar mi digestion, vivo inflamada",se nota la diferencia.,Que no llegara el pedido,Me lo recomendaron,Vi un anuncio,Instagram
Jorge Ejemplo,demo+0344@example.com,Villa Prueba,2836.13,Omega Calma,2024-01-10 11:27,Tengo SOP y quiero regular mi ciclo,Es mi segunda vez,Ninguno 😊,Google,Por mi propia cuenta,
Fernanda Demo,demo+0345@example.com,Ciudad Ejemplo,1028.23,"Omega Calma, Inositol Balance, Probiótico Diario",2024-06-27 21:21,Quiero ver resultados reales esta vez,,Nada,Instagram,Alguien me habló de ti,
Fernanda Demo,demo+0346@example.com,Pueblo Demo,763.2,Probiótico Diario,2024-03-11 15:09,"Probar algo que si funcione, ya intente de todo",estaba en promocion,Que no llegara el pedido,Instagram,Por mi propia cuenta,
Pablo Muestra,demo+0347@example.com,Ciudad Ejemplo,2102.22,"Colágeno Rosa, Inositol Balance, Magnesio Noche",2024-05-14 12:41,Mejorar mi salud en general,Una companera de trabajo los toma,que no m llegara,Me lo recomendaron,Recibí un e-mail,
Jorge Ejemplo,demo+0348@example.com,Villa Prueba,3819.99,"Inositol Balance, Colágeno Rosa, Omega Calma",2024-04-25 19:20,Curiosidad.,Siempre les compro.,Que no hiciera efecto,Me lo recomendaron,Alguien me habló de ti,
Jorge Ficticio,demo+0349@example.com,Villa Prueba,3198.14,"Inositol Balance, Probiótico Diario, Magnesio Noche",2024-03-15 18:45,,se nota la diferencia,No tenía ningún miedo,Instagram,Me acordé de ustedes,
Sofía Ficticio,demo+0350@example.com,Villa Prueba,3122.32,Probiótico Diario,2024-03-17 19:47,Es un regalo para mi mamá,Clean ingredients,Que saliera muy caro con el envío.,Me lo recomendaron,Por mi propia cuenta,
Carlos Muestra,demo+0351@example.com,Ciudad Ejemplo,3203.24,Omega Calma,2024-01-06 15:53,Controlar la ansiedad,a mi prima le dio resultado.,Que no llegue a mi ciudad,TikTok,Alguien me habló de ti,
Lucía Ejemplo,demo+0352@example.com,Villa Prueba,4067.09,"Omega Calma, Colágeno Rosa",2024-02-17 19:31,Cansancio todo el tiempo.,Sin químicos,,Instagram,Alguien me habló de ti,
Diego Prueba,demo+0353@example.com,Pueblo Demo,2433.13,Colágeno Rosa,2024-04-26 16:52,es un regalo para mi mama,Estaba en promoción.,Nada,Instagram,Vi un anuncio,Instagram
Daniela Demo,demo+0354@example.com,Pueblo Demo,3628.9,"Inositol Balance, Colágeno Rosa, Omega Calma",2024-04-21 12:01,Acne hormonal,Tenían 20% de descuento.,Que no funcione.,Facebook,Por mi propia cuenta,
Sofía Muestra,demo+0355@example.com,Ciudad Ejemplo,2332.76,Inositol Balance,2024-04-09 16:11,,Sigo a la nutrióloga en Instagram y la recomienda,Que no llegue a mi ciudad,Me lo recomendaron,Por mi propia cuenta,
Fernanda Muestra,demo+0356@example.com,Ciudad Ejemplo,1524.88,Proteína Vainilla,2024-06-02 11:24,Cansancio todo el tiempo,Clean ingredients,Que fuera puro marketing,Otro,Por mi propia cuenta,
Pablo Demo,demo+0357@example.com,Villa Prueba,1990.78,"Inositol Balance, Proteína Vainilla, Colágeno Rosa",2024-04-24 14:43,"Mejorar mi digestion, vivo inflamada",Una compañera de trabajo los toma,Que no hiciera efecto,Instagram,Me acordé de ustedes,
Daniela Muestra,demo+0358@example.com,Pueblo Demo,1444.16,"Magnesio Noche, Omega Calma, Probiótico Diario",2024-01-07 22:44,Bjar de peso despues del embarazo,,que no hiciera efecto,Instagram,Estaba buscando algo en Google,
Luis Demo,demo+0359@example.com,Ciudad Ejemplo,3857.3,"Probiótico Diario, Proteína Vainilla, Magnesio Noche",2024-03-08 11:17,Me duelen mucho las articulaciones,Vi muchos testimonios,Ninguno 😊,Me lo recomendaron,Por mi propia cuenta,
Ana Prueba,demo+0360@example.com,Villa Prueba,3956.28,"Proteína Vainilla, Magnesio Noche, Probiótico Diario",2024-06-10 17:45,Tener más energía en el día,Es una marca mexicana,Gastar y no ver ningún resultado,Otro,Alguien me habló de ti,
Fernanda Prueba,demo+0361@example.com,Ciudad Ejemplo,2442.41,"Colágeno Rosa, Inositol Balance, Proteína Vainilla",2024-03-15 14:55,Mejorar mi salud en general,Por la comunidad que tienen,none.,Instagram,Me acordé de ustedes,
Luis Muestra,demo+0362@example.com,Ciudad Ejemplo,1005.23,"Magnesio Noche, Probiótico Diario",2024-01-12 21:49,Mejorar mi salud en general,sin quiicos,,Google,Por mi propia cuenta,
Jorge Ficticio,demo+0363@example.com,Pueblo Demo,2751.33,"Magnesio Noche, Proteína Vainilla, Colágeno Rosa",2024-05-25 16:08,Acné hormonal,Por la comunidad que tienen,nada,Google,Por mi propia cuenta,
Carlos Prueba,demo+0364@example.com,Villa Prueba,1941.4,Inositol Balance,2024-01-24 14:52,tengo sop y quiero regular mi ciclo,A mi prima le dio resultado,Is this brand legit?,Instagram,Recibí un e-mail,
Valeria Ficticio,demo+0365@example.com,Villa Prueba,4102.02,Proteína Vainilla,2024-03-10 13:41,joint pain,ya lo había comprdo antes,dar mis datos de tarjeta en una tienda nueva,Instagram,Me acordé de ustedes,
Pablo Prueba,demo+0366@example.com,Pueblo Demo,857.76,"Magnesio Noche, Colágeno Rosa, Probiótico Diario",2024-03-08 21:49,,sigo a la nutriologa en instagram y la recomienda,,Instagram,Por mi propia cuenta,
Fernanda Prueba,demo+0367@example.com,Ciudad Ejemplo,514.91,Proteína Vainilla,2024-04-09 13:02,dolor de rodillas,Está respaldado por ciencia,No conocía la marca.,Google,Por mi propia cuenta,
Diego Prueba,demo+0368@example.com,Pueblo Demo,4083.27,"Proteína Vainilla, Probiótico Diario, Omega Calma",2024-01-09 17:32,Dormir mejor.,Ya había probado otros y no me sirvieron,que no me sirva como a los demás,Instagram,Me acordé de ustedes,
Daniela Demo,demo+0369@example.com,Ciudad Ejemplo,3349.09,Inositol Balance,2024-04-28 11:51,,El precio,gastar y no ver ningun resultado,Me lo recomendaron,Por mi propia cuenta,
Fernanda Prueba,demo+0370@example.com,Ciudad Ejemplo,4070.65,Inositol Balance,2024-04-25 11:54,Se me cae mucho el cabello,Sigo a la nutrióloga en Instagram y la recomienda.,El tiempo de entrega,Instagram,Alguien me habló de ti,
Luis Prueba,demo+0371@example.com,Villa Prueba,2391.49,"Omega Calma, Inositol Balance, Colágeno Rosa",2024-06-09 20:40,Se me cae mucho el cabello.,Mi hermana los usa y le fue muy bien,dar mis datos de tarjeta en una tienda nueva.,Instagram,Me acordé de ustedes,
Luis Ejemplo,demo+0372@example.com,Pueblo Demo,2864.33,Probiótico Diario,2024-04-28 15:48,Mejorar mi salud en general,Por la comunidad que tienen,Que se perdiera el paquete,Me lo recomendaron,Vi un anuncio,Instagram
Fernanda Demo,demo+0373@example.com,Ciudad Ejemplo,2471.13,"Magnesio Noche, Colágeno Rosa",2024-05-13 18:24,se me cae mucho el cabello,Me ayudo muchisimo con la inflamacion,Que fuera faude,TikTok,Me acordé de ustedes,
Fernanda Ficticio,demo+0374@example.com,Villa Prueba,2720.51,Inositol Balance,2024-01-24 20:23,Acne hormonal.,Clean ingredients,que no funcione,Me lo recomendaron,Por mi propia cuenta,
Jorge Demo,demo+0375@example.com,Ciudad Ejemplo,3691.38,Omega Calma,2024-06-26 15:08,I want to sleep better,Vi muchos testimonios,Que mi esposo se enojara jaja,Instagram,Por mi propia cuenta,
Pablo Ejemplo,demo+0376@example.com,Villa Prueba,2951.39,Colágeno Rosa,2024-03-11 18:58,Ningno,Una compañera de trabajo los toma,Que no me gustara el sabor,Me lo recomendaron,Vi un anuncio,Instagram
Luis Prueba,demo+0377@example.com,Villa Prueba,2791.15,Colágeno Rosa,2024-05-28 13:18,,,,Instagram,Me acordé de ustedes,
Lucía Prueba,demo+0378@example.com,Pueblo Demo,3494.51,"Magnesio Noche, Inositol Balance",2024-05-14 11:57,Me duelen mucholas articulaciones,Es una marca mexicana,Que no me gustara el sabor.,TikTok,Por mi propia cuenta,
Carlos Ejemplo,demo+0379@example.com,Pueblo Demo,2862.86,Colágeno Rosa,2024-02-03 20:59,Me duelen mucho las articulaciones,Me urgia,que no funcionaran.,Instagram,Por mi propia cuenta,
Luis Muestra,demo+0380@example.com,Villa Prueba,3037.83,"Omega Calma, Colágeno Rosa",2024-04-04 15:25,acné hormonal,Sin quimicos,,Google,Alguien me habló de ti,
Ana Ejemplo,demo+0381@example.com,Ciudad Ejemplo,1663.01,"Magnesio Noche, Inositol Balance",2024-04-19 15:15,Es un regalo para mi mama,Mas barato que en la farmacia,Que no me sirva como a los demás.,Instagram,Por mi propia cuenta,
María Muestra,demo+0382@example.com,Pueblo Demo,2565.31,Colágeno Rosa,2024-03-12 10:57,,El empaque esta muy bonito,Que fuera puro marketing,Instagram,Me acordé de ustedes,
Lucía Prueba,demo+0383@example.com,Pueblo Demo,2432.78,Omega Calma,2024-06-01 10:48,mejorar mi salud en general,Estaba en promoción,Que no llegue a mi ciudad.,Me lo recomendaron,Por mi propia cuenta,
Luis Muestra,demo+0384@example.com,Ciudad Ejemplo,1694.48,"Colágeno Rosa, Magnesio Noche",2024-03-19 14:05,,Sigo a la nutrióloga en Instagram y la recomienda.,que se perdiera el paquete,TikTok,Alguien me habló de ti,
Fernanda Ejemplo,demo+0385@example.com,Villa Prueba,602.39,Magnesio Noche,2024-06-24 10:05,Cansancio todo el tiempo,Que los ingredientes son naturales,No conocía la marca,Instagram,Vi un anuncio,Instagram
Pablo Prueba,demo+0386@example.com,Ciudad Ejemplo,352.15,Proteína Vainilla,2024-04-17 16:48,"mejorar mi digestión, vivo inflamada",Porque sí funciona.,que tardara mucho el envío,Instagram,Vi un anuncio,Instagram
Fernanda Prueba,demo+0387@example.com,Ciudad Ejemplo,1934.74,Proteína Vainilla,2024-04-14 12:26,joint pain,Me lo recomendó una amiga,que no me llegara,Instagram,Alguien me habló de ti,
Sofía Prueba,demo+0388@example.com,Pueblo Demo,1856.5,"Inositol Balance, Probiótico Diario",2024-04-22 12:19,Se me cae mucho el cabello,Clean ingredients,,TikTok,Recibí un e-mail,
Fernanda Ficticio,demo+0389@example.com,Ciudad Ejemplo,3037.32,"Inositol Balance, Proteína Vainilla",2024-03-08 21:04,nada en especial,E una marca mexicana,That it wouldn't work,Instagram,Me acordé de ustedes,
María Prueba,demo+0390@example.com,Pueblo Demo,1706.94,Probiótico Diario,2024-04-20 19:08,dormir meor,Porque sí funcionan,que no me llegara,Instagram,Estaba buscando algo en Google,
Pablo Muestra,demo+0391@example.com,Ciudad Ejemplo,1629.38,Colágeno Rosa,2024-06-07 21:50,La verdad no se.,es mi segunda vez,efectos secundarios.,Facebook,Vi un anuncio,Instagram
María Ejemplo,demo+0392@example.com,Ciudad Ejemplo,2568.34,Inositol Balance,2024-04-24 08:46,Tener más energía en el día,,que fuera fraude.,Facebook,Por mi propia cuenta,
Carlos Muestra,demo+0393@example.com,Villa Prueba,3626.85,Magnesio Noche,2024-02-20 10:35,Controlar la ansiedad,me lo recomendo una amiga,,Instagram,Alguien me habló de ti,
Lucía Demo,demo+0394@example.com,Ciudad Ejemplo,440.57,Magnesio Noche,2024-03-03 14:33,,,que no me gustara el sabor,Instagram,Me acordé de ustedes,
Jorge Ficticio,demo+0395@example.com,Pueblo Demo,2883.1,"Inositol Balance, Probiótico Diario, Magnesio Noche",2024-01-10 16:19,Se me cae mucho el cabello,No tiene azúcar ni cosas raras,El tiempo de entrega.,Instagram,Estaba buscando algo en Google,
Ana Ficticio,demo+0396@example.com,Pueblo Demo,2565.74,"Inositol Balance, Magnesio Noche, Omega Calma",2024-01-10 16:12,Controlar la ansiedad,,Que no funcione,Instagram,Por mi propia cuenta,
Ana Prueba,demo+0397@example.com,Pueblo Demo,977.6,"Inositol Balance, Colágeno Rosa",2024-03-11 15:39,Bajar de peso despues del embarazo.,una compañera de trabajo los toma,Que no hiciera efecto,Google,Recibí un e-mail,
Valeria Ejemplo,demo+0398@example.com,Villa Prueba,822.3,Probiótico Diario,2024-06-21 11:12,curiosidad,Sin químicos,Que fuera una estafa.,Google,Me acordé de ustedes,
Pablo Prueba,demo+0399@example.com,Ciudad Ejemplo,3793.83,Probiótico Diario,2024-04-08 09:22,Se me cae mucho el cabello,No tiene azucar ni cosas raras,efectos secundarios,Me lo recomendaron,Recibí un e-mail,
Fernanda Ficticio,demo+0400@example.com,Villa Prueba,431.35,Probiótico Diario,2024-05-12 18:18,tener más energía en el día,"No sé, me llamó la atención",Qu fuera puro marketing.,Me lo recomendaron,Por mi propia cuenta,
Ana Ejemplo,demo+0401@example.com,Villa Prueba,1584.75,Magnesio Noche,2024-06-22 20:50,,,ninguna,Instagram,Recibí un e-mail,
Sofía Ejemplo,demo+0402@example.com,Ciudad Ejemplo,3012.66,Inositol Balance,2024-05-05 14:15,acné hormonal,mi hermana los usa y le fue muybien,none,Instagram,Por mi propia cuenta,
María Muestra,demo+0403@example.com,Ciudad Ejemplo,1940.44,"Colágeno Rosa, Proteína Vainilla, Inositol Balance",2024-02-03 23:44,tener más energía en el día.,Por las resenas,,Me lo recomendaron,Por mi propia cuenta,
María Ejemplo,demo+0404@example.com,Ciudad Ejemplo,2653.75,"Magnesio Noche, Omega Calma, Colágeno Rosa",2024-04-28 16:14,Me duelen mucho las articulaciones,Porque sí,No tenía ningún miedo,Instagram,Me acordé de ustedes,
María Muestra,demo+0405@example.com,Pueblo Demo,3707.08,Probiótico Diario,2024-05-07 15:36,Controlar la ansiedad,Siempre les compro,que fuera puro marketing,Instagram,Alguien me habló de ti,
Daniela Prueba,demo+0406@example.com,Pueblo Demo,1192.93,"Proteína Vainilla, Omega Calma, Colágeno Rosa",2024-04-15 16:56,Mejorar mi salud en general,me dio confianza que fuera orgánico,que no me llegara,Facebook,Recibí un e-mail,
Ana Muestra,demo+0407@example.com,Villa Prueba,4155.12,"Probiótico Diario, Proteína Vainilla",2024-04-11 17:06,Cntrolar la ansiedad.,Vi muchos testimonios,Ninguno 😊,Instagram,Vi un anuncio,Instagram
Luis Muestra,demo+0408@example.com,Pueblo Demo,1180.45,"Magnesio Noche, Colágeno Rosa",2024-03-24 13:06,Resistencia a la insulina,Me ugía,,Google,Vi un anuncio,Instagram
Fernanda Ejemplo,demo+0409@example.com,Ciudad Ejemplo,1022.42,Colágeno Rosa,2024-05-24 15:45,"Probar alg que sí funcione, ya intenté de todo",No tiene azúcar ni cosas raras,Que fuera puro marketing.,Instagram,Me acordé de ustedes,
María Prueba,demo+0410@example.com,Pueblo Demo,4081.72,Probiótico Diario,2024-03-03 11:22,colitis,porque sí funcionan,Efectos secundarios,Instagram,Por mi propia cuenta,
Daniela Ejemplo,demo+0411@example.com,Villa Prueba,3388.26,Inositol Balance,2024-01-04 15:23,Me duelen mucho las articulaciones,Me lo recomendó una amiga,,Instagram,Alguien me habló de ti,
Pablo Ejemplo,demo+0412@example.com,Villa Prueba,4191.43,"Omega Calma, Proteína Vainilla, Inositol Balance",2024-04-14 17:58,Mejorar mi salud en general,,Que fuera puro marketing,Facebook,Vi un anuncio,Instagram
Valeria Demo,demo+0413@example.com,Pueblo Demo,3732.94,Proteína Vainilla,2024-02-08 14:34,Cansancio todo el tiempo,Me urgía,,Google,Por mi propia cuenta,
Jorge Muestra,demo+0414@example.com,Ciudad Ejemplo,3742.01,Colágeno Rosa,2024-06-02 10:37,Bajar de peso despues del embarazo,Clean ingredients,Ninguno 😊,Instagram,Recibí un e-mail,
Fernanda Muestra,demo+0415@example.com,Ciudad Ejemplo,2842.25,"Magnesio Noche, Omega Calma, Probiótico Diario",2024-03-22 23:10,Mejorar mi salud en general,Mi hermana los usa y le fue muy bien.,Gastar y no ver ningún resultado,Instagram,Por mi propia cuenta,
Sofía Ejemplo,demo+0416@example.com,Pueblo Demo,3006.76,"Inositol Balance, Colágeno Rosa",2024-02-17 18:16,Colitis,my friend recommended it,Que tardara mucho el envío,Instagram,Por mi propia cuenta,
María Muestra,demo+0417@example.com,Villa Prueba,3523.96,"Proteína Vainilla, Omega Calma",2024-06-23 17:49,,me dio confianza que fuera orgánico,que se perdiera el paquete,Instagram,Por mi propia cuenta,
Diego Demo,demo+0418@example.com,Villa Prueba,3685.77,Magnesio Noche,2024-06-17 14:12,Dolor de rodillas.,Me uría.,Que no llegue a mi ciudad,Me lo recomendaron,Por mi propia cuenta,
Lucía Ficticio,demo+0419@example.com,Pueblo Demo,1336.15,Probiótico Diario,2024-02-19 16:29,Resistencia a la insulina.,Ya lo habia comprado antes,Gastar y no ver ningun resultado.,Instagram,Por mi propia cuenta,
Pablo Muestra,demo+0420@example.com,Ciudad Ejemplo,2670.21,"Probiótico Diario, Colágeno Rosa",2024-05-14 15:34,Se me cae mucho el cabello,"no se, me llamo la atencion",No tenia ningun miedo,Otro,Me acordé de ustedes,
Ana Demo,demo+0421@example.com,Pueblo Demo,4013.32,Proteína Vainilla,2024-01-08 21:01,Mejorar mi salud en general,Se nota la diferencia,,Instagram,Vi un anuncio,Instagram
Jorge Muestra,demo+0422@example.com,Ciudad Ejemplo,664.71,Inositol Balance,2024-02-07 17:55,tengo sop y quiero regular mi ciclo.,siempre les compro,que no funcionaran,Instagram,Me acordé de ustedes,
Sofía Muestra,demo+0423@example.com,Villa Prueba,2755.81,"Probiótico Diario, Colágeno Rosa",2024-06-07 16:11,Tengo SOP y quiero regular mi ciclo,Me gusta apoyar negocios locales,Que fuera fraude,Instagram,Me acordé de ustedes,
Daniela Muestra,demo+0424@example.com,Pueblo Demo,3882.03,Omega Calma,2024-04-26 08:12,Tengo SOP y quiero regular mi ciclo,A mi prima le dio resultado.,El tiempo de entrega,Me lo recomendaron,Alguien me habló de ti,
Diego Demo,demo+0425@example.com,Villa Prueba,3659.95,"Probiótico Diario, Omega Calma, Colágeno Rosa",2024-06-23 19:11,mejorar mi salud en general.,una compañera de trabajo los toma,No tenía ningún miedo,Instagram,Estaba buscando algo en Google,
Sofía Prueba,demo+0426@example.com,Ciudad Ejemplo,3408.34,Proteína Vainilla,2024-03-16 08:29,Bajar de peso despues del embarazo,A mi prima le dio resultado,que mi espso se enojara jaja,Instagram,Alguien me habló de ti,
Jorge Ejemplo,demo+0427@example.com,Pueblo Demo,2045.65,"Omega Calma, Colágeno Rosa, Inositol Balance",2024-05-28 15:15,"Mejorar mi digestión, vivo inflamada",Me lo recomendo una amiga,Que no llegara el pedido,Instagram,Por mi propia cuenta,
María Prueba,demo+0428@example.com,Villa Prueba,4087.11,"Probiótico Diario, Omega Calma",2024-05-25 11:04,Se me cae mucho el cabello,se nota la diferencia,Ninguno.,Me lo recomendaron,Recibí un e-mail,
Lucía Ejemplo,demo+0429@example.com,Ciudad Ejemplo,1583.31,Inositol Balance,2024-01-15 09:12,Bajar de peso despues del embarazo,Ya lo había comprado antes,Gastar y no ver ningun resultado,Me lo recomendaron,Recibí un e-mail,
Jorge Ficticio,demo+0430@example.com,Ciudad Ejemplo,2458.58,"Omega Calma, Magnesio Noche, Proteína Vainilla",2024-04-03 19:14,Resistencia a la insulina,,Que no llegue a mi ciudad,Me lo recomendaron,Me acordé de ustedes,
Jorge Muestra,demo+0431@example.com,Ciudad Ejemplo,4149.59,Proteína Vainilla,2024-03-07 12:47,ninguno,No tiene azucar ni cosas raras,Que no llegue a mi ciudad,Me lo recomendaron,Por mi propia cuenta,
Ana Muestra,demo+0432@example.com,Ciudad Ejemplo,3934.17,Inositol Balance,2024-02-15 09:27,Colitis,A mi prima le dio resultado,Que saliera muy caro con el envio.,Instagram,Me acordé de ustedes,
Pablo Ficticio,demo+0433@example.com,Ciudad Ejemplo,3615.69,Omega Calma,2024-02-13 22:32,Dolor de rodillas,sin químicos,Que no llegue a mi ciudad.,Me lo recomendaron,Vi un anuncio,TikTok
Sofía Ficticio,demo+0434@example.com,Villa Prueba,1383.32,"Magnesio Noche, Colágeno Rosa, Omega Calma",2024-06-24 23:45,nada en especial,Es mi segunda vez.,ninguna,Instagram,Me acordé de ustedes,
Carlos Muestra,demo+0435@example.com,Villa Prueba,912.9,"Probiótico Diario, Proteína Vainilla",2024-03-11 21:35,Se me cae mucho el cabello.,es mi segunda vez,Que tardara muchoel envio,Instagram,Por mi propia cuenta,
Jorge Ficticio,demo+0436@example.com,Villa Prueba,793.6,Proteína Vainilla,2024-04-18 14:29,tener más energía en el día,a mi prima le dio resultado,none,Me lo recomendaron,Recibí un e-mail,
Valeria Ficticio,demo+0437@example.com,Pueblo Demo,1126.39,"Probiótico Diario, Inositol Balance, Colágeno Rosa",2024-05-28 10:11,Tener más energía en el día,Me gusta apoyar negcios locales,Que no me sirva como  los demas,Me lo recomendaron,Por mi propia cuenta,
Carlos Demo,demo+0438@example.com,Villa Prueba,2796.25,"Probiótico Diario, Magnesio Noche, Proteína Vainilla",2024-04-25 20:37,Me duelen mucho las articulaciones,Vi muchos testimonios,,Facebook,Por mi propia cuenta,
Sofía Muestra,demo+0439@example.com,Ciudad Ejemplo,1745.89,"Probiótico Diario, Inositol Balance, Proteína Vainilla",2024-06-19 23:55,,es mi segunda vez,dar mis datos de tarjeta en una tienda nueva,Me lo recomendaron,Alguien me habló de ti,
Diego Ejemplo,demo+0440@example.com,Pueblo Demo,1686.58,"Inositol Balance, Magnesio Noche",2024-01-25 15:11,Resistencia a la insulina.,m urgía.,ninguno.,Instagram,Por mi propia cuenta,
Daniela Demo,demo+0441@example.com,Ciudad Ejemplo,2784.44,Probiótico Diario,2024-06-02 12:48,curiosidad.,Es mi segunda vez,,Me lo recomendaron,Me acordé de ustedes,
Pablo Ejemplo,demo+0442@example.com,Ciudad Ejemplo,1824.64,"Omega Calma, Inositol Balance, Colágeno Rosa",2024-06-15 22:30,tengo sop y quiero egular mi ciclo,ya habia probado otros y no me sirvieron,Que tardara mucho el envío,Instagram,Por mi propia cuenta,
Ana Demo,demo+0443@example.com,Villa Prueba,1908.01,"Proteína Vainilla, Inositol Balance, Probiótico Diario",2024-01-19 20:55,nada en especial,Se nota la diferencia,Que mi esposo se enojara jaja,TikTok,Me acordé de ustedes,
Ana Ficticio,demo+0444@example.com,Villa Prueba,886.61,Omega Calma,2024-06-02 17:11,I want to sleep better.,Por la comunidad que tienen,que se perdiera el paquete,Instagram,Alguien me habló de ti,
Valeria Muestra,demo+0445@example.com,Pueblo Demo,2222.16,Inositol Balance,2024-04-08 09:29,nada en especial,,Que fuera una estafa,Instagram,Vi un anuncio,TikTok
Fernanda Ficticio,demo+0446@example.com,Pueblo Demo,1385.08,Proteína Vainilla,2024-02-22 21:07,Dolor de rodillas,Una compañera de trabajo los toma,Dar mis datos de tarjeta en una tienda nueva,Otro,Por mi propia cuenta,
Daniela Prueba,demo+0447@example.com,Pueblo Demo,2563.44,Proteína Vainilla,2024-05-17 14:50,Curiosdad,Tenian 20% de descuento,,Me lo recomendaron,Por mi propia cuenta,
Jorge Ejemplo,demo+0448@example.com,Ciudad Ejemplo,3926.85,"Omega Calma, Proteína Vainilla",2024-02-04 21:10,,,que fuera puro marketing,Instagram,Por mi propia cuenta,
Sofía Prueba,demo+0449@example.com,Ciudad Ejemplo,3650.14,Proteína Vainilla,2024-03-03 09:43,es un regalo para mi mama,Me urgía,That it wouldn't work,Facebook,Por mi propia cuenta,
Daniela Demo,demo+0450@example.com,Ciudad Ejemplo,2833.86,"Probiótico Diario, Omega Calma, Colágeno Rosa",2024-06-05 08:16,,Ya había probado otros y no me sirvieron,Que fuera fraude,Me lo recomendaron,Por mi propia cuenta,
Ana Demo,demo+0451@example.com,Pueblo Demo,3008.54,"Omega Calma, Proteína Vainilla, Probiótico Diario",2024-06-15 23:21,i want to sleep better,Vi muchos testimonios,nada,Instagram,Por mi propia cuenta,
Carlos Ejemplo,demo+0452@example.com,Villa Prueba,4118.24,"Colágeno Rosa, Magnesio Noche, Proteína Vainilla",2024-06-28 16:42,,Está respaldado por ciencia,que no funcionaran,Instagram,Por mi propia cuenta,
Valeria Demo,demo+0453@example.com,Pueblo Demo,3985.32,"Inositol Balance, Proteína Vainilla, Colágeno Rosa",2024-06-01 19:01,Bajar de peso despues del embarazo,Sin químicos,Que no me sirva como a los demás.,TikTok,Me acordé de ustedes,
María Ficticio,demo+0454@example.com,Villa Prueba,2852.03,Magnesio Noche,2024-03-02 17:27,Tengo SOP y quiero reglar mi ciclo,Se nota la diferencia.,,Instagram,Me acordé de ustedes,
Sofía Ejemplo,demo+0455@example.com,Ciudad Ejemplo,3515.48,"Omega Calma, Inositol Balance, Magnesio Noche",2024-04-09 18:23,Tener más energía en el día,A mi prima le dio resultado,Gastar y no ver ningún resultado,TikTok,Estaba buscando algo en Google,
Ana Ejemplo,demo+0456@example.com,Ciudad Ejemplo,2116.72,"Magnesio Noche, Proteína Vainilla",2024-01-13 08:58,,Es una marca mexicana,,Google,Me acordé de ustedes,
Diego Prueba,demo+0457@example.com,Pueblo Demo,1532.65,Proteína Vainilla,2024-04-20 12:17,Me duelen mucho las articulaciones.,sin quimicos,que fuera puro marketing.,Instagram,Alguien me habló de ti,
Daniela Ejemplo,demo+0458@example.com,Pueblo Demo,3625.45,"Proteína Vainilla, Omega Calma",2024-06-01 10:15,Se me cae mucho el cabello,Vi muchos testimonios,El tiempo de entrega,Instagram,Vi un anuncio,Facebook
Luis Muestra,demo+0459@example.com,Villa Prueba,2318.29,"Omega Calma, Colágeno Rosa",2024-02-24 13:23,Tener más energía en el día,Por la comunidad que tienen.,Ninguno,Google,Por mi propia cuenta,
Sofía Ficticio,demo+0460@example.com,Ciudad Ejemplo,733.66,Proteína Vainilla,2024-05-20 23:08,curiosidad,Vi muchos testimonios,Que fuera fraude.,Facebook,Por mi propia cuenta,
Pablo Muestra,demo+0461@example.com,Pueblo Demo,2724.24,"Magnesio Noche, Probiótico Diario",2024-01-22 16:58,Cansancio tod el tiempo,está respaldado por ciencia,,Me lo recomendaron,Me acordé de ustedes,
María Prueba,demo+0462@example.com,Ciudad Ejemplo,1764.16,Inositol Balance,2024-03-27 16:45,quiero ver resultados reales esta ez,Más barato que en la farmacia,Queno me sirva como a los demás,Me lo recomendaron,Me acordé de ustedes,
Ana Prueba,demo+0463@example.com,Ciudad Ejemplo,2854.11,Colágeno Rosa,2024-04-10 17:22,"Mejorar mi digestión, vivo inflamada",Me lo recomendo una amiga,Que no me sirva como a los demás,Instagram,Por mi propia cuenta,
Lucía Ejemplo,demo+0464@example.com,Ciudad Ejemplo,2948.17,Probiótico Diario,2024-06-12 15:51,"probar algo que si funcione, ya intente de todo",está respaldado por ciencia,,TikTok,Me acordé de ustedes,
Sofía Prueba,demo+0465@example.com,Villa Prueba,1468.55,"Proteína Vainilla, Inositol Balance, Magnesio Noche",2024-03-13 13:58,controlar la ansiedad.,,que no me llegara,Instagram,Por mi propia cuenta,
Jorge Prueba,demo+0466@example.com,Ciudad Ejemplo,3608.43,Omega Calma,2024-04-05 10:35,I want to sleep better,"No se, me llamo la atencion",Que fuera puro marketing,Me lo recomendaron,Vi un anuncio,Facebook
Sofía Demo,demo+0467@example.com,Ciudad Ejemplo,3480.71,"Probiótico Diario, Magnesio Noche",2024-02-03 18:40,Dolor de rodillas,Que los ingredientes son naturales,No tenia ningun miedo,Instagram,Por mi propia cuenta,
Pablo Prueba,demo+0468@example.com,Pueblo Demo,1972.08,Omega Calma,2024-06-09 20:45,jint pain,No tiene azucar ni cosas raras,Is this brand legit?,Instagram,Por mi propia cuenta,
Carlos Ficticio,demo+0469@example.com,Pueblo Demo,2587.87,"Inositol Balance, Proteína Vainilla, Magnesio Noche",2024-01-07 17:27,Resistencia a la insulina,una companera de trabajo los toma,Que no me sirva como a los demás.,Facebook,Vi un anuncio,Instagram
Fernanda Prueba,demo+0470@example.com,Ciudad Ejemplo,2081.59,Colágeno Rosa,2024-04-05 19:25,Mejorar mi salud en genral.,Por la comunidad que tinen,Gastar y no ver ningún resultado,Me lo recomendaron,Vi un anuncio,Instagram
Lucía Muestra,demo+0471@example.com,Pueblo Demo,4115.67,"Magnesio Noche, Colágeno Rosa",2024-05-26 14:00,"mejorar mi digestión, vivo inflamada",Me lo recomendó una amiga,That it wouldn't work.,Me lo recomendaron,Me acordé de ustedes,
Sofía Demo,demo+0472@example.com,Ciudad Ejemplo,1478.5,"Omega Calma, Probiótico Diario, Inositol Balance",2024-04-01 10:53,"Mejorar mi digestión, vivo inflamada",El precio,Que no me sirva como a los demás.,Instagram,Vi un anuncio,Instagram
Luis Ficticio,demo+0473@example.com,Ciudad Ejemplo,863.78,"Omega Calma, Probiótico Diario",2024-04-21 14:26,"probar algo que si funcione, ya intente de todo",clean ingredients,Que no hiciera efecto,Me lo recomendaron,Por mi propia cuenta,
Diego Demo,demo+0474@example.com,Ciudad Ejemplo,2597.79,Colágeno Rosa,2024-04-14 09:59,Es un regalo para mi mama,Me dio confianza que fuera orgánico,,Instagram,Vi un anuncio,Instagram
Diego Muestra,demo+0475@example.com,Pueblo Demo,487.37,Colágeno Rosa,2024-06-08 08:00,Es un regalo para mi mamá,Me dio confianza que fueraorgánico,gastar y no ver ningún resultado.,Google,Por mi propia cuenta,
Diego Muestra,demo+0476@example.com,Ciudad Ejemplo,2110.47,"Omega Calma, Proteína Vainilla",2024-04-03 20:40,Ninguno,está respaldado por ciencia,No tenía ningún miedo,TikTok,Por mi propia cuenta,
Jorge Ficticio,demo+0477@example.com,Ciudad Ejemplo,3709.35,"Inositol Balance, Omega Calma",2024-02-07 16:18,Acne hormonal,,Gastar y no ver ningun resultado.,Google,Alguien me habló de ti,
Daniela Ficticio,demo+0478@example.com,Ciudad Ejemplo,2591.27,Inositol Balance,2024-03-20 17:24,Niguno,Ya lo había comprado antes,,Instagram,Vi un anuncio,YouTube
Daniela Demo,demo+0479@example.com,Villa Prueba,1350.4,Inositol Balance,2024-05-27 22:32,se me cae mucho el cabello,No tiene azucar ni cosas raras,El tiempo de entrega,Me lo recomendaron,Me acordé de ustedes,
Pablo Muestra,demo+0480@example.com,Pueblo Demo,700.84,Omega Calma,2024-02-25 10:05,Dormir mejor,M lo recomendó una amiga,que no llegue a mi ciudad.,Otro,Alguien me habló de ti,
Sofía Ficticio,demo+0481@example.com,Pueblo Demo,3347.38,"Magnesio Noche, Probiótico Diario, Omega Calma",2024-02-01 21:56,Dormir mejor,,Ninguno 😊,Instagram,Vi un anuncio,Instagram
Lucía Prueba,demo+0482@example.com,Villa Prueba,873.96,"Proteína Vainilla, Inositol Balance, Probiótico Diario",2024-03-15 12:26,la verdad no se,,"El precio, está un poco caro",Me lo recomendaron,Por mi propia cuenta,
Fernanda Prueba,demo+0483@example.com,Pueblo Demo,700.46,Omega Calma,2024-04-15 17:59,Cansancio todo el tiempo.,Una companera de trabajo los toma,No tenia ningun miedo.,Instagram,Por mi propia cuenta,
María Prueba,demo+0484@example.com,Pueblo Demo,1182.33,Colágeno Rosa,2024-06-02 23:03,Colitis,Porque sí,que no me llegara,Me lo recomendaron,Me acordé de ustedes,
Pablo Demo,demo+0485@example.com,Ciudad Ejemplo,620.96,"Magnesio Noche, Colágeno Rosa, Omega Calma",2024-02-06 15:07,controlar a ansiedad,Mi hermana los usa y le fue muy bien,Que no hiciera efecto,Facebook,Por mi propia cuenta,
Diego Prueba,demo+0486@example.com,Pueblo Demo,2447.49,Proteína Vainilla,2024-02-22 12:39,Curiosidad.,Mi hermana los usa y le fue muy bien,Que no llegue a mi ciudad,Me lo recomendaron,Vi un anuncio,Instagram
Pablo Ficticio,demo+0487@example.com,Pueblo Demo,3148.02,Probiótico Diario,2024-06-26 09:58,"Mejorar mi digestión, vivo inflamada",Por las resenas,Que no hiciera efecto.,Me lo recomendaron,Estaba buscando algo en Google,
Diego Ficticio,demo+0488@example.com,Ciudad Ejemplo,1909.5,Proteína Vainilla,2024-01-06 18:01,Dormir mejor,El empaque está muy bonito,Is this brand legit?,Facebook,Me acordé de ustedes,
Fernanda Ficticio,demo+0489@example.com,Pueblo Demo,3510.29,"Colágeno Rosa, Inositol Balance",2024-05-22 16:27,nada en especial.,Clean ingredients,gastar y no ver ningún resultado,Instagram,Me acordé de ustedes,
Pablo Demo,demo+0490@example.com,Villa Prueba,1283.1,"Inositol Balance, Omega Calma",2024-01-04 21:35,colitis,Vi muchos testimonios,No sé,Facebook,Por mi propia cuenta,
Sofía Muestra,demo+0491@example.com,Villa Prueba,3253.02,"Colágeno Rosa, Proteína Vainilla, Inositol Balance",2024-04-16 14:05,"Probar algo que sí funcione, ya intenté de todo",,El tiempo de entrega,Facebook,Alguien me habló de ti,
María Prueba,demo+0492@example.com,Villa Prueba,1412.34,Magnesio Noche,2024-04-12 10:49,Me duelen mucho las articulaciones,a mi prima le dio resultado,Que fuera fraude.,Instagram,Por mi propia cuenta,
Fernanda Demo,demo+0493@example.com,Ciudad Ejemplo,1472.26,Inositol Balance,2024-02-15 14:08,I want to sleep better,por la comunidad que tienen,Que no me gustara el sabor,Instagram,Por mi propia cuenta,
Sofía Ejemplo,demo+0494@example.com,Ciudad Ejemplo,1959.64,Omega Calma,2024-01-27 12:37,dormir ejor,,Que tardara mucho el envío,TikTok,Me acordé de ustedes,
Ana Prueba,demo+0495@example.com,Villa Prueba,2326.49,Magnesio Noche,2024-03-12 11:16,"mejorar mi digestión, vivo inflamada",A mi prima le dio resultado,,Instagram,Me acordé de ustedes,
Jorge Ejemplo,demo+0496@example.com,Ciudad Ejemplo,621.41,Proteína Vainilla,2024-01-05 19:47,Quiero ver resultados reales esta vez,Siempre les compro,Que no funcione,Otro,Vi un anuncio,Instagram
Daniela Demo,demo+0497@example.com,Villa Prueba,2443.23,"Omega Calma, Colágeno Rosa",2024-06-27 08:05,mejorar mi salud en general,Está respaldado por ciencia,Que no funcione,Otro,Por mi propia cuenta,
María Ficticio,demo+0498@example.com,Pueblo Demo,1589.47,"Colágeno Rosa, Inositol Balance",2024-06-28 22:06,,Vi muchos testimonios,That it wouldn't work,Me lo recomendaron,Por mi propia cuenta,
Sofía Ejemplo,demo+0499@example.com,Ciudad Ejemplo,2251.38,Magnesio Noche,2024-01-25 23:02,Curiosidad,Porque sifuncionan,Nada,Otro,Por mi propia cuenta,
Lucía Prueba,demo+0500@example.com,Pueblo Demo,1036.59,"Inositol Balance, Probiótico Diario, Omega Calma",2024-04-27 16:07,Se me cae mucho el cabello,es mi segunda vez,que no me llegara,Google,Por mi propia cuenta,
Daniela Muestra,demo+0501@example.com,Pueblo Demo,3832.65,"Probiótico Diario, Colágeno Rosa, Magnesio Noche",2024-04-15 11:07,,Me lo recomendó una amiga,,Instagram,Por mi propia cuenta,
Carlos Ficticio,demo+0502@example.com,Ciudad Ejemplo,1582.98,"Proteína Vainilla, Omega Calma",2024-05-24 18:12,Quiero ver resultados reales esta vez,Ya lo habia comprado antes,que fuera una estafa.,Instagram,Por mi propia cuenta,
Sofía Demo,demo+0503@example.com,Villa Prueba,3943.28,"Omega Calma, Inositol Balance, Magnesio Noche",2024-02-14 17:38,nada en especial,Está respaldado por ciencia,Que fuera puro marketing,Instagram,Alguien me habló de ti,
Ana Ejemplo,demo+0504@example.com,Ciudad Ejemplo,3115.85,"Colágeno Rosa, Omega Calma",2024-01-19 13:14,bajar de peso despues del embarazo,Me lo recomendo una amiga,Ninguno 😊.,Instagram,Me acordé de ustedes,
Fernanda Ficticio,demo+0505@example.com,Ciudad Ejemplo,912.83,Magnesio Noche,2024-04-18 09:48,Me duelen mucho las articulaciones,Me dio confianza que fuera orgánico,niguno,Me lo recomendaron,Por mi propia cuenta,
María Demo,demo+0506@example.com,Pueblo Demo,3745.8,Magnesio Noche,2024-03-18 15:46,curiosidad,me urgía,that it wouldn't work,Instagram,Por mi propia cuenta,
Pablo Ejemplo,demo+0507@example.com,Pueblo Demo,2322.58,Magnesio Noche,2024-04-02 09:41,Colitis,Porque sí funcionan,Que no hiciera efecto,Instagram,Vi un anuncio,Instagram
Jorge Ficticio,demo+0508@example.com,Pueblo Demo,1962.06,"Inositol Balance, Probiótico Diario, Colágeno Rosa",2024-02-27 23:10,,No tiene azúcar ni cosas raras,Que saliera muy caro con el envio,Otro,Por mi propia cuenta,
Jorge Ficticio,demo+0509@example.com,Ciudad Ejemplo,2063.75,"Probiótico Diario, Proteína Vainilla, Inositol Balance",2024-05-18 12:06,Tengo SOP y quiero regular mi ciclo.,Me gusta apoyar negocios locales.,que no me sirva como a los demás,Instagram,Vi un anuncio,Instagram
Sofía Prueba,demo+0510@example.com,Ciudad Ejemplo,2946.88,Omega Calma,2024-02-27 22:28,Bajar de peso despues del embarazo,tenían 20% de descuento,que tardara mucho el envio,Me lo recomendaron,Recibí un e-mail,
Valeria Ejemplo,demo+0511@example.com,Villa Prueba,3772.27,Magnesio Noche,2024-02-17 19:52,"Probar algo que sí funcione, ya intenté de todo",A mi prima le dio resultado,Soy alérgica a varias cosas,Google,Recibí un e-mail,
Valeria Demo,demo+0512@example.com,Villa Prueba,1059.17,"Magnesio Noche, Proteína Vainilla, Colágeno Rosa",2024-02-16 21:19,controlar la ansiedad,estaba en promocion.,Que se perdiera el paquete,Google,Por mi propia cuenta,
Pablo Ejemplo,demo+0513@example.com,Pueblo Demo,3292.7,"Proteína Vainilla, Omega Calma, Inositol Balance",2024-03-07 18:32,Resistencia a la insulina,Mi hermana los usa y le fue muy bien,que no me llegara,Me lo recomendaron,Vi un anuncio,Instagram
Fernanda Ejemplo,demo+0514@example.com,Villa Prueba,4130.15,Omega Calma,2024-04-12 20:19,,Por la comunidad que tienen,Que no me gustara el sabor,Me lo recomendaron,Vi un anuncio,Instagram
Valeria Prueba,demo+0515@example.com,Villa Prueba,4007.33,"Colágeno Rosa, Proteína Vainilla, Magnesio Noche",2024-01-23 19:09,Mejorar mi salud en general.,Vi muchos testimonios,Dar mis datos de tarjeta en una tienda nueva,Instagram,Recibí un e-mail,
Pablo Demo,demo+0516@example.com,Ciudad Ejemplo,1057.13,"Probiótico Diario, Inositol Balance",2024-02-05 13:52,Tener más energía en el día,Por la comunidad que tieen,Que fuera puro marketing,Instagram,Me acordé de ustedes,
Pablo Demo,demo+0517@example.com,Villa Prueba,2977.15,Magnesio Noche,2024-06-20 12:07,Me duelen mucho las articulaciones,Por las resenas,Efectos secundarios,Instagram,Estaba buscando algo en Google,
Diego Ficticio,demo+0518@example.com,Ciudad Ejemplo,1150.42,"Probiótico Diario, Proteína Vainilla",2024-06-05 10:59,Tengo SOP y quiero regular mi ciclo,Una cmpanera de trabajo los toma,no tenía ningún miedo,Me lo recomendaron,Por mi propia cuenta,
Diego Muestra,demo+0519@example.com,Pueblo Demo,1981.69,"Proteína Vainilla, Colágeno Rosa, Probiótico Diario",2024-01-21 16:05,,el empaque está muy bonito,que no funcionaran.,TikTok,Por mi propia cuenta,
Fernanda Demo,demo+0520@example.com,Pueblo Demo,588.31,"Colágeno Rosa, Inositol Balance",2024-03-25 15:49,se me cae mucho el cabello,,que no funcionaran,Me lo recomendaron,Por mi propia cuenta,
María Demo,demo+0521@example.com,Villa Prueba,1275.84,"Inositol Balance, Colágeno Rosa, Probiótico Diario",2024-04-02 17:01,Dormir mejor,Vi muchos testimonios,Que no hiciera efecto,Me lo recomendaron,Por mi propia cuenta,
Daniela Muestra,demo+0522@example.com,Ciudad Ejemplo,2880.5,"Proteína Vainilla, Probiótico Diario",2024-03-05 10:40,Dormir mejor,Sin quimicos,Que fuera puro marketig,Me lo recomendaron,Vi un anuncio,Instagram
Sofía Ejemplo,demo+0523@example.com,Ciudad Ejemplo,3483.6,"Magnesio Noche, Probiótico Diario",2024-02-09 13:53,Bajar de peso despues del embarazo,No tiene azucar ni cosas raras,,Facebook,Recibí un e-mail,
Fernanda Muestra,demo+0524@example.com,Pueblo Demo,2061.67,"Magnesio Noche, Inositol Balance",2024-03-05 23:45,Quiero ver resultados reale esta vez,,que no me sirva como a los demas,Google,Me acordé de ustedes,
Jorge Ficticio,demo+0525@example.com,Pueblo Demo,3557.55,"Proteína Vainilla, Probiótico Diario, Inositol Balance",2024-05-22 18:00,Se me cae mucho el cabello,a mi prima le dioresultado,,Me lo recomendaron,Estaba buscando algo en Google,
Pablo Demo,demo+0526@example.com,Villa Prueba,3731.22,"Magnesio Noche, Proteína Vainilla, Inositol Balance",2024-04-06 19:02,joint pain,Se nota la diferencia,"El precio, está un oco caro",Instagram,Alguien me habló de ti,
María Prueba,demo+0527@example.com,Ciudad Ejemplo,2313.78,Omega Calma,2024-05-04 23:50,I want to sleep better,Está respaldado por ciencia,Ninguno 😊,Me lo recomendaron,Por mi propia cuenta,
Diego Ficticio,demo+0528@example.com,Villa Prueba,838.79,Proteína Vainilla,2024-06-18 13:59,Mejorar mi salud en general,Me lo recomendó una amiga,Que se perdiera el paquete,Me lo recomendaron,Vi un anuncio,Instagram
Luis Ejemplo,demo+0529@example.com,Villa Prueba,2395.38,Colágeno Rosa,2024-04-03 14:57,Cansancio todo el tiempo.,Se nota la diferencia,que no funcionaran,Me lo recomendaron,Por mi propia cuenta,
Fernanda Ejemplo,demo+0530@example.com,Villa Prueba,1899.13,"Magnesio Noche, Inositol Balance",2024-04-02 17:31,Tener más energía en el día,El empaque está muy bonito,ninguno 😊.,Me lo recomendaron,Por mi propia cuenta,
Ana Muestra,demo+0531@example.com,Ciudad Ejemplo,3927.07,Proteína Vainilla,2024-03-14 11:40,Dormir mejor,"No se, me llamo la atencion",Nada.,Instagram,Vi un anuncio,Instagram
Valeria Demo,demo+0532@example.com,Ciudad Ejemplo,665.08,"Colágeno Rosa, Inositol Balance, Proteína Vainilla",2024-02-14 10:15,se me cae muchoel cabello,Me dio confianza que fuera organico.,Que no llegue a mi ciudad,Instagram,Por mi propia cuenta,
María Ejemplo,demo+0533@example.com,Pueblo Demo,3295.6,"Inositol Balance, Colágeno Rosa",2024-02-06 18:51,Me duelen mucho las articulaciones,,Que no funcine.,Facebook,Alguien me habló de ti,
Fernanda Demo,demo+0534@example.com,Ciudad Ejemplo,1234.12,"Proteína Vainilla, Omega Calma, Inositol Balance",2024-03-17 23:20,Ninguno.,,El tiempo de entrega,Instagram,Por mi propia cuenta,
Daniela Prueba,demo+0535@example.com,Villa Prueba,4166.62,"Magnesio Noche, Inositol Balance",2024-01-03 09:34,La verdad no se,Me dio confianza que fuera organico,que no funcionaran,Me lo recomendaron,Alguien me habló de ti,
Daniela Ficticio,demo+0536@example.com,Villa Prueba,3559.25,"Omega Calma, Probiótico Diario, Proteína Vainilla",2024-05-20 19:21,dormir mejor,Se nota la diferencia,gastar y no ver ningun resultado,Facebook,Por mi propia cuenta,
Lucía Demo,demo+0537@example.com,Ciudad Ejemplo,2394.54,Inositol Balance,2024-05-18 12:45,I want to sleep better,Porque sí,Que no llegue a mi ciudad,TikTok,Me acordé de ustedes,
Jorge Ficticio,demo+0538@example.com,Villa Prueba,1327.03,"Colágeno Rosa, Proteína Vainilla",2024-06-24 17:32,Resistencia a la insulina,Una compañera de trabajo los toma.,Is this rand legit?,TikTok,Alguien me habló de ti,
María Ficticio,demo+0539@example.com,Ciudad Ejemplo,3971.57,Inositol Balance,2024-01-20 22:27,"Mejorar mi digestión, vivo inflamada",,Que se perdiera el paquete,Instagram,Por mi propia cuenta,
Pablo Muestra,demo+0540@example.com,Villa Prueba,448.82,"Proteína Vainilla, Probiótico Diario, Colágeno Rosa",2024-05-12 19:31,joint pain,me ayudó muchísimo con la inflamación,que no funcionaran,Instagram,Por mi propia cuenta,
María Ficticio,demo+0541@example.com,Pueblo Demo,1241.04,"Probiótico Diario, Colágeno Rosa",2024-06-02 22:30,Tengo SOP y quiero regular mi ciclo.,Me lo recomendó una amiga,"El precio, esta un poco caro",Instagram,Vi un anuncio,Instagram
Luis Demo,demo+0542@example.com,Ciudad Ejemplo,3328.21,"Inositol Balance, Proteína Vainilla",2024-04-18 15:46,Bajar de peso despues del embarazo,que los ingredientes son naturales,que se perdiera el paquete.,TikTok,Alguien me habló de ti,
Ana Ejemplo,demo+0543@example.com,Pueblo Demo,3668.88,"Magnesio Noche, Colágeno Rosa",2024-01-28 21:20,"mejorar mi digestión, vivo inflamada",se nota la diferencia,No conocía la marca,Google,Por mi propia cuenta,
Fernanda Ficticio,demo+0544@example.com,Ciudad Ejemplo,4037.24,"Proteína Vainilla, Probiótico Diario, Colágeno Rosa",2024-01-17 09:16,Resistencia a la insulina,A mi prima le dio resultado,Que mi esposo se enojara jaja,Me lo recomendaron,Vi un anuncio,Instagram
Pablo Ejemplo,demo+0545@example.com,Ciudad Ejemplo,1971.93,Magnesio Noche,2024-02-27 18:10,Ninguno,,ninguna,Instagram,Vi un anuncio,Instagram
Pablo Muestra,demo+0546@example.com,Pueblo Demo,2834.21,Inositol Balance,2024-02-11 16:49,Dolor de rodills,Me dio confianza que fuera orgánico,que fuera puro marketing,Me lo recomendaron,Por mi propia cuenta,
Ana Muestra,demo+0547@example.com,Pueblo Demo,588.52,Omega Calma,2024-04-09 09:43,Bajar de peso despues del embarazo.,Siempre les compro,No tenía ningún miedo,Facebook,Me acordé de ustedes,
Lucía Demo,demo+0548@example.com,Villa Prueba,1760.89,Inositol Balance,2024-06-08 19:21,acne hormonal,Tenían 20% de descuento,que se perdiera el paquete,TikTok,Por mi propia cuenta,
Carlos Ejemplo,demo+0549@example.com,Ciudad Ejemplo,3521.59,"Proteína Vainilla, Omega Calma",2024-05-20 16:34,Ninguno,Me urgía,Que fuera puro marketing,Instagram,Por mi propia cuenta,
Diego Prueba,demo+0550@example.com,Pueblo Demo,3935.13,Magnesio Noche,2024-04-06 09:33,Curosidad,a mi prima le dio resultado,Que fuera puro marketing,Me lo recomendaron,Recibí un e-mail,
Lucía Prueba,demo+0551@example.com,Pueblo Demo,1014.48,"Probiótico Diario, Colágeno Rosa, Proteína Vainilla",2024-03-10 23:13,quiero ver resultados reales esta vez,Está respaldado por ciencia,Soy alérgica a varias cosas,TikTok,Por mi propia cuenta,
Diego Ejemplo,demo+0552@example.com,Ciudad Ejemplo,2372.9,"Omega Calma, Magnesio Noche, Inositol Balance",2024-04-16 14:02,,Clean ingredients,que no funcionaran,Instagram,Por mi propia cuenta,
Diego Ejemplo,demo+0553@example.com,Ciudad Ejemplo,1609.95,Colágeno Rosa,2024-04-16 12:01,,Tenian 20% de descuento,que no funcionaran,Me lo recomendaron,Vi un anuncio,Instagram
Lucía Ejemplo,demo+0554@example.com,Ciudad Ejemplo,441.1,Colágeno Rosa,2024-06-15 08:54,Cansancio todo el tiempo,"No sé, me llamó la atención",ninguna,Facebook,Me acordé de ustedes,
Pablo Prueba,demo+0555@example.com,Villa Prueba,2158.09,"Omega Calma, Probiótico Diario",2024-01-25 20:50,Controlar la ansiedad.,Es mi segunda vez,No conocía la marca,Instagram,Por mi propia cuenta,
Diego Ejemplo,demo+0556@example.com,Ciudad Ejemplo,1538.52,"Colágeno Rosa, Omega Calma",2024-05-06 18:41,"Probar algo que sí funcione, ya intenté de todo",Me gusta apoyar negocios locales,que no funcionaran,Instagram,Por mi propia cuenta,
Daniela Demo,demo+0557@example.com,Pueblo Demo,3410.2,Colágeno Rosa,2024-03-28 23:16,,por la comunidad que tienen,Nada,Instagram,Por mi propia cuenta,
Diego Ejemplo,demo+0558@example.com,Pueblo Demo,2796.76,"Magnesio Noche, Proteína Vainilla, Colágeno Rosa",2024-03-18 14:14,Se me cae mucho el cabello,Me ayudó muchísimo con la inflamación.,No tenía ningún miedo,Me lo recomendaron,Vi un anuncio,Instagram
Carlos Ejemplo,demo+0559@example.com,Pueblo Demo,1450.64,"Omega Calma, Proteína Vainilla",2024-05-08 19:06,dormir mejor,Clean ingredients,que no funcione,Google,Por mi propia cuenta,
Valeria Prueba,demo+0560@example.com,Villa Prueba,1580.56,Colágeno Rosa,2024-06-12 19:25,"probar algo que sí funcione, ya intenté de todo",Sin químicos,que no llegara el pedido,TikTok,Me acordé de ustedes,
Valeria Muestra,demo+0561@example.com,Pueblo Demo,561.47,Inositol Balance,2024-04-20 15:07,,Estaba en promoción,No conocia la marca,TikTok,Vi un anuncio,Facebook
Carlos Ejemplo,demo+0562@example.com,Villa Prueba,1407.26,Proteína Vainilla,2024-03-23 23:26,joint ain,Ya había probado otros y no me sirvieron.,que o me llegara,Facebook,Vi un anuncio,Instagram
Carlos Ficticio,demo+0563@example.com,Ciudad Ejemplo,3063.84,"Proteína Vainilla, Probiótico Diario, Inositol Balance",2024-06-26 13:02,Ninguno.,Es mi segunda vez,Que no hiciera efecto,Facebook,Por mi propia cuenta,
Valeria Ficticio,demo+0564@example.com,Pueblo Demo,1535.05,"Proteína Vainilla, Magnesio Noche, Probiótico Diario",2024-02-02 14:32,Mejorar mi salud en general,por la comunidad que tienen,que no llegara el pedido,Me lo recomendaron,Vi un anuncio,Instagram
Ana Muestra,demo+0565@example.com,Pueblo Demo,1459.67,Omega Calma,2024-04-06 18:34,Dolor de rodillas,"No sé, me llamó la atención",,Instagram,Alguien me habló de ti,
Valeria Ficticio,demo+0566@example.com,Pueblo Demo,2391.88,Colágeno Rosa,2024-05-13 20:08,Mejorar mi salud en gneral,Vi muchos testimonios,No tenia ningun miedo.,Instagram,Por mi propia cuenta,
Carlos Muestra,demo+0567@example.com,Pueblo Demo,413.88,Magnesio Noche,2024-06-07 19:24,es un regalo para mi mama.,más barato que en la farmacia.,No conocía la marca,Facebook,Me acordé de ustedes,
Ana Ficticio,demo+0568@example.com,Ciudad Ejemplo,493.01,"Proteína Vainilla, Colágeno Rosa, Omega Calma",2024-06-02 16:03,Acné hormonal.,,,Google,Recibí un e-mail,
Valeria Demo,demo+0569@example.com,Pueblo Demo,655.63,"Colágeno Rosa, Proteína Vainilla, Magnesio Noche",2024-01-04 11:01,Cansancio todo el tiempo,Que los ingredientes son naturales,que no llegara el pedido,Me lo recomendaron,Me acordé de ustedes,
Diego Ficticio,demo+0570@example.com,Pueblo Demo,818.65,"Proteína Vainilla, Probiótico Diario",2024-06-02 11:08,,no tiene azucar ni cosas raras,que no me llegara,Facebook,Me acordé de ustedes,
Diego Ejemplo,demo+0571@example.com,Ciudad Ejemplo,839.54,Colágeno Rosa,2024-02-03 19:39,Acné hormonal,El precio,Que no hiciera efecto,Instagram,Por mi propia cuenta,
Ana Ejemplo,demo+0572@example.com,Pueblo Demo,1914.03,"Magnesio Noche, Proteína Vainilla, Colágeno Rosa",2024-06-16 16:25,"Probar algo que sí funcione, ya intenté de todo",Es una marca mexicana,No se,Otro,Vi un anuncio,TikTok
Jorge Ficticio,demo+0573@example.com,Ciudad Ejemplo,641.72,Omega Calma,2024-05-18 18:48,dolor de rodillas,Por la comunidad que tienen,No tenía ningún miedo,Otro,Alguien me habló de ti,
Ana Ejemplo,demo+0574@example.com,Villa Prueba,1425.0,"Omega Calma, Colágeno Rosa, Magnesio Noche",2024-01-24 23:01,Colitis,,none,Instagram,Por mi propia cuenta,
Pablo Demo,demo+0575@example.com,Villa Prueba,4132.78,"Colágeno Rosa, Inositol Balance, Probiótico Diario",2024-04-18 20:27,coliis,a mi prima le dio resultado,que no funcionaran,Me lo recomendaron,Recibí un e-mail,
Lucía Ejemplo,demo+0576@example.com,Ciudad Ejemplo,1944.27,"Proteína Vainilla, Probiótico Diario",2024-06-18 08:02,Cansancio todo el tiempo.,Una companera de trabajo los toma,que se perdiera el paquete,Google,Por mi propia cuenta,
Diego Prueba,demo+0577@example.com,Ciudad Ejemplo,1064.06,Probiótico Diario,2024-02-27 16:07,Es un regalo para mi mamá,a mi prima le dio resultado,ninguna,Me lo recomendaron,Alguien me habló de ti,
Ana Demo,demo+0578@example.com,Villa Prueba,2476.63,"Omega Calma, Colágeno Rosa, Probiótico Diario",2024-03-17 08:44,dormir mejor.,Estab en promoción,,TikTok,Alguien me habló de ti,
Pablo Prueba,demo+0579@example.com,Pueblo Demo,3007.1,"Magnesio Noche, Proteína Vainilla, Inositol Balance",2024-05-28 13:00,I wantto sleep better,my friend recommended it,Que fuera puro marketing,Facebook,Por mi propia cuenta,
Diego Ejemplo,demo+0580@example.com,Ciudad Ejemplo,2470.29,"Colágeno Rosa, Magnesio Noche",2024-04-16 23:58,Colitis,Sin quimicos,que no me llegara,Instagram,Por mi propia cuenta,
Carlos Muestra,demo+0581@example.com,Pueblo Demo,3771.19,Omega Calma,2024-02-05 13:14,la verda no se,Ya había probado otros y no me sirvieron,,TikTok,Me acordé de ustedes,
Valeria Prueba,demo+0582@example.com,Ciudad Ejemplo,3648.77,"Inositol Balance, Magnesio Noche, Proteína Vainilla",2024-03-05 12:41,Cansancio todo el tiempo,porque si,,Otro,Por mi propia cuenta,
Valeria Demo,demo+0583@example.com,Ciudad Ejemplo,1517.98,Magnesio Noche,2024-01-13 09:41,"Mejorar mi digestión, vivo inflamada.",es una marca mexicana,ninguna,Facebook,Por mi propia cuenta,
Diego Muestra,demo+0584@example.com,Pueblo Demo,1865.29,"Magnesio Noche, Omega Calma, Proteína Vainilla",2024-02-25 16:53,joint pain,,comprar en una página que no conozco,Facebook,Alguien me habló de ti,
María Demo,demo+0585@example.com,Villa Prueba,1072.65,"Inositol Balance, Probiótico Diario, Omega Calma",2024-04-06 12:04,me duelen mucho las articulaciones,mi hermana los usa  le fue muy bien,Dar mis datos de tarjeta en una tienda nueva,TikTok,Por mi propia cuenta,
María Muestra,demo+0586@example.com,Villa Prueba,3938.69,Inositol Balance,2024-03-06 13:05,Es un regalo para mi mamá.,Ya había probado otros y no me sirvieron,,Instagram,Estaba buscando algo en Google,
Carlos Muestra,demo+0587@example.com,Pueblo Demo,2161.89,"Magnesio Noche, Colágeno Rosa",2024-03-28 20:26,"Mejorar mi digestion, vivo inflamada",una companera de trabajo los toma,none.,TikTok,Alguien me habló de ti,
Ana Prueba,demo+0588@example.com,Ciudad Ejemplo,3099.75,Magnesio Noche,2024-03-23 16:44,joint pan,,Dar mis datos de tarjeta en una tienda nueva,Me lo recomendaron,Me acordé de ustedes,
Diego Ejemplo,demo+0589@example.com,Pueblo Demo,2783.71,Magnesio Noche,2024-02-07 19:18,,más barato que en la farmacia,Que tardara mucho el envío,Instagram,Por mi propia cuenta,
Valeria Demo,demo+0590@example.com,Ciudad Ejemplo,3480.56,"Magnesio Noche, Omega Calma",2024-01-05 12:33,se me cae mucho el cabello.,"No sé, me llamó la atención",que no funcionaran.,Otro,Me acordé de ustedes,
Fernanda Prueba,demo+0591@example.com,Pueblo Demo,2067.84,"Magnesio Noche, Proteína Vainilla, Inositol Balance",2024-03-28 18:18,Dormir mejor.,Me ayudó muchísimo con la inflamación.,ninguna,Google,Estaba buscando algo en Google,
Pablo Ejemplo,demo+0592@example.com,Pueblo Demo,1907.99,Inositol Balance,2024-02-17 18:45,Resistencia a la insulina,,Ninguno 😊,Me lo recomendaron,Vi un anuncio,Instagram
Lucía Muestra,demo+0593@example.com,Ciudad Ejemplo,3797.13,Inositol Balance,2024-06-02 08:03,Acne hormonal,el empaque esta muy bonito,que no mellegara,Instagram,Alguien me habló de ti,
Pablo Muestra,demo+0594@example.com,Villa Prueba,2461.78,"Omega Calma, Magnesio Noche, Probiótico Diario",2024-03-11 23:27,La verdad no sé,Se nota la diferencia,Que tardara mucho el envío,Instagram,Me acordé de ustedes,
Fernanda Demo,demo+0595@example.com,Villa Prueba,1230.72,"Probiótico Diario, Colágeno Rosa",2024-05-13 18:01,controlar la ansiedad,mi hermana los usa y le fue muy bien,que fuera puro marketing,TikTok,Me acordé de ustedes,
Fernanda Demo,demo+0596@example.com,Ciudad Ejemplo,4163.96,"Probiótico Diario, Inositol Balance, Omega Calma",2024-02-27 23:11,Dormir mejor,Que los ingredientes son naturales,,Google,Estaba buscando algo en Google,
Jorge Muestra,demo+0597@example.com,Pueblo Demo,2957.95,Probiótico Diario,2024-04-19 10:12,Quiero ver resultados reales esta vez.,Porque si funcionan,ninguno,Me lo recomendaron,Por mi propia cuenta,
Pablo Demo,demo+0598@example.com,Villa Prueba,3655.17,Colágeno Rosa,2024-04-23 11:11,Controlar la ansiedad.,Ya habia probado otros y no me sirvieron,ninguna.,Me lo recomendaron,Vi un anuncio,TikTok
Jorge Demo,demo+0599@example.com,Ciudad Ejemplo,3435.06,Omega Calma,2024-05-15 22:07,joint pain.,,Que no hiciera efecto.,Me lo recomendaron,Vi un anuncio,Instagram
Carlos Ficticio,demo+0600@example.com,Villa Prueba,1463.83,Colágeno Rosa,2024-04-04 19:02,Tener más energía en el día,Por la comunidad que tienen,Ninguno,Instagram,Me acordé de ustedes,
Sofía Prueba,demo+0601@example.com,Pueblo Demo,2046.69,"Inositol Balance, Magnesio Noche, Proteína Vainilla",2024-06-27 10:55,Se me cae mucho el cabello.,Me ayudo muchisimo con la inflamacion,ningua.,Me lo recomendaron,Recibí un e-mail,
Luis Ficticio,demo+0602@example.com,Villa Prueba,3512.31,Inositol Balance,2024-02-27 18:14,Dolor de rodillas,Por la comunidad que tienen,Is this brand legit?,TikTok,Alguien me habló de ti,
Lucía Ficticio,demo+0603@example.com,Villa Prueba,3161.22,Proteína Vainilla,2024-02-16 13:03,joint pain,A mi prima le dio resultado,No tenia ningun miedo,Me lo recomendaron,Me acordé de ustedes,
Daniela Ficticio,demo+0604@example.com,Pueblo Demo,1986.74,Proteína Vainilla,2024-06-26 19:23,Cansancio todo el tiempo,,,Instagram,Alguien me habló de ti,
María Muestra,demo+0605@example.com,Pueblo Demo,1514.24,"Inositol Balance, Magnesio Noche, Omega Calma",2024-05-28 19:34,ninguno,Está respaldado por ciencia,dar mis datos de tarjeta en una tienda nueva,Me lo recomendaron,Por mi propia cuenta,
Sofía Ficticio,demo+0606@example.com,Villa Prueba,3468.13,"Proteína Vainilla, Inositol Balance, Magnesio Noche",2024-05-21 18:07,,El precio,Comprar en una página que no conozco,Facebook,Estaba buscando algo en Google,
Luis Muestra,demo+0607@example.com,Pueblo Demo,1337.02,Inositol Balance,2024-03-14 23:24,,Me dio confianza que fuera orgánico,,Facebook,Me acordé de ustedes,
Daniela Ficticio,demo+0608@example.com,Villa Prueba,4185.52,"Proteína Vainilla, Magnesio Noche, Colágeno Rosa",2024-02-03 21:32,Acne hormonal,Más barato que en la farmacia.,Que fuera puro marketing.,Instagram,Vi un anuncio,Instagram
Pablo Ficticio,demo+0609@example.com,Ciudad Ejemplo,1524.47,Omega Calma,2024-06-14 18:09,tengo sop y quiero regular mi ciclo,Porque si funcionan,Comprar en una página que no conozco,Me lo recomendaron,Vi un anuncio,Facebook
Carlos Ficticio,demo+0610@example.com,Pueblo Demo,3547.18,"Colágeno Rosa, Magnesio Noche",2024-04-19 10:47,Resistencia a la insulina,Me ayudó muchísimo con la inflamación,No se.,Instagram,Alguien me habló de ti,
Sofía Demo,demo+0611@example.com,Villa Prueba,3718.2,"Probiótico Diario, Magnesio Noche, Omega Calma",2024-06-13 20:29,Controlar la ansiedad.,,que no funcionaran,Me lo recomendaron,Recibí un e-mail,
Fernanda Ficticio,demo+0612@example.com,Ciudad Ejemplo,480.74,"Proteína Vainilla, Inositol Balance, Probiótico Diario",2024-01-20 09:58,Dolor de rodillas,A mi prima le dio resultado,Que tardara mucho el envio,Instagram,Me acordé de ustedes,
Carlos Demo,demo+0613@example.com,Ciudad Ejemplo,3892.98,Proteína Vainilla,2024-05-22 10:43,curiosidad,Vi muchos testimonios.,Nada,TikTok,Alguien me habló de ti,
Ana Ejemplo,demo+0614@example.com,Villa Prueba,3490.73,Probiótico Diario,2024-02-23 17:46,La verdad no sé,my friend recommended it.,que no llegue a mi ciudad,Instagram,Me acordé de ustedes,
Sofía Demo,demo+0615@example.com,Ciudad Ejemplo,879.11,"Inositol Balance, Omega Calma, Magnesio Noche",2024-05-22 21:11,,Ya habia probado otros y no me sirvieron,el tiempo de entrega,Instagram,Recibí un e-mail,
Ana Prueba,demo+0616@example.com,Ciudad Ejemplo,2344.95,"Inositol Balance, Probiótico Diario",2024-01-09 22:26,La verdad no se.,Esta respaldado por ciencia,Que no llegue a mi ciudad,Instagram,Estaba buscando algo en Google,
María Prueba,demo+0617@example.com,Villa Prueba,4074.62,Magnesio Noche,2024-01-15 22:50,Es un regalo para mi mama,Porque si.,,Instagram,Por mi propia cuenta,
María Muestra,demo+0618@example.com,Pueblo Demo,3893.64,Probiótico Diario,2024-05-14 17:13,Resistencia a la insulina,Porque si,Que no me sirva como a los demás.,Me lo recomendaron,Por mi propia cuenta,
Carlos Muestra,demo+0619@example.com,Pueblo Demo,2277.25,Magnesio Noche,2024-03-09 12:07,Mejorar mi salud en general,Clean ingredients,Gastar y no ver ningún resultado.,Facebook,Alguien me habló de ti,
María Ejemplo,demo+0620@example.com,Villa Prueba,2874.29,Proteína Vainilla,2024-02-05 22:23,colitis,,Ninguno,Instagram,Por mi propia cuenta,
Jorge Ejemplo,demo+0621@example.com,Villa Prueba,1649.13,Inositol Balance,2024-06-12 18:01,Dolor de rodillas,,Gastar y no ver nngún resultado,TikTok,Recibí un e-mail,
María Ejemplo,demo+0622@example.com,Villa Prueba,3758.22,"Proteína Vainilla, Inositol Balance, Colágeno Rosa",2024-04-12 10:59,Mejorar mi salud en general,Me lo recomendó una amiga,Dar mis datos de tarjeta en una tienda nueva,Me lo recomendaron,Por mi propia cuenta,
Fernanda Prueba,demo+0623@example.com,Villa Prueba,1035.27,"Colágeno Rosa, Magnesio Noche, Proteína Vainilla",2024-04-20 18:49,Bajar de peso despues del embarazo,Me urgía,That it wouldn't work,Facebook,Por mi propia cuenta,
Jorge Ficticio,demo+0624@example.com,Villa Prueba,846.62,"Colágeno Rosa, Inositol Balance, Proteína Vainilla",2024-03-10 12:45,acné hormonal,Es una marca mexicana,,Me lo recomendaron,Alguien me habló de ti,
Lucía Demo,demo+0625@example.com,Pueblo Demo,3477.35,Magnesio Noche,2024-01-05 08:20,dolor de rodillas.,Me lo recomendó una amiga,That it wouldn't work,Facebook,Por mi propia cuenta,
Daniela Prueba,demo+0626@example.com,Ciudad Ejemplo,2878.83,Omega Calma,2024-06-10 10:22,La verdad no sé,porque sí funcionan,que fuera puro marketing,Instagram,Por mi propia cuenta,
Lucía Demo,demo+0627@example.com,Villa Prueba,1886.73,"Magnesio Noche, Proteína Vainilla, Colágeno Rosa",2024-02-03 11:54,joint pain,que los ingredientes son naturales,que no funcionaran.,Google,Vi un anuncio,Instagram
Daniela Muestra,demo+0628@example.com,Ciudad Ejemplo,1990.17,Omega Calma,2024-06-12 10:30,Resistencia a la insulina,sin químicos,none,Instagram,Alguien me habló de ti,
Lucía Muestra,demo+0629@example.com,Pueblo Demo,556.1,Proteína Vainilla,2024-03-27 12:24,,no tiene azúcar ni cosas raras.,que me cayera mal.,Me lo recomendaron,Por mi propia cuenta,
Sofía Muestra,demo+0630@example.com,Ciudad Ejemplo,3222.07,"Probiótico Diario, Colágeno Rosa",2024-06-15 11:48,Cansancio todo el tiempo.,Sin químicos,none.,Facebook,Por mi propia cuenta,
Valeria Prueba,demo+0631@example.com,Ciudad Ejemplo,3160.87,Proteína Vainilla,2024-06-08 17:44,Mejorar mi salud en general,my friend recommended it,,Facebook,Alguien me habló de ti,
María Ejemplo,demo+0632@example.com,Ciudad Ejemplo,3343.99,"Magnesio Noche, Proteína Vainilla, Inositol Balance",2024-05-21 09:16,"Probar algo que si funcione, ya intente de todo",Es una marca mexicana,ninguna,Instagram,Por mi propia cuenta,
Jorge Prueba,demo+0633@example.com,Ciudad Ejemplo,2885.92,"Colágeno Rosa, Probiótico Diario, Omega Calma",2024-05-27 10:38,joint pain,Sigo a la nutrióloga en Instagram y la recomienda.,That it wouldn't work,Me lo recomendaron,Vi un anuncio,Instagram
Carlos Ejemplo,demo+0634@example.com,Villa Prueba,2689.3,"Inositol Balance, Omega Calma, Colágeno Rosa",2024-05-16 18:39,,Me urgia.,Que no hiciera efecto,Instagram,Por mi propia cuenta,
Daniela Ficticio,demo+0635@example.com,Villa Prueba,475.42,Proteína Vainilla,2024-06-02 15:26,bajar de peso despues del embarazo.,,,Me lo recomendaron,Alguien me habló de ti,
Carlos Demo,demo+0636@example.com,Pueblo Demo,3515.78,Magnesio Noche,2024-02-18 15:12,Tener más energía en el día,Mi hermana los usa y le fue muy bien.,,Instagram,Por mi propia cuenta,
Daniela Prueba,demo+0637@example.com,Pueblo Demo,2700.49,"Probiótico Diario, Inositol Balance",2024-06-03 18:50,controlar la ansiedad,"No sé, me llamó la atención",no tenía ningn miedo,Me lo recomendaron,Estaba buscando algo en Google,
María Muestra,demo+0638@example.com,Ciudad Ejemplo,2682.55,Colágeno Rosa,2024-01-27 18:37,Se me cae mucho el cabello,Siempre les compro,Nada.,Me lo recomendaron,Alguien me habló de ti,
Sofía Ficticio,demo+0639@example.com,Ciudad Ejemplo,845.12,"Omega Calma, Colágeno Rosa",2024-06-26 15:29,Resistencia a la insulina,Me lo recomendó una amiga,none.,Otro,Estaba buscando algo en Google,
Luis Demo,demo+0640@example.com,Pueblo Demo,426.15,Colágeno Rosa,2024-06-26 08:17,Dormir mejor,Está respaldado por ciencia,Que fuera puro marketing,Me lo recomendaron,Alguien me habló de ti,
Diego Ejemplo,demo+0641@example.com,Pueblo Demo,488.33,"Proteína Vainilla, Colágeno Rosa",2024-02-06 21:16,,"No sé, me llamó la atención",none,Facebook,Por mi propia cuenta,
Luis Muestra,demo+0642@example.com,Ciudad Ejemplo,2856.93,Inositol Balance,2024-04-16 14:22,Me duelen mucho las articulaciones.,,Que no llegue a mi ciudad.,Me lo recomendaron,Estaba buscando algo en Google,
Pablo Ficticio,demo+0643@example.com,Villa Prueba,3025.14,"Probiótico Diario, Inositol Balance, Proteína Vainilla",2024-06-03 21:41,Quiero ver resultados reales esta vez.,Es mi segunda vez,No sé.,Instagram,Estaba buscando algo en Google,
Ana Ficticio,demo+0644@example.com,Pueblo Demo,3629.58,"Probiótico Diario, Inositol Balance, Omega Calma",2024-05-04 08:52,Bajar de peso despues del embarazo,Mas barato que en la farmacia,que se perdiera el paquete,Me lo recomendaron,Por mi propia cuenta,
Fernanda Ficticio,demo+0645@example.com,Pueblo Demo,2482.77,Colágeno Rosa,2024-03-02 11:55,Colitis,Mi hermana los usa y le fue muy bien,none.,Me lo recomendaron,Por mi propia cuenta,
Pablo Muestra,demo+0646@example.com,Ciudad Ejemplo,4154.81,Probiótico Diario,2024-03-11 13:06,se me cae mucho el cabello,"No sé, me llamó la atención",Que no me gustara el sabor,Instagram,Por mi propia cuenta,
Fernanda Prueba,demo+0647@example.com,Villa Prueba,568.35,Probiótico Diario,2024-04-22 10:05,"Mejorar mi digestión, vivo inflamada",,is this brand legit?.,Instagram,Estaba buscando algo en Google,
Carlos Prueba,demo+0648@example.com,Ciudad Ejemplo,687.53,Proteína Vainilla,2024-04-09 19:44,Bajar de peso despues del embarazo,"no sé, me llamó la atención",,Facebook,Por mi propia cuenta,
Luis Muestra,demo+0649@example.com,Pueblo Demo,3120.61,"Magnesio Noche, Inositol Balance",2024-01-23 16:18,Controlar la ansiedad,Sin químicos.,el tiempo de entrega,Instagram,Recibí un e-mail,
Jorge Ficticio,demo+0650@example.com,Pueblo Demo,3059.31,"Omega Calma, Proteína Vainilla",2024-06-10 11:16,Dormir mejor,,Que se perdiera el paquete,Instagram,Por mi propia cuenta,
Ana Demo,demo+0651@example.com,Villa Prueba,4082.98,Magnesio Noche,2024-05-26 13:35,Dolor de rodillas,Me urgía,"El precio, esta un poco caro",Instagram,Recibí un e-mail,
Carlos Prueba,demo+0652@example.com,Villa Prueba,1945.98,Proteína Vainilla,2024-06-21 15:04,,,No sé,Instagram,Por mi propia cuenta,
Carlos Prueba,demo+0653@example.com,Villa Prueba,1551.38,"Proteína Vainilla, Omega Calma",2024-03-14 21:37,Quiero ver resultados reales esta vez,,Que fuera puro marketing,Me lo recomendaron,Por mi propia cuenta,
Valeria Demo,demo+0654@example.com,Pueblo Demo,1905.36,"Probiótico Diario, Magnesio Noche",2024-04-25 11:29,jint pain,Clean ingredients,Que no hiciera efecto,Google,Vi un anuncio,Instagram
Jorge Muestra,demo+0655@example.com,Ciudad Ejemplo,1372.52,"Proteína Vainilla, Omega Calma",2024-05-27 13:54,Bajar de peso despues del embarazo.,A mi prima le dio resultado,dar mis datos de tarjeta en una tienda nueva,Instagram,Por mi propia cuenta,
Lucía Demo,demo+0656@example.com,Pueblo Demo,2976.83,"Inositol Balance, Probiótico Diario, Colágeno Rosa",2024-06-28 12:48,,Me dio confianza que fuera orgánico,that it wouldn't work,Instagram,Por mi propia cuenta,
Diego Ficticio,demo+0657@example.com,Pueblo Demo,2268.37,"Omega Calma, Magnesio Noche",2024-06-17 18:13,Acné hormonal,ya lo había comprado antes,Gastar y no ver nigún resultado,Instagram,Por mi propia cuenta,
Lucía Ejemplo,demo+0658@example.com,Ciudad Ejemplo,1854.02,Colágeno Rosa,2024-01-08 20:09,Acné hormonal.,Me dio confianza que fuera orgánico.,que fuera puro marketing,Me lo recomendaron,Por mi propia cuenta,
Ana Ejemplo,demo+0659@example.com,Ciudad Ejemplo,3751.31,Omega Calma,2024-02-19 14:02,tengo sop y quiero regular i ciclo,Porqe si,que no funcionaran,Me lo recomendaron,Por mi propia cuenta,
Pablo Ejemplo,demo+0660@example.com,Pueblo Demo,3859.12,"Colágeno Rosa, Probiótico Diario, Omega Calma",2024-02-09 17:46,Quiero ver resultados reales esta vez,Una compañera de trabajo los toma,que no funcionaran,Facebook,Me acordé de ustedes,
Fernanda Ficticio,demo+0661@example.com,Villa Prueba,1955.79,Inositol Balance,2024-02-03 21:24,,Por las resenas,que tardara mucho el envío,Instagram,Me acordé de ustedes,
Fernanda Demo,demo+0662@example.com,Pueblo Demo,1075.15,Magnesio Noche,2024-05-16 10:01,Controlar la ansiedad,,que no funcionaran.,Instagram,Por mi propia cuenta,
Fernanda Prueba,demo+0663@example.com,Pueblo Demo,3900.21,"Probiótico Diario, Inositol Balance",2024-01-22 11:40,Controlar la ansiedad,Que los ingredientes son naturales,Que tardara mucho el envio,Facebook,Alguien me habló de ti,
Carlos Ejemplo,demo+0664@example.com,Villa Prueba,470.7,"Colágeno Rosa, Inositol Balance",2024-01-02 14:53,Tengo SOP y quiero regular mi ciclo.,porque sí,Que no funcione,Me lo recomendaron,Me acordé de ustedes,
Fernanda Ejemplo,demo+0665@example.com,Ciudad Ejemplo,2641.05,"Inositol Balance, Colágeno Rosa, Magnesio Noche",2024-04-10 16:30,Curiosidad,,Que tardara mucho el envío,Instagram,Vi un anuncio,Instagram
Valeria Ejemplo,demo+0666@example.com,Villa Prueba,3152.33,Magnesio Noche,2024-03-09 18:14,tengo sop y quiero regular mi ciclo,Está respaldado por ciencia,,Me lo recomendaron,Por mi propia cuenta,
Luis Muestra,demo+0667@example.com,Villa Prueba,1118.47,"Probiótico Diario, Proteína Vainilla, Colágeno Rosa",2024-02-15 14:58,,Es una marca mexicana,That it wouldn't work,Instagram,Alguien me habló de ti,
Lucía Muestra,demo+0668@example.com,Ciudad Ejemplo,3386.61,Omega Calma,2024-06-19 09:17,resistencia a la insulina,Estaba en promocion,"El precio, esta un poco caro",Instagram,Por mi propia cuenta,
Valeria Muestra,demo+0669@example.com,Villa Prueba,1673.63,Inositol Balance,2024-02-12 20:38,cansancio todo el tiempo,Es mi segunda vez.,,Instagram,Por mi propia cuenta,
Valeria Demo,demo+0670@example.com,Pueblo Demo,3407.96,"Colágeno Rosa, Magnesio Noche, Probiótico Diario",2024-02-19 22:36,La verdad no se,no tiene azúcar ni cosas raras,que fuera puro marketing.,Instagram,Me acordé de ustedes,
María Muestra,demo+0671@example.com,Pueblo Demo,1710.93,Inositol Balance,2024-06-02 13:48,Mejorar mi salud en general,,,Me lo recomendaron,Recibí un e-mail,
Carlos Ejemplo,demo+0672@example.com,Villa Prueba,359.89,Omega Calma,2024-04-05 15:35,"Mejorar mi digestión, vivo inflamada.",Por las reseñas,Que fuera fraude,Me lo recomendaron,Me acordé de ustedes,
Jorge Ficticio,demo+0673@example.com,Ciudad Ejemplo,2030.54,"Probiótico Diario, Omega Calma, Inositol Balance",2024-06-01 20:26,la verdad no sé,No tiene azucar ni cosas raras,Soy alergica a varias cosas,TikTok,Por mi propia cuenta,
Sofía Muestra,demo+0674@example.com,Villa Prueba,911.3,Proteína Vainilla,2024-01-04 09:50,mejorar mi salu en general,Me ayudó muchísimo con la inflamación,Soy alérgica a varias cosas,Otro,Por mi propia cuenta,
Fernanda Prueba,demo+0675@example.com,Pueblo Demo,477.14,"Omega Calma, Proteína Vainilla, Probiótico Diario",2024-06-10 14:49,quiero ver resultados reales esta vez.,me gusta apoyar negocios locales,No se,Instagram,Por mi propia cuenta,
Ana Demo,demo+0676@example.com,Pueblo Demo,2585.57,Colágeno Rosa,2024-01-22 22:53,Bajar d peso despues del embarazo.,Ya había probado otros y no me sirvieron,Que no llegara el pedido,Facebook,Me acordé de ustedes,
Carlos Ficticio,demo+0677@example.com,Villa Prueba,677.48,"Magnesio Noche, Probiótico Diario, Colágeno Rosa",2024-03-08 12:43,Tener más energía en el día,,,Instagram,Por mi propia cuenta,
Pablo Ejemplo,demo+0678@example.com,Pueblo Demo,1475.85,Omega Calma,2024-01-01 19:12,nada en especial.,Porque sí funcionan,que fuera puro marketing,Google,Estaba buscando algo en Google,
Lucía Prueba,demo+0679@example.com,Pueblo Demo,2033.22,Inositol Balance,2024-03-12 15:02,"probar algo que sí funcione, ya intenté de todo",Mi hermana los usa y le fue muy bien,Que no llegara el pedido.,Instagram,Recibí un e-mail,
Diego Demo,demo+0680@example.com,Ciudad Ejemplo,2846.53,Magnesio Noche,2024-04-11 18:50,Controlar la ansiedad,Porque sí,Que no me gustara el sabor,Instagram,Vi un anuncio,Instagram
Carlos Prueba,demo+0681@example.com,Pueblo Demo,1985.81,"Probiótico Diario, Omega Calma",2024-06-23 13:33,Dormir mejor,,Ninguno 😊,Me lo recomendaron,Por mi propia cuenta,
Lucía Demo,demo+0682@example.com,Villa Prueba,3530.59,Proteína Vainilla,2024-04-09 19:24,Me duelen mucho las articulaciones,Sin químicos,Ninguno.,Instagram,Alguien me habló de ti,
Daniela Demo,demo+0683@example.com,Ciudad Ejemplo,3019.16,Probiótico Diario,2024-01-26 18:27,Tengo SOP y quiero regular mi ciclo.,Me gusta apoyar negocios locales,,Me lo recomendaron,Me acordé de ustedes,
Ana Muestra,demo+0684@example.com,Ciudad Ejemplo,1835.55,Magnesio Noche,2024-06-22 15:05,i want to sleep better.,Ya había probado otros y no me sirvieron,no conocía la marca,TikTok,Me acordé de ustedes,
Daniela Demo,demo+0685@example.com,Villa Prueba,3800.57,Proteína Vainilla,2024-03-07 10:43,nada en especial,,el tiempo de entrega,Google,Por mi propia cuenta,
Luis Demo,demo+0686@example.com,Pueblo Demo,1476.37,Probiótico Diario,2024-05-10 10:32,Me duelen mucho las articulaciones,es una marca mexicana.,Que saliera muy caro con el envio.,TikTok,Recibí un e-mail,
Ana Prueba,demo+0687@example.com,Pueblo Demo,2694.08,Proteína Vainilla,2024-03-20 17:13,dolor de rodillas.,No tiene azúcar ni cosas raras,que no me llegara,TikTok,Por mi propia cuenta,
Diego Ficticio,demo+0688@example.com,Villa Prueba,3173.46,"Inositol Balance, Colágeno Rosa, Probiótico Diario",2024-05-14 08:16,"Mejorar mi digestión, vivo inflamada",No tiene azucar ni cosas raras,,Instagram,Me acordé de ustedes,
Carlos Ejemplo,demo+0689@example.com,Villa Prueba,1571.28,Probiótico Diario,2024-02-08 08:32,Cansancio todo el tiempo,Clean ingredients,,Otro,Recibí un e-mail,
Lucía Ejemplo,demo+0690@example.com,Pueblo Demo,3026.46,Omega Calma,2024-01-11 14:18,resistencia a la insulina,Sin químicos.,Que no llegue a mi ciudad,Facebook,Vi un anuncio,Instagram
Sofía Ficticio,demo+0691@example.com,Villa Prueba,931.41,"Omega Calma, Probiótico Diario, Magnesio Noche",2024-05-20 21:03,door de rodillas,Porque sí funcionan,Gastar y no ver ningún resultado.,Facebook,Me acordé de ustedes,
Daniela Ficticio,demo+0692@example.com,Villa Prueba,1188.66,Omega Calma,2024-05-01 18:01,"Mejorar mi digestión, vivo inflamada",,Que se perdiera el paquete,Instagram,Por mi propia cuenta,
Pablo Ficticio,demo+0693@example.com,Villa Prueba,1963.66,"Inositol Balance, Omega Calma",2024-05-17 16:04,la verdad no se,Me ayudó muchísimo con la inflamación,Que fuera puro marketing,Instagram,Por mi propia cuenta,
Sofía Ejemplo,demo+0694@example.com,Pueblo Demo,1524.84,Inositol Balance,2024-02-10 16:58,Tener mas energia en el dia,Porque sí funcionan,no sé,Facebook,Por mi propia cuenta,
Fernanda Ficticio,demo+0695@example.com,Villa Prueba,3503.74,"Proteína Vainilla, Colágeno Rosa, Inositol Balance",2024-01-26 21:10,Colitis.,porque si funcionan,Que fuera una estafa,Facebook,Alguien me habló de ti,
Lucía Muestra,demo+0696@example.com,Villa Prueba,2676.33,Colágeno Rosa,2024-06-01 15:56,Colitis,Una compañera detrabajo los toma,que no me llegara,TikTok,Alguien me habló de ti,
Pablo Muestra,demo+0697@example.com,Pueblo Demo,581.77,"Magnesio Noche, Colágeno Rosa",2024-01-17 11:12,I want to sleep better,,That t wouldn't work,Facebook,Alguien me habló de ti,
Luis Demo,demo+0698@example.com,Villa Prueba,1771.12,"Probiótico Diario, Proteína Vainilla, Colágeno Rosa",2024-06-20 11:12,Colitis,que los ingredientes son naturales,Que fuera puro marketing,TikTok,Por mi propia cuenta,
María Ejemplo,demo+0699@example.com,Pueblo Demo,1938.39,Probiótico Diario,2024-02-15 19:06,"Mejorar mi digestión, vivo inflamada.",my friend recommended it,Que fuera una estafa,Instagram,Por mi propia cuenta,
Sofía Demo,demo+0700@example.com,Ciudad Ejemplo,2613.28,Proteína Vainilla,2024-06-10 20:04,"Mejorar mi digestion, vivo inflamada",por la comunidad que tienen,El tiempo de entrega,TikTok,Vi un anuncio,TikTok
Ana Ficticio,demo+0701@example.com,Ciudad Ejemplo,2187.45,"Colágeno Rosa, Omega Calma, Inositol Balance",2024-02-02 22:17,Acné hormonal,,que no funcionaran,Google,Por mi propia cuenta,
Sofía Ficticio,demo+0702@example.com,Ciudad Ejemplo,926.94,Colágeno Rosa,2024-05-14 16:38,,Siempre les compro,no tenía ningún miedo.,Instagram,Por mi propia cuenta,
Carlos Ficticio,demo+0703@example.com,Pueblo Demo,2843.05,Magnesio Noche,2024-03-19 11:57,me duelen mcho las articulaciones,No tiene azúcar ni cosas raras,ninguna,Google,Estaba buscando algo en Google,
Fernanda Ficticio,demo+0704@example.com,Villa Prueba,726.2,"Omega Calma, Proteína Vainilla",2024-04-02 09:55,colitis,,Que fuera puro marketig,Facebook,Por mi propia cuenta,
Ana Prueba,demo+0705@example.com,Pueblo Demo,1823.52,"Probiótico Diario, Inositol Balance",2024-05-16 08:26,Tener más energía en el día,Esta respaldado por ciencia,Que tardara mucho el envio,Instagram,Vi un anuncio,Instagram
Lucía Prueba,demo+0706@example.com,Ciudad Ejemplo,3703.6,Probiótico Diario,2024-06-25 08:42,Tengo SOP y quiero regular mi ciclo,,Ninguno,Me lo recomendaron,Vi un anuncio,Instagram
María Ficticio,demo+0707@example.com,Pueblo Demo,746.98,Probiótico Diario,2024-02-16 22:22,Dormir mejor,,que no funcionaran,Google,Alguien me habló de ti,
Daniela Ficticio,demo+0708@example.com,Villa Prueba,635.07,Proteína Vainilla,2024-04-28 23:53,Acne hormonal,por las reseñas,no conocía la marca,Instagram,Por mi propia cuenta,
Sofía Ejemplo,demo+0709@example.com,Villa Prueba,2842.05,Magnesio Noche,2024-05-01 08:06,Es un regalo para mi mama,me gusta apoyar negocios locales,That it wouldn't work,Instagram,Alguien me habló de ti,
Luis Demo,demo+0710@example.com,Villa Prueba,1266.3,Colágeno Rosa,2024-05-19 22:36,"probar algo que sí funcione, ya intenté de todo",Que los ingredientes son naturales,,Me lo recomendaron,Por mi propia cuenta,
Pablo Prueba,demo+0711@example.com,Villa Prueba,2592.25,Magnesio Noche,2024-02-01 16:02,Dolor de rodillas,es mi segunda vez,No tenía ningún miedo,Instagram,Vi un anuncio,Instagram
Daniela Ficticio,demo+0712@example.com,Pueblo Demo,810.67,"Magnesio Noche, Colágeno Rosa",2024-01-18 09:57,Se me cae mucho el cabello,Sin químicos,Que fuera puro marketing,TikTok,Alguien me habló de ti,
Lucía Muestra,demo+0713@example.com,Ciudad Ejemplo,1391.97,"Colágeno Rosa, Omega Calma, Magnesio Noche",2024-06-10 10:07,la verdad no sé,Vi muchos testimonios,ninguna.,TikTok,Me acordé de ustedes,
Diego Prueba,demo+0714@example.com,Pueblo Demo,3477.49,"Omega Calma, Proteína Vainilla",2024-02-03 14:27,joint pain,Ya había probado otros y no me sirvieron.,,Me lo recomendaron,Alguien me habló de ti,
María Ejemplo,demo+0715@example.com,Ciudad Ejemplo,1888.19,"Proteína Vainilla, Probiótico Diario, Magnesio Noche",2024-05-02 23:19,Tener mas energia en el dia,por la comunidad que tienen,que no funcione,Instagram,Por mi propia cuenta,
Jorge Ficticio,demo+0716@example.com,Pueblo Demo,2858.48,Omega Calma,2024-04-27 15:09,Me duelen mucho las articlaciones,Me uria,,TikTok,Por mi propia cuenta,
Pablo Demo,demo+0717@example.com,Villa Prueba,2140.48,Inositol Balance,2024-02-19 21:57,Se me cae mucho el cabello,está respaldado por ciencia,Que fuera puro marketing,Instagram,Alguien me habló de ti,
Ana Muestra,demo+0718@example.com,Villa Prueba,1732.71,"Probiótico Diario, Magnesio Noche",2024-03-17 16:09,,Ya lo habia comprado antes,Is this brand legit?,Instagram,Por mi propia cuenta,
Lucía Ficticio,demo+0719@example.com,Pueblo Demo,2879.33,"Probiótico Diario, Inositol Balance",2024-03-14 19:50,Me duelen mucho las articulaciones,,,Instagram,Vi un anuncio,Instagram
Carlos Demo,demo+0720@example.com,Villa Prueba,954.46,"Inositol Balance, Magnesio Noche",2024-03-28 21:54,,Vi uchos testimonios,Ningun 😊,Instagram,Por mi propia cuenta,
Valeria Ejemplo,demo+0721@example.com,Villa Prueba,3960.11,"Probiótico Diario, Omega Calma",2024-05-23 17:12,Cansancio too el tiempo,El precio.,Ninguno 😊,Instagram,Estaba buscando algo en Google,
Carlos Muestra,demo+0722@example.com,Pueblo Demo,3990.92,"Inositol Balance, Proteína Vainilla, Omega Calma",2024-06-18 11:29,joint pain.,es una marca mexicana,,Otro,Alguien me habló de ti,
Lucía Muestra,demo+0723@example.com,Pueblo Demo,3717.55,Inositol Balance,2024-01-15 13:23,Controlar la ansiedad,,Gastar y no ver ningún resultado.,Instagram,Por mi propia cuenta,
Daniela Ejemplo,demo+0724@example.com,Ciudad Ejemplo,3275.43,Colágeno Rosa,2024-06-12 08:53,se me cae mucho el cabello,,que fuera puro marketing,TikTok,Por mi propia cuenta,
Daniela Ficticio,demo+0725@example.com,Pueblo Demo,852.88,"Inositol Balance, Proteína Vainilla",2024-04-19 10:05,Curiosidad,Vi muchos testimonios.,que fuera una estafa,Instagram,Vi un anuncio,Instagram
Fernanda Demo,demo+0726@example.com,Villa Prueba,1147.57,Inositol Balance,2024-06-02 08:43,Tener más enrgía en el día.,Porque si funcionan,Que fuera una estafa,TikTok,Alguien me habló de ti,
María Ficticio,demo+0727@example.com,Villa Prueba,1142.06,"Omega Calma, Proteína Vainilla",2024-02-13 10:49,Bajar de peso despues del embarazo,Mi hermana los usa y le fue muy bien,Que no me irva como a los demás,Instagram,Alguien me habló de ti,
Ana Demo,demo+0728@example.com,Pueblo Demo,3581.08,Proteína Vainilla,2024-01-27 08:12,joint pain,Sin químicos,,Instagram,Por mi propia cuenta,
Fernanda Muestra,demo+0729@example.com,Villa Prueba,837.46,"Proteína Vainilla, Inositol Balance, Magnesio Noche",2024-02-28 09:30,i want to sleep better,Que los ingredientes sonnaturales.,that it wouldn't work,Instagram,Vi un anuncio,Instagram
Fernanda Ejemplo,demo+0730@example.com,Villa Prueba,1841.46,Proteína Vainilla,2024-05-17 13:44,Ninguno,my friend recommended it,Ninguo 😊.,Facebook,Alguien me habló de ti,
Carlos Demo,demo+0731@example.com,Ciudad Ejemplo,602.66,Omega Calma,2024-03-04 08:16,mejorar mi salud en general,,,Instagram,Alguien me habló de ti,
Luis Demo,demo+0732@example.com,Ciudad Ejemplo,1518.57,"Probiótico Diario, Proteína Vainilla, Colágeno Rosa",2024-02-04 20:31,Mejorar mi salud en general,Me lo recomendó una amiga,gastar y no ver ningún resultado.,Instagram,Por mi propia cuenta,
Carlos Ficticio,demo+0733@example.com,Ciudad Ejemplo,767.71,Proteína Vainilla,2024-03-18 17:27,Se me cae mucho el cabello,,That it wouldn't work,Instagram,Por mi propia cuenta,
Carlos Prueba,demo+0734@example.com,Villa Prueba,2203.63,"Inositol Balance, Omega Calma, Proteína Vainilla",2024-04-08 22:22,"mejorar mi digestión, vivo inflamada.",Es mi segunda vez,Comprar en una página que no conozco.,Otro,Alguien me habló de ti,
Fernanda Ejemplo,demo+0735@example.com,Ciudad Ejemplo,1363.34,Omega Calma,2024-06-24 17:00,"mejorar mi digestión, vivo inflamada",porque sí,ninguno,Instagram,Recibí un e-mail,
Carlos Ejemplo,demo+0736@example.com,Villa Prueba,1889.56,"Proteína Vainilla, Colágeno Rosa, Probiótico Diario",2024-05-26 17:30,nada en especial,,Que no funcione,Instagram,Por mi propia cuenta,
Sofía Ficticio,demo+0737@example.com,Pueblo Demo,1412.82,"Inositol Balance, Omega Calma, Proteína Vainilla",2024-04-20 08:32,acné hormonal,Ya lo habia comprado antes,That it wouldn't work,Otro,Me acordé de ustedes,
Ana Ejemplo,demo+0738@example.com,Villa Prueba,1639.89,Probiótico Diario,2024-05-04 09:05,Cansancio todo el tiempo.,Me dio confianza que fuera orgánico,Ninguno,Me lo recomendaron,Recibí un e-mail,
Pablo Prueba,demo+0739@example.com,Pueblo Demo,2406.29,Omega Calma,2024-02-12 18:52,"Mejorar mi digestión, vivo inflamada",Se nota la diferencia,Is this brand legit?.,Instagram,Por mi propia cuenta,
Luis Demo,demo+0740@example.com,Villa Prueba,1278.85,"Inositol Balance, Magnesio Noche, Probiótico Diario",2024-02-20 15:59,Curiosidad,Me lo recomendó una amiga,none,Instagram,Me acordé de ustedes,
Luis Demo,demo+0741@example.com,Pueblo Demo,2251.56,"Probiótico Diario, Magnesio Noche",2024-01-12 21:41,I want to sleep better,A mi prima le dio resultado,,Google,Por mi propia cuenta,
Jorge Muestra,demo+0742@example.com,Villa Prueba,414.22,Colágeno Rosa,2024-03-14 21:23,,Me urgía,que no me sirva como a los demás,Me lo recomendaron,Recibí un e-mail,
Lucía Prueba,demo+0743@example.com,Villa Prueba,2556.31,Probiótico Diario,2024-03-09 13:33,Acné hormonal,,That it wouldn't work.,Me lo recomendaron,Alguien me habló de ti,
Jorge Prueba,demo+0744@example.com,Pueblo Demo,1841.77,"Omega Calma, Proteína Vainilla, Probiótico Diario",2024-04-12 22:27,,Me urgia,none,Google,Por mi propia cuenta,
María Prueba,demo+0745@example.com,Pueblo Demo,1594.9,Omega Calma,2024-01-14 13:48,nada en especial,Clean ingredients,nada,TikTok,Recibí un e-mail,
Luis Muestra,demo+0746@example.com,Pueblo Demo,464.11,Colágeno Rosa,2024-01-01 10:25,tener más energía en el día,Me dio confianza que fuera orgánico.,Que fuera puro marketing,TikTok,Vi un anuncio,Instagram
Ana Ejemplo,demo+0747@example.com,Ciudad Ejemplo,915.74,Inositol Balance,2024-01-05 14:09,,Clean ingredients,que fuera puro marketing,Instagram,Recibí un e-mail,
Lucía Muestra,demo+0748@example.com,Ciudad Ejemplo,1627.68,Probiótico Diario,2024-05-13 16:44,Me duelen mucho las articulaciones,my friend recommended it,Que fuera fraude,TikTok,Me acordé de ustedes,
Pablo Prueba,demo+0749@example.com,Ciudad Ejemplo,2158.45,"Inositol Balance, Proteína Vainilla",2024-01-21 20:24,la verdad no sé,me urgia,que no funcionaran,Me lo recomendaron,Me acordé de ustedes,
Daniela Ficticio,demo+0750@example.com,Ciudad Ejemplo,1660.87,"Probiótico Diario, Colágeno Rosa",2024-04-05 22:28,"Mejorar mi digestion, vivo inflamada",sin quimicos,"El precio, está un poo caro",Google,Alguien me habló de ti,
Ana Prueba,demo+0751@example.com,Pueblo Demo,1341.02,Omega Calma,2024-06-22 15:02,me duelen mucho las articulaciones,Esta respaldado por ciencia.,que no hiciera efecto,TikTok,Alguien me habló de ti,
María Ejemplo,demo+0752@example.com,Villa Prueba,1899.81,"Magnesio Noche, Colágeno Rosa",2024-06-03 12:46,dolor de rodillas,el precio,que no funcionaran.,Me lo recomendaron,Por mi propia cuenta,
Daniela Prueba,demo+0753@example.com,Ciudad Ejemplo,4137.4,"Probiótico Diario, Omega Calma",2024-03-28 16:33,Se me cae mucho el cabello,Estaba en promoción,Que no hiciera efecto,Me lo recomendaron,Me acordé de ustedes,
Ana Muestra,demo+0754@example.com,Pueblo Demo,3376.48,"Omega Calma, Magnesio Noche, Probiótico Diario",2024-03-17 11:15,Mejorar mi salud en general,"No sé, me llamó la atención",Que no llegue a mi ciudad,Me lo recomendaron,Vi un anuncio,Instagram
Fernanda Ficticio,demo+0755@example.com,Villa Prueba,4124.42,"Inositol Balance, Probiótico Diario",2024-06-06 09:57,joint pain,Vi mchos testimonios,none.,Instagram,Vi un anuncio,Instagram
Jorge Muestra,demo+0756@example.com,Villa Prueba,3276.39,"Magnesio Noche, Omega Calma",2024-04-21 12:19,Se me cae mucho el cabello,Me lo recomendó una amiga,El tiempo de entrega.,Otro,Estaba buscando algo en Google,
Lucía Ficticio,demo+0757@example.com,Ciudad Ejemplo,1346.89,Proteína Vainilla,2024-04-14 23:25,Bajar de peso despues del embarazo,A mi prima le dio resultado.,Gastar y no ver ningún resultado,Google,Recibí un e-mail,
Lucía Demo,demo+0758@example.com,Pueblo Demo,965.05,"Probiótico Diario, Magnesio Noche, Proteína Vainilla",2024-04-12 11:30,"mejorar mi digestión, vivo inflamada",my friend rcommended it.,ninguna,Instagram,Me acordé de ustedes,
Luis Demo,demo+0759@example.com,Pueblo Demo,1348.12,"Proteína Vainilla, Omega Calma",2024-01-03 20:32,es un regalo para mi mamá,Me ayudó muchísimo con lainflamación,Ninguno,TikTok,Por mi propia cuenta,
Carlos Ejemplo,demo+0760@example.com,Pueblo Demo,3958.89,"Inositol Balance, Omega Calma, Probiótico Diario",2024-06-03 08:04,Cansancio todo el tiempo,Por las resenas,que no funcionaran,Google,Por mi propia cuenta,
Sofía Demo,demo+0761@example.com,Villa Prueba,3981.05,Colágeno Rosa,2024-01-16 08:33,joint pain,Siempre les compro.,Comprar en una págin que no conozco,Instagram,Por mi propia cuenta,
María Prueba,demo+0762@example.com,Villa Prueba,1475.98,Inositol Balance,2024-06-22 14:16,,,Que mi esposo se enojara jaja,Google,Por mi propia cuenta,
Diego Ejemplo,demo+0763@example.com,Villa Prueba,2698.56,Magnesio Noche,2024-01-13 13:22,Colitis,my friend recommended it,que tardara mucho el envio.,Instagram,Estaba buscando algo en Google,
Carlos Muestra,demo+0764@example.com,Ciudad Ejemplo,534.84,Magnesio Noche,2024-01-26 09:43,Se me cae mucho el cabello,Porque sí funcionan.,"El precio, esta un poco caro",Instagram,Por mi propia cuenta,
Luis Muestra,demo+0765@example.com,Villa Prueba,2984.19,"Omega Calma, Proteína Vainilla",2024-05-21 09:40,nada en especial.,ya había probado otros y no me sirvieron,Que no llegue a mi ciudad,Instagram,Por mi propia cuenta,
Daniela Muestra,demo+0766@example.com,Pueblo Demo,2523.04,Magnesio Noche,2024-01-18 23:20,"mejorar mi digestion, vivo inflamada",No tiene azúcar ni cosas raras.,que tardara mucho el envío,Me lo recomendaron,Por mi propia cuenta,
Daniela Demo,demo+0767@example.com,Pueblo Demo,2310.46,Probiótico Diario,2024-02-01 08:51,Resistencia a la insulina,Se nota la diferencia,none,TikTok,Por mi propia cuenta,
Diego Ficticio,demo+0768@example.com,Pueblo Demo,1275.55,"Colágeno Rosa, Probiótico Diario, Proteína Vainilla",2024-06-06 16:53,nada en especial,Ya lo habia comprado antes.,Que fuera puro marketing,Me lo recomendaron,Por mi propia cuenta,
Jorge Muestra,demo+0769@example.com,Pueblo Demo,3285.76,Omega Calma,2024-05-03 16:54,Colitis,me urgía.,ninguna,TikTok,Por mi propia cuenta,
Diego Ejemplo,demo+0770@example.com,Pueblo Demo,958.3,"Magnesio Noche, Probiótico Diario",2024-03-08 21:15,Acné hormonal,,Ninguno.,Instagram,Por mi propia cuenta,
Diego Ejemplo,demo+0771@example.com,Villa Prueba,2043.98,"Magnesio Noche, Omega Calma",2024-01-28 15:15,Resistencia a la insulina,Por la comunidad que tienen,Que no llegara el pedido,Instagram,Recibí un e-mail,
Jorge Demo,demo+0772@example.com,Ciudad Ejemplo,2931.06,"Magnesio Noche, Omega Calma, Colágeno Rosa",2024-02-26 23:42,Resistncia a la insulina,no tiene azúcar ni cosas raras,Que no funcione,TikTok,Estaba buscando algo en Google,
Fernanda Muestra,demo+0773@example.com,Ciudad Ejemplo,1758.1,Inositol Balance,2024-02-07 13:47,,Una compañera de trabajo los tma,,Instagram,Recibí un e-mail,
Fernanda Ficticio,demo+0774@example.com,Pueblo Demo,1675.79,Probiótico Diario,2024-04-20 23:13,Teer mas energia en el dia,a mi prima le dio resultado,Que no hiciera efecto,Otro,Por mi propia cuenta,
Carlos Ficticio,demo+0775@example.com,Villa Prueba,992.92,Magnesio Noche,2024-04-25 17:32,La verdad no sé,No tiene azucar ni cosas raras.,No conocía la marca,Instagram,Por mi propia cuenta,
María Ficticio,demo+0776@example.com,Villa Prueba,1113.69,"Magnesio Noche, Inositol Balance",2024-03-17 08:33,quiero ver resultados reales esta vez,Me ayudo muchisimo con la inflamacion,,Instagram,Recibí un e-mail,
Fernanda Prueba,demo+0777@example.com,Pueblo Demo,3902.21,"Probiótico Diario, Omega Calma",2024-03-12 23:41,Controlar la ansiedad,Me lo recomendo una amiga,El tiempo de entrega,Me lo recomendaron,Por mi propia cuenta,
Luis Demo,demo+0778@example.com,Pueblo Demo,2614.01,"Proteína Vainilla, Probiótico Diario",2024-01-13 09:43,Se e cae mucho el cabello,me dio confianza que fuera orgánico,That it wouldn't work,Instagram,Alguien me habló de ti,
Fernanda Ficticio,demo+0779@example.com,Ciudad Ejemplo,3319.57,Colágeno Rosa,2024-03-06 22:03,,Es una marca exicana,Que no llegara el pedido,Facebook,Recibí un e-mail,
Pablo Prueba,demo+0780@example.com,Pueblo Demo,1866.85,"Inositol Balance, Probiótico Diario",2024-02-26 15:28,ninguno,porque sí funcionan,"El precio, está un poco caro",Me lo recomendaron,Me acordé de ustedes,
Jorge Ficticio,demo+0781@example.com,Pueblo Demo,3993.12,Magnesio Noche,2024-04-15 19:42,Cansancio todo el tiempo,Mi hermana los usa y le fue muy bien,que me cayera mal,Instagram,Me acordé de ustedes,
Carlos Ejemplo,demo+0782@example.com,Pueblo Demo,419.83,Proteína Vainilla,2024-05-01 17:53,dormir mejor,es mi segunda vez,,Instagram,Alguien me habló de ti,
Carlos Ficticio,demo+0783@example.com,Pueblo Demo,3088.95,"Omega Calma, Inositol Balance, Colágeno Rosa",2024-06-05 14:07,resistencia a la insulina,Me ayudo muchisimo con la inflamacion,Ninguno,TikTok,Por mi propia cuenta,
Luis Prueba,demo+0784@example.com,Ciudad Ejemplo,3018.94,"Probiótico Diario, Proteína Vainilla, Omega Calma",2024-01-28 22:20,Colitis,,Que no hiciera efecto,Otro,Alguien me habló de ti,
Sofía Muestra,demo+0785@example.com,Pueblo Demo,4129.94,Omega Calma,2024-02-02 16:14,Controlar la ansiedad,Me urgia,,TikTok,Por mi propia cuenta,
María Ficticio,demo+0786@example.com,Pueblo Demo,442.59,"Omega Calma, Proteína Vainilla, Magnesio Noche",2024-02-07 22:13,,clean ingredients,,Instagram,Vi un anuncio,Instagram
Jorge Prueba,demo+0787@example.com,Ciudad Ejemplo,3639.7,"Colágeno Rosa, Omega Calma, Inositol Balance",2024-06-03 15:43,Ninguno.,sin quimicos,que no me sirva como a los demas,Facebook,Estaba buscando algo en Google,
María Ficticio,demo+0788@example.com,Villa Prueba,1190.56,"Omega Calma, Magnesio Noche",2024-06-12 08:21,Dolor de rodillas,Por la comunidad que tienen,Que se perdira el paquete,Instagram,Por mi propia cuenta,
Daniela Ejemplo,demo+0789@example.com,Ciudad Ejemplo,3013.25,Proteína Vainilla,2024-04-17 14:15,Cansancio todo el tiepo,Ya lo habia comprado antes.,Que no hiciera efecto,Instagram,Por mi propia cuenta,
Lucía Prueba,demo+0790@example.com,Ciudad Ejemplo,754.33,Proteína Vainilla,2024-06-25 18:35,La verdad no sé,,,Facebook,Me acordé de ustedes,
Sofía Ficticio,demo+0791@example.com,Ciudad Ejemplo,2413.53,Magnesio Noche,2024-06-06 12:12,Resistencia a la insulina,,No tenía ningún miedo,Facebook,Recibí un e-mail,
Valeria Ejemplo,demo+0792@example.com,Villa Prueba,1910.7,"Inositol Balance, Omega Calma, Probiótico Diario",2024-04-12 20:02,I want to leep better,Ya lo habia comprado antes,Comprar en una página que no conozco,TikTok,Vi un anuncio,TikTok
Ana Muestra,demo+0793@example.com,Villa Prueba,750.75,Proteína Vainilla,2024-06-04 19:27,,my friend recommended it.,Que fuera puro marketing,TikTok,Por mi propia cuenta,
Daniela Muestra,demo+0794@example.com,Villa Prueba,949.07,Probiótico Diario,2024-05-27 13:36,i want to sleep better,Es mi segunda vez,,Me lo recomendaron,Vi un anuncio,TikTok
Diego Ficticio,demo+0795@example.com,Pueblo Demo,1320.22,"Inositol Balance, Omega Calma",2024-05-20 22:16,Resistencia a la insulina,mi hermana los usa y le fue muy bien,que fuera fraude,Instagram,Alguien me habló de ti,
Pablo Ejemplo,demo+0796@example.com,Villa Prueba,2941.25,"Magnesio Noche, Colágeno Rosa, Inositol Balance",2024-02-20 11:52,Mejorar mi salud en general,Mi hermana los usa y le fue muy bien,Gastar y no ver ningun resultado,Instagram,Me acordé de ustedes,
Daniela Prueba,demo+0797@example.com,Villa Prueba,901.59,Magnesio Noche,2024-03-09 10:49,Acné hormonal,Por las reseñas.,none,Me lo recomendaron,Recibí un e-mail,
María Prueba,demo+0798@example.com,Villa Prueba,2016.85,"Colágeno Rosa, Omega Calma",2024-03-24 20:01,I want to sleep better,,that it wouldn't work,Facebook,Vi un anuncio,Facebook
Luis Muestra,demo+0799@example.com,Pueblo Demo,3606.5,Proteína Vainilla,2024-06-28 14:54,I want to sleep better,Por las reseñas,Que no hiciera efecto,Instagram,Estaba buscando algo en Google,
Lucía Ficticio,demo+0800@example.com,Villa Prueba,3247.37,Proteína Vainilla,2024-01-13 20:41,Tener mas energia en el dia,por las resenas,que no funcione,Instagram,Por mi propia cuenta,
Sofía Ejemplo,demo+0801@example.com,Ciudad Ejemplo,3909.97,"Proteína Vainilla, Magnesio Noche",2024-06-04 14:09,Ninguno,Que los ingredientes son naturales,Que no hiciera efecto,Instagram,Me acordé de ustedes,
Valeria Ejemplo,demo+0802@example.com,Pueblo Demo,1881.22,"Magnesio Noche, Proteína Vainilla, Colágeno Rosa",2024-04-09 19:51,joint pain,Me ayudó muchísimo con la inflamación,Que se perdiera el paquete,TikTok,Vi un anuncio,Instagram
Fernanda Ejemplo,demo+0803@example.com,Pueblo Demo,3957.72,"Inositol Balance, Proteína Vainilla, Omega Calma",2024-02-14 15:03,Cansancio todo el tiempo,estaba en promocio.,Que m cayera mal.,Facebook,Por mi propia cuenta,
Luis Prueba,demo+0804@example.com,Pueblo Demo,1547.41,Inositol Balance,2024-02-21 16:58,Dolor de rodillas,,Que me cayera mal,Instagram,Vi un anuncio,Facebook
Lucía Demo,demo+0805@example.com,Ciudad Ejemplo,1905.91,"Proteína Vainilla, Inositol Balance, Omega Calma",2024-05-22 17:51,nada en especia.,Es mi segunda vez,Que no me sirva como a los demás,Google,Por mi propia cuenta,
Fernanda Demo,demo+0806@example.com,Ciudad Ejemplo,3932.79,"Probiótico Diario, Magnesio Noche, Inositol Balance",2024-02-27 22:03,Cansancio todo el tiempo.,A mi prima le dio resultado,That it wouldn't work.,Instagram,Alguien me habló de ti,
Valeria Ficticio,demo+0807@example.com,Villa Prueba,1558.56,Colágeno Rosa,2024-06-26 23:03,Mejorar mi salud en general,Ya lo habia comprado antes,,Me lo recomendaron,Recibí un e-mail,
Sofía Demo,demo+0808@example.com,Ciudad Ejemplo,3045.61,"Omega Calma, Proteína Vainilla",2024-05-15 19:49,,,"el precio, esta un poco caro",Google,Alguien me habló de ti,
Sofía Prueba,demo+0809@example.com,Pueblo Demo,1062.0,"Proteína Vainilla, Inositol Balance",2024-06-14 14:30,Dormir mejor,Una compañera de trabajo los toma.,,Instagram,Por mi propia cuenta,
Diego Muestra,demo+0810@example.com,Pueblo Demo,392.65,Omega Calma,2024-04-05 23:24,"Mejorar mi digestion, vivo inflamada",,Gastar y no ver ningun resultado.,Me lo recomendaron,Por mi propia cuenta,
Jorge Prueba,demo+0811@example.com,Pueblo Demo,2732.82,Omega Calma,2024-02-13 08:17,nada en especial.,"No se, me llamo la atencion",Que saliera muy caro con el envio,Instagram,Me acordé de ustedes,
Carlos Muestra,demo+0812@example.com,Villa Prueba,4157.87,Colágeno Rosa,2024-03-09 23:38,joint pain,Una compañera de trabajo los toma,no tenía ningún miedo,TikTok,Alguien me habló de ti,
Daniela Ejemplo,demo+0813@example.com,Ciudad Ejemplo,1743.59,"Omega Calma, Colágeno Rosa, Probiótico Diario",2024-01-13 23:40,Dolor de rodillas,sin químicos,,Me lo recomendaron,Por mi propia cuenta,
Fernanda Demo,demo+0814@example.com,Ciudad Ejemplo,4110.17,Omega Calma,2024-02-04 23:01,Dolor de rodillas,Que los ingredientes son naturales,que no funcionaran,Facebook,Me acordé de ustedes,
Valeria Prueba,demo+0815@example.com,Pueblo Demo,4123.39,"Proteína Vainilla, Colágeno Rosa, Probiótico Diario",2024-04-26 20:39,dolor de rodillas.,,No conocia la marca,Facebook,Me acordé de ustedes,
Luis Prueba,demo+0816@example.com,Villa Prueba,2465.11,Proteína Vainilla,2024-04-03 13:07,Tengo SOP y quiero regular mi ciclo,,that it wouldn't work,Instagram,Alguien me habló de ti,
Diego Ficticio,demo+0817@example.com,Pueblo Demo,358.98,Magnesio Noche,2024-02-24 15:30,Dolor de rodillas.,mi hermana os usa y le fue muy bien,que fuera una estafa,Me lo recomendaron,Por mi propia cuenta,
Pablo Muestra,demo+0818@example.com,Pueblo Demo,3617.91,"Omega Calma, Magnesio Noche, Probiótico Diario",2024-01-20 17:06,Se me cae mucho el cabello,Siempre les compro,Que fuera puro marketing,Google,Alguien me habló de ti,
Jorge Ficticio,demo+0819@example.com,Villa Prueba,997.48,Colágeno Rosa,2024-03-24 10:37,Ninguno,Siempre les compro,,Me lo recomendaron,Vi un anuncio,Facebook
Daniela Ejemplo,demo+0820@example.com,Ciudad Ejemplo,3273.0,"Magnesio Noche, Proteína Vainilla",2024-05-22 22:46,I want to sleep better,,Que se perdiera el paquete.,Instagram,Vi un anuncio,Instagram
Carlos Ficticio,demo+0821@example.com,Villa Prueba,2682.98,Probiótico Diario,2024-06-10 09:53,Quiero ver resultados reales esta vez,my friend recommended it,Que no hiciera efecto,Me lo recomendaron,Por mi propia cuenta,
Pablo Ejemplo,demo+0822@example.com,Pueblo Demo,2733.58,"Colágeno Rosa, Inositol Balance, Probiótico Diario",2024-05-27 23:56,,Más barato que en la farmacia,que no funcionaran,Instagram,Por mi propia cuenta,
Pablo Muestra,demo+0823@example.com,Pueblo Demo,4147.45,"Probiótico Diario, Colágeno Rosa",2024-06-02 22:14,Cansancio todo el tiempo.,No tiene azúcar ni cosas raras,,Instagram,Vi un anuncio,TikTok
Jorge Ejemplo,demo+0824@example.com,Pueblo Demo,818.01,"Colágeno Rosa, Probiótico Diario",2024-01-03 18:27,Colitis,,Efectos secundarios,Instagram,Alguien me habló de ti,
Lucía Demo,demo+0825@example.com,Ciudad Ejemplo,752.32,Probiótico Diario,2024-06-28 11:25,,me ayudó muchísimo con la inflamación,,Instagram,Vi un anuncio,YouTube
Sofía Ficticio,demo+0826@example.com,Ciudad Ejemplo,432.82,"Colágeno Rosa, Probiótico Diario",2024-01-15 12:13,Resistencia ala insulina.,"No sé, me llamó la atención",ninguna.,Instagram,Por mi propia cuenta,
Fernanda Demo,demo+0827@example.com,Villa Prueba,2571.81,Inositol Balance,2024-05-21 15:22,Me duelen mucho las articulaciones,Que los ingredientes son naturales.,Gastar y no ver ningún resultado,Me lo recomendaron,Vi un anuncio,Instagram
Jorge Muestra,demo+0828@example.com,Villa Prueba,897.17,Inositol Balance,2024-06-10 15:37,Se me cae mucho el cabello,clean ingedients,Que no funcione,Instagram,Por mi propia cuenta,
Sofía Demo,demo+0829@example.com,Pueblo Demo,1377.71,Inositol Balance,2024-01-01 09:18,Cansancio todo el tiempo,Más barato que en la farmacia,none,Me lo recomendaron,Me acordé de ustedes,
Sofía Ejemplo,demo+0830@example.com,Villa Prueba,1615.55,"Proteína Vainilla, Inositol Balance",2024-02-16 10:17,Es un regalo para mi mamá,,Comprar en una página que no conozco,Instagram,Por mi propia cuenta,
Daniela Ficticio,demo+0831@example.com,Villa Prueba,1682.31,"Proteína Vainilla, Omega Calma, Inositol Balance",2024-02-27 20:44,,,que no hiciera efecto,Instagram,Por mi propia cuenta,
Lucía Muestra,demo+0832@example.com,Pueblo Demo,3100.54,"Probiótico Diario, Colágeno Rosa, Proteína Vainilla",2024-01-02 19:49,bajar de peso despues del embarazo,Por la comunidad que tienen,ninguna,TikTok,Por mi propia cuenta,
Jorge Ejemplo,demo+0833@example.com,Ciudad Ejemplo,1508.86,"Inositol Balance, Magnesio Noche",2024-05-08 08:49,La verdad no se,El empaque está muy bonito,que no funcionaran.,Facebook,Por mi propia cuenta,
Valeria Ejemplo,demo+0834@example.com,Ciudad Ejemplo,1732.05,"Inositol Balance, Probiótico Diario, Proteína Vainilla",2024-06-19 16:44,,Por la comunidad que tienen,,Google,Recibí un e-mail,
Pablo Muestra,demo+0835@example.com,Pueblo Demo,2769.83,"Magnesio Noche, Colágeno Rosa",2024-06-05 20:56,Bajar de peso despues del embarazo,se nota la diferencia,ninguna,Otro,Por mi propia cuenta,
Jorge Muestra,demo+0836@example.com,Ciudad Ejemplo,1650.6,Inositol Balance,2024-06-04 12:40,Tener más energía en el día,Que los ingredientes son naturales,none,Instagram,Me acordé de ustedes,
Lucía Muestra,demo+0837@example.com,Ciudad Ejemplo,1653.05,"Colágeno Rosa, Magnesio Noche",2024-01-17 23:07,i want to sleep better.,me ayudó muchísimo con la inflamación.,No tenía ningún miedo,Instagram,Vi un anuncio,Instagram
Fernanda Muestra,demo+0838@example.com,Ciudad Ejemplo,3636.78,Probiótico Diario,2024-06-25 21:41,Tengo SOP y quiero regular mi ciclo,me ayudó muchísimo con la inflamación,Que fuera puro marketing,Instagram,Por mi propia cuenta,
Carlos Ficticio,demo+0839@example.com,Ciudad Ejemplo,1845.65,Omega Calma,2024-01-22 23:32,,,none,Me lo recomendaron,Recibí un e-mail,
Jorge Demo,demo+0840@example.com,Pueblo Demo,3704.05,"Proteína Vainilla, Colágeno Rosa",2024-04-17 09:58,nada en especial,Una compañera de trabajo los toma,Is this brand legit?,Me lo recomendaron,Recibí un e-mail,
Pablo Ficticio,demo+0841@example.com,Villa Prueba,2500.55,Colágeno Rosa,2024-03-08 08:25,I wan to sleep better,,Gastar y no ver ningún resultado,TikTok,Por mi propia cuenta,
Fernanda Prueba,demo+0842@example.com,Villa Prueba,845.2,Proteína Vainilla,2024-05-26 16:07,mejorar mi salud en general,Una companera de trabajo los toma.,,Facebook,Recibí un e-mail,
Diego Prueba,demo+0843@example.com,Villa Prueba,610.86,"Colágeno Rosa, Probiótico Diario, Magnesio Noche",2024-05-02 19:19,Bajar de peso despues del embarazo,,"El precio, está un poco caro",Google,Me acordé de ustedes,
Pablo Ejemplo,demo+0844@example.com,Pueblo Demo,3453.72,"Inositol Balance, Proteína Vainilla, Colágeno Rosa",2024-03-05 08:28,I want to slee better,,ninguna,Google,Me acordé de ustedes,
Lucía Ficticio,demo+0845@example.com,Pueblo Demo,2191.13,Colágeno Rosa,2024-03-20 19:58,"Probar algo que sí funcione, ya intenté de todo",,El tiempo de entrega,TikTok,Por mi propia cuenta,
Ana Ejemplo,demo+0846@example.com,Ciudad Ejemplo,3562.57,Proteína Vainilla,2024-01-24 12:13,Resistencia a la insulina,Una compañera de trabajo los toma.,,Instagram,Vi un anuncio,Instagram
Daniela Prueba,demo+0847@example.com,Pueblo Demo,2759.3,"Proteína Vainilla, Magnesio Noche",2024-03-03 19:24,,my friend recommended it,que no funcionaran,Instagram,Por mi propia cuenta,
María Ficticio,demo+0848@example.com,Villa Prueba,3215.07,"Proteína Vainilla, Magnesio Noche",2024-06-22 19:41,Dormir mejor.,Es mi segunda vez,Ninguno 😊,Me lo recomendaron,Vi un anuncio,Instagram
María Ficticio,demo+0849@example.com,Pueblo Demo,712.93,"Inositol Balance, Colágeno Rosa",2024-01-27 15:27,joint pain,siempre les compro.,que no me llegara,Instagram,Vi un anuncio,Facebook
Daniela Demo,demo+0850@example.com,Ciudad Ejemplo,938.05,"Proteína Vainilla, Colágeno Rosa",2024-05-01 13:13,la verdad no se,Me urgía,Que no llegara el pedido,TikTok,Por mi propia cuenta,
Luis Demo,demo+0851@example.com,Pueblo Demo,3152.92,"Magnesio Noche, Probiótico Diario, Proteína Vainilla",2024-03-11 11:13,Mejorar mi salud en general.,Clean ingredients,Comprar en una página que no conozco,TikTok,Alguien me habló de ti,
Sofía Ficticio,demo+0852@example.com,Villa Prueba,2264.86,Omega Calma,2024-05-22 14:00,Bajar de peso despues del embarazo,Ya había probado otros y no me srvieron.,que no funcione,Me lo recomendaron,Por mi propia cuenta,
Daniela Muestra,demo+0853@example.com,Ciudad Ejemplo,1562.84,Omega Calma,2024-02-21 09:42,Se me cae mucho el cabello.,por las resenas,,Facebook,Me acordé de ustedes,
Valeria Prueba,demo+0854@example.com,Villa Prueba,1626.16,"Inositol Balance, Omega Calma, Probiótico Diario",2024-05-06 09:37,,,Gastar y no ver ningún resultado,Instagram,Por mi propia cuenta,
Valeria Prueba,demo+0855@example.com,Pueblo Demo,2268.57,Omega Calma,2024-06-11 22:40,Controlar la ansiedad.,"No se, me llamo la atencion",Soy alérgica a varias cosas,Instagram,Alguien me habló de ti,
Daniela Ficticio,demo+0856@example.com,Villa Prueba,4180.26,Proteína Vainilla,2024-03-28 19:42,,Tenían 20% de descuento,Que fuera puro marketing,Me lo recomendaron,Por mi propia cuenta,
María Muestra,demo+0857@example.com,Villa Prueba,3872.08,Magnesio Noche,2024-04-22 13:49,resistencia a la insulina,se nota la diferencia,,TikTok,Me acordé de ustedes,
Lucía Prueba,demo+0858@example.com,Pueblo Demo,1427.31,Colágeno Rosa,2024-01-04 11:29,Ninguno,Me dio confianza que fuera orgánico,Que fuera puro marketing,Google,Alguien me habló de ti,
Fernanda Ejemplo,demo+0859@example.com,Pueblo Demo,474.12,Magnesio Noche,2024-04-03 18:16,,Esta respaldado pr ciencia,No tenía ningún miedo,Instagram,Por mi propia cuenta,
Luis Prueba,demo+0860@example.com,Ciudad Ejemplo,3891.69,"Omega Calma, Magnesio Noche",2024-03-25 20:15,nada en especial,A mi prima le dio resultado,ninguna,TikTok,Me acordé de ustedes,
María Muestra,demo+0861@example.com,Pueblo Demo,3564.82,"Proteína Vainilla, Colágeno Rosa",2024-05-14 23:53,I want to sleep better,estaba en promocion,Que fuera fraude,TikTok,Alguien me habló de ti,
Daniela Demo,demo+0862@example.com,Villa Prueba,1686.51,Omega Calma,2024-04-11 23:04,I want to sleep better.,Una compañera de trabajo los toma,que no funcionaran,Instagram,Me acordé de ustedes,
Carlos Ejemplo,demo+0863@example.com,Pueblo Demo,3981.41,Omega Calma,2024-02-07 16:33,joint pain,Me ayudó muchísimo con la inflamación,que no funcionaran,Facebook,Por mi propia cuenta,
Lucía Demo,demo+0864@example.com,Ciudad Ejemplo,3721.34,"Colágeno Rosa, Omega Calma",2024-04-28 14:17,Se me cae mucho el cabello,porque sí.,Que no funcione,Instagram,Por mi propia cuenta,
Ana Prueba,demo+0865@example.com,Pueblo Demo,2721.39,"Proteína Vainilla, Magnesio Noche",2024-03-03 10:40,Curosidad,Me dio confianza que fuera orgánico,That it wouldn't work.,Otro,Por mi propia cuenta,
Pablo Muestra,demo+0866@example.com,Pueblo Demo,3177.05,Proteína Vainilla,2024-02-11 16:32,,clean ingredients.,Que no llegara el pedido,Instagram,Por mi propia cuenta,
Valeria Ejemplo,demo+0867@example.com,Pueblo Demo,2845.78,"Proteína Vainilla, Magnesio Noche, Inositol Balance",2024-02-05 08:25,Cansancio todo el tiempo.,Sin químicos.,,Instagram,Recibí un e-mail,
Jorge Demo,demo+0868@example.com,Ciudad Ejemplo,1338.64,"Colágeno Rosa, Magnesio Noche, Proteína Vainilla",2024-04-15 14:25,,Me urgia,Ninguno.,Instagram,Por mi propia cuenta,
María Ejemplo,demo+0869@example.com,Ciudad Ejemplo,743.23,Omega Calma,2024-02-02 23:44,Ninguno,Se nota la diferencia,Soy alergica a varias cosas.,Instagram,Alguien me habló de ti,
Luis Demo,demo+0870@example.com,Pueblo Demo,2096.36,Inositol Balance,2024-06-28 20:11,joint pain,,que no funcione,TikTok,Por mi propia cuenta,
Diego Demo,demo+0871@example.com,Ciudad Ejemplo,4143.8,"Proteína Vainilla, Probiótico Diario, Omega Calma",2024-04-03 09:11,Resistencia a la insulina,Me ayudó muchísimo con la inflamación,gastar y no ver ningún resultado.,Instagram,Por mi propia cuenta,
Ana Prueba,demo+0872@example.com,Villa Prueba,1322.46,"Inositol Balance, Magnesio Noche",2024-01-15 13:21,se me cae mucho el cabello,sigo a la nutrióloga en instagram y la recomienda,is this brand legit?,Google,Por mi propia cuenta,
Diego Demo,demo+0873@example.com,Villa Prueba,2919.95,"Magnesio Noche, Proteína Vainilla, Inositol Balance",2024-04-12 10:37,Tener más energía en el día.,Por las reseñas,Que no hiciera efecto.,Instagram,Por mi propia cuenta,
María Prueba,demo+0874@example.com,Villa Prueba,2157.3,"Colágeno Rosa, Inositol Balance, Proteína Vainilla",2024-02-03 14:33,Dormir mejor,Me urgía,que fuera fraude,Instagram,Por mi propia cuenta,
Ana Demo,demo+0875@example.com,Ciudad Ejemplo,1737.52,Omega Calma,2024-05-09 22:41,Tener más energía en el día,Vi muchos testimonios,none,Instagram,Alguien me habló de ti,
Sofía Demo,demo+0876@example.com,Villa Prueba,1950.58,"Proteína Vainilla, Probiótico Diario",2024-03-05 19:51,nada en especial,No tiene azucar ni cosas raras,That it wouldn't work,Google,Vi un anuncio,Instagram
Daniela Muestra,demo+0877@example.com,Pueblo Demo,2554.67,Omega Calma,2024-04-13 09:08,bajar de peso despues del embarazo,Siempre les compro,That it wouldn't work.,TikTok,Vi un anuncio,Instagram
María Muestra,demo+0878@example.com,Ciudad Ejemplo,3341.62,Inositol Balance,2024-02-23 08:58,,Me lo recomendó una amiga,que no funcionaran,Facebook,Por mi propia cuenta,
Jorge Muestra,demo+0879@example.com,Pueblo Demo,2601.61,"Proteína Vainilla, Magnesio Noche",2024-05-10 13:33,Mejorar mi salud en general,,que no me gustara el sabor,Me lo recomendaron,Por mi propia cuenta,
Daniela Ficticio,demo+0880@example.com,Villa Prueba,402.91,"Omega Calma, Inositol Balance",2024-02-28 22:10,Dolor de rodillas,,,Facebook,Por mi propia cuenta,
Ana Demo,demo+0881@example.com,Pueblo Demo,2217.15,Proteína Vainilla,2024-04-16 23:14,tener mas energia en el dia,Siempre les copro.,Que saliera muy caro con el envío,Facebook,Me acordé de ustedes,
Lucía Ejemplo,demo+0882@example.com,Ciudad Ejemplo,3982.95,Probiótico Diario,2024-06-10 16:32,,Tenían 20% de descuento,que saliera muy caro con el envio,TikTok,Por mi propia cuenta,
Lucía Muestra,demo+0883@example.com,Ciudad Ejemplo,2936.61,"Magnesio Noche, Inositol Balance",2024-06-23 21:01,se me cae mucho el cabello,Siempre ls compro,Que tardara mucho el envío,TikTok,Vi un anuncio,Instagram
Diego Muestra,demo+0884@example.com,Ciudad Ejemplo,3615.08,Omega Calma,2024-02-22 13:40,Quiero ver resultados reales esta vez,Vi muchos testimonios,no conocia la marca.,Otro,Alguien me habló de ti,
María Demo,demo+0885@example.com,Ciudad Ejemplo,1782.08,"Proteína Vainilla, Probiótico Diario",2024-03-25 16:21,Dolor de rodillas.,Clean ingredients,Nada,Otro,Alguien me habló de ti,
Daniela Prueba,demo+0886@example.com,Villa Prueba,3204.54,Omega Calma,2024-05-16 11:33,se me cae mucho el cabello,Me ayudó muchísimo con la inflamación,que fuera una estafa,TikTok,Por mi propia cuenta,
Diego Ejemplo,demo+0887@example.com,Villa Prueba,3506.2,"Proteína Vainilla, Omega Calma, Colágeno Rosa",2024-03-26 10:45,,Sin quimicos,Ninguno 😊,Instagram,Me acordé de ustedes,
Valeria Demo,demo+0888@example.com,Pueblo Demo,3961.74,"Colágeno Rosa, Inositol Balance",2024-01-19 15:03,Tener mas energia en el dia,sigo a la nutrióloga en instagram y la recomienda,Is this brand legit?,Instagram,Por mi propia cuenta,
Carlos Muestra,demo+0889@example.com,Pueblo Demo,2155.84,"Colágeno Rosa, Inositol Balance",2024-03-15 16:49,,Porque sí,Que saliera muy caro con el envio,Instagram,Por mi propia cuenta,
Ana Ficticio,demo+0890@example.com,Ciudad Ejemplo,1426.19,Inositol Balance,2024-06-07 11:38,Dolor de rodillas,sin quimicos.,Que no funcione,Instagram,Por mi propia cuenta,
Valeria Muestra,demo+0891@example.com,Villa Prueba,3178.46,Magnesio Noche,2024-03-10 08:24,I want to sleep better,Ya lo hbia comprado antes.,qu me cayera mal,Me lo recomendaron,Alguien me habló de ti,
Sofía Muestra,demo+0892@example.com,Ciudad Ejemplo,4075.57,Omega Calma,2024-03-15 11:51,La verdad no se,Me gusta apoyar negocios locales,Gastar y no ver ningun resultado,Facebook,Por mi propia cuenta,
Jorge Ficticio,demo+0893@example.com,Pueblo Demo,2000.03,"Inositol Balance, Colágeno Rosa, Proteína Vainilla",2024-01-01 08:14,Bajar de peso despues del embarazo.,,Ninguno 😊,Me lo recomendaron,Vi un anuncio,Instagram
Luis Muestra,demo+0894@example.com,Ciudad Ejemplo,4056.05,"Inositol Balance, Magnesio Noche",2024-01-01 22:02,I want to sleep better,Mi hermana los usa yle fue muy bien,Que no funcione,Google,Alguien me habló de ti,
María Prueba,demo+0895@example.com,Villa Prueba,1865.78,"Colágeno Rosa, Probiótico Diario",2024-05-14 19:33,,my friend recommended it,que saliera muy caro con el envío,Instagram,Vi un anuncio,Instagram
Sofía Muestra,demo+0896@example.com,Ciudad Ejemplo,2050.05,Magnesio Noche,2024-04-03 09:42,Se me cae mucho el cabello,,Efectos secundarios,Instagram,Por mi propia cuenta,
Luis Demo,demo+0897@example.com,Ciudad Ejemplo,3636.92,Probiótico Diario,2024-05-27 23:08,dormir mejor,El precio.,Comprar en una pagina que no conozco,TikTok,Alguien me habló de ti,
Luis Ficticio,demo+0898@example.com,Villa Prueba,826.07,"Magnesio Noche, Proteína Vainilla",2024-04-05 13:32,Resistencia a la insulina,Pr las reseñas,que no me llegara,Instagram,Me acordé de ustedes,
Pablo Ejemplo,demo+0899@example.com,Pueblo Demo,1556.89,"Inositol Balance, Proteína Vainilla, Colágeno Rosa",2024-05-10 17:44,,Me lo recomendo una amiga,Gastar y no ver ningún resultado,Me lo recomendaron,Por mi propia cuenta,
Pablo Ejemplo,demo+0900@example.com,Pueblo Demo,2618.91,Proteína Vainilla,2024-01-06 16:14,Me duelen mucho las articulaciones,Clean ingredients,That it wouldn't work,Facebook,Por mi propia cuenta,
María Ejemplo,demo+0901@example.com,Villa Prueba,3457.44,"Probiótico Diario, Proteína Vainilla, Omega Calma",2024-02-14 17:45,Ninguno,Mi herana los usa y le fue muy bien,No conocía la marca,Me lo recomendaron,Alguien me habló de ti,
Diego Demo,demo+0902@example.com,Pueblo Demo,2978.58,Probiótico Diario,2024-03-06 09:52,nada en especial,,,Instagram,Por mi propia cuenta,
Valeria Ejemplo,demo+0903@example.com,Ciudad Ejemplo,3581.71,Proteína Vainilla,2024-05-28 16:58,Cansancio todo el tiempo,Que los ingredientes son naturales,que no me llegara,Instagram,Vi un anuncio,YouTube
Sofía Muestra,demo+0904@example.com,Pueblo Demo,2944.13,"Colágeno Rosa, Inositol Balance",2024-03-19 20:52,controlar la ansiedad,El empaque está muy bonito,que saliera muy caro con el envio,Me lo recomendaron,Recibí un e-mail,
Jorge Muestra,demo+0905@example.com,Villa Prueba,3775.17,Probiótico Diario,2024-01-07 10:54,I want to sleep better,vi muchos testimonios,Ninguno,Me lo recomendaron,Por mi propia cuenta,
Ana Ejemplo,demo+0906@example.com,Villa Prueba,872.74,Probiótico Diario,2024-05-05 19:28,"Probar algo que si funcione, ya intente de todo.",Siempre les compro.,,Facebook,Vi un anuncio,Facebook
Luis Muestra,demo+0907@example.com,Villa Prueba,3389.83,Magnesio Noche,2024-03-03 22:59,joint pain.,me ayudó muchísimo con la inflamación,"el precio, está un poco caro",Instagram,Por mi propia cuenta,
Luis Prueba,demo+0908@example.com,Villa Prueba,2725.98,"Omega Calma, Magnesio Noche, Proteína Vainilla",2024-04-23 18:46,nada en especial,,No se,Me lo recomendaron,Me acordé de ustedes,
Lucía Prueba,demo+0909@example.com,Ciudad Ejemplo,2117.94,"Probiótico Diario, Omega Calma, Inositol Balance",2024-01-24 17:03,Mejorar mi salud en general,siempre les compro,Nada.,Instagram,Vi un anuncio,TikTok
Lucía Muestra,demo+0910@example.com,Villa Prueba,3617.42,"Colágeno Rosa, Magnesio Noche, Proteína Vainilla",2024-02-11 10:20,Dormir mejor,Que los ingredientes son naturales,que n hiciera efecto,Otro,Alguien me habló de ti,
Valeria Prueba,demo+0911@example.com,Pueblo Demo,456.13,"Omega Calma, Probiótico Diario, Colágeno Rosa",2024-03-04 08:09,Resistencia a la insulina,Porque sí,Que no funcione,Instagram,Recibí un e-mail,
Diego Ejemplo,demo+0912@example.com,Ciudad Ejemplo,1508.27,"Omega Calma, Magnesio Noche",2024-06-23 20:18,Tener más energía en el día.,,N tenía ningún miedo,Instagram,Por mi propia cuenta,
Fernanda Demo,demo+0913@example.com,Pueblo Demo,2086.38,Magnesio Noche,2024-02-22 19:03,I want to sleep beter.,Es una marca mexicana,que no me llegra,Instagram,Estaba buscando algo en Google,
Jorge Muestra,demo+0914@example.com,Ciudad Ejemplo,694.18,Omega Calma,2024-03-25 16:08,,my friend recommended it,que no funcionaran,Me lo recomendaron,Por mi propia cuenta,
Diego Muestra,demo+0915@example.com,Ciudad Ejemplo,1758.61,Proteína Vainilla,2024-01-25 22:35,,Me dio confianza que fuera orgánico,Comprar en una págna que no conozco,Instagram,Por mi propia cuenta,
Diego Muestra,demo+0916@example.com,Villa Prueba,978.32,Inositol Balance,2024-02-21 10:14,,A mi prima le dio resultado,Que tardara mucho el envío.,Me lo recomendaron,Recibí un e-mail,
Ana Demo,demo+0917@example.com,Pueblo Demo,2880.69,"Colágeno Rosa, Magnesio Noche",2024-03-05 19:33,Ninguno,sin químicos,Is this brand lgit?.,Instagram,Por mi propia cuenta,
Jorge Demo,demo+0918@example.com,Ciudad Ejemplo,3879.73,Proteína Vainilla,2024-05-24 20:21,Me duelen mucho las articulaciones,el precio,Que saliera muy caro con el envío,TikTok,Me acordé de ustedes,
Ana Ejemplo,demo+0919@example.com,Villa Prueba,2192.11,Magnesio Noche,2024-01-07 12:15,Resistencia a la insulina,Que los ingredientes son naturales,No tenia ningun miedo,Instagram,Por mi propia cuenta,
Sofía Prueba,demo+0920@example.com,Ciudad Ejemplo,1564.03,"Colágeno Rosa, Omega Calma, Magnesio Noche",2024-06-10 12:26,Acne hormonal,Se nota la diferencia,ninguna,Google,Vi un anuncio,Instagram
Fernanda Prueba,demo+0921@example.com,Villa Prueba,1776.74,Magnesio Noche,2024-01-22 15:21,"Mejorar mi digestión, vivo inflamada.",Se nota la diferencia,que tardara mucho el envío,Me lo recomendaron,Me acordé de ustedes,
Sofía Prueba,demo+0922@example.com,Ciudad Ejemplo,3393.76,Proteína Vainilla,2024-02-23 13:55,mejora mi salud en general.,Por la comunidad que tienen,que no llegue a mi ciudad,Otro,Por mi propia cuenta,
Pablo Prueba,demo+0923@example.com,Villa Prueba,3067.62,"Proteína Vainilla, Colágeno Rosa",2024-05-17 09:36,bajar de peso despues del embarazo,Sigo a la nutriologa en Instagram y la recomienda,Nada,Instagram,Por mi propia cuenta,
Lucía Ejemplo,demo+0924@example.com,Pueblo Demo,3725.97,Colágeno Rosa,2024-06-08 19:57,,El precio,Que no hiciera efecto,Instagram,Por mi propia cuenta,
María Ejemplo,demo+0925@example.com,Ciudad Ejemplo,3571.08,"Probiótico Diario, Omega Calma, Proteína Vainilla",2024-04-28 15:00,Tener más energía en el día,Me urgía,Ninguno 😊,Me lo recomendaron,Por mi propia cuenta,
Sofía Ficticio,demo+0926@example.com,Villa Prueba,4107.93,Probiótico Diario,2024-04-13 23:40,dolor de rodillas,Una companera de trabajo los toma,que no me sirva como a los demas.,Instagram,Por mi propia cuenta,
Jorge Prueba,demo+0927@example.com,Pueblo Demo,3936.8,"Probiótico Diario, Inositol Balance",2024-04-08 12:56,Cansancio todo el tiempo,porque si funcionan,soy alérgica a varias cosas,Instagram,Vi un anuncio,YouTube
Luis Muestra,demo+0928@example.com,Villa Prueba,3472.61,Magnesio Noche,2024-02-01 20:42,Resistencia a la insulina,Me dio confianza que fuera organico,Soy alérgica a varias cosas,Instagram,Me acordé de ustedes,
Carlos Demo,demo+0929@example.com,Villa Prueba,2388.15,"Colágeno Rosa, Proteína Vainilla",2024-05-04 14:29,tengo sop y quiero regular mi ciclo,ya había probado otros y no me sirvieron,Que no hiciera efecto,Instagram,Vi un anuncio,Instagram
Sofía Muestra,demo+0930@example.com,Ciudad Ejemplo,3052.31,Omega Calma,2024-04-16 14:22,resistencia a la insulina,Más barato que en la farmacia,que no me llegara,Instagram,Por mi propia cuenta,
Carlos Muestra,demo+0931@example.com,Pueblo Demo,1802.58,"Omega Calma, Colágeno Rosa, Magnesio Noche",2024-03-18 17:25,Quiero ver resultados reales esta vez,my friend recommended it,Que fuera puro marketing,Instagram,Por mi propia cuenta,
Ana Ficticio,demo+0932@example.com,Pueblo Demo,2653.98,Omega Calma,2024-03-18 23:23,,Por la comuniad que tienen,Que tardara mucho el envío,Otro,Por mi propia cuenta,
Carlos Prueba,demo+0933@example.com,Pueblo Demo,2881.21,Magnesio Noche,2024-03-12 17:18,nada en especial,que los ingredientes son naturales,Nada,Otro,Por mi propia cuenta,
María Ejemplo,demo+0934@example.com,Ciudad Ejemplo,1150.86,Proteína Vainilla,2024-05-06 09:42,Me duelen mucho las articulaciones,,ningna,Facebook,Recibí un e-mail,
María Ficticio,demo+0935@example.com,Pueblo Demo,2698.6,"Omega Calma, Probiótico Diario",2024-06-12 09:04,Me duelen mucho las articulaciones,Me lo recomendó una amiga.,Ninguno.,Instagram,Me acordé de ustedes,
María Ficticio,demo+0936@example.com,Pueblo Demo,1323.61,Inositol Balance,2024-06-19 11:38,colitis,Clean ingredients,none.,Instagram,Por mi propia cuenta,
Jorge Demo,demo+0937@example.com,Pueblo Demo,839.61,Inositol Balance,2024-02-01 13:50,"Mejorar mi digestión, vivo inflamada",my friend recommended it,Gastar y no ver ningún resultado.,Me lo recomendaron,Me acordé de ustedes,
Jorge Ejemplo,demo+0938@example.com,Villa Prueba,3478.34,"Probiótico Diario, Proteína Vainilla",2024-04-16 22:35,Dormir mejor,No tiene azúcar ni cosas raras,que no funcionaran,Me lo recomendaron,Por mi propia cuenta,
Carlos Prueba,demo+0939@example.com,Pueblo Demo,981.68,Inositol Balance,2024-05-14 19:01,bajar de peso despues del embarazo,es una marca mexicana,que no fncionaran,Instagram,Por mi propia cuenta,
Diego Ejemplo,demo+0940@example.com,Pueblo Demo,2191.62,Probiótico Diario,2024-05-09 10:06,i want to sleep better.,Sin químicos,Que no funcione,Instagram,Vi un anuncio,Instagram
Jorge Muestra,demo+0941@example.com,Pueblo Demo,582.17,"Inositol Balance, Omega Calma",2024-06-23 09:53,bajar de peso despues del embarazo,El recio,Nada,Instagram,Vi un anuncio,Instagram
Pablo Demo,demo+0942@example.com,Ciudad Ejemplo,2916.13,Colágeno Rosa,2024-01-15 17:15,Bajar de peso despues del embarazo,my friend recommended it,Que no me sirva como a los demas,Instagram,Por mi propia cuenta,
Fernanda Demo,demo+0943@example.com,Villa Prueba,1446.18,Proteína Vainilla,2024-02-13 21:03,Colitis,No tiene azucar ni cosas raras,"el precio, está un poco caro",Me lo recomendaron,Alguien me habló de ti,
Luis Ficticio,demo+0944@example.com,Pueblo Demo,3543.87,"Colágeno Rosa, Omega Calma",2024-01-01 20:31,Cansancio todo el tiempo.,Mi hermana los usa y le fue uy bien,Que no hiciera efecto,TikTok,Por mi propia cuenta,
Pablo Demo,demo+0945@example.com,Ciudad Ejemplo,3447.34,Omega Calma,2024-05-03 15:04,nada en especial,Ya lo habia comprado antes,que no me llegara,Instagram,Vi un anuncio,Instagram
Sofía Prueba,demo+0946@example.com,Villa Prueba,3957.23,"Proteína Vainilla, Inositol Balance",2024-05-16 20:26,"Probar algo que sí funcione, ya intenté de todo",Clean ingredients,que tardara mucho el envío,Instagram,Alguien me habló de ti,
Diego Prueba,demo+0947@example.com,Pueblo Demo,1572.05,Magnesio Noche,2024-02-03 20:50,"Mejorar mi digestión, vivo inflamada.",Por las reseñas,Que fuera puro marketing,Instagram,Me acordé de ustedes,
Jorge Ejemplo,demo+0948@example.com,Ciudad Ejemplo,2377.29,Magnesio Noche,2024-05-02 20:58,Canancio todo el tiempo,,gastar y n ver ningun resultado,Instagram,Recibí un e-mail,
Ana Demo,demo+0949@example.com,Villa Prueba,648.6,"Magnesio Noche, Omega Calma",2024-02-11 12:21,I want to sleep better.,se nota la diferencia,que saliera muy caro con el envío,Instagram,Por mi propia cuenta,
Fernanda Prueba,demo+0950@example.com,Ciudad Ejemplo,456.88,Probiótico Diario,2024-02-13 21:46,nada en especial,Que los ingredientes son naturales,Que fuera puro marketing,Instagram,Alguien me habló de ti,
Ana Muestra,demo+0951@example.com,Ciudad Ejemplo,831.07,"Proteína Vainilla, Colágeno Rosa",2024-05-20 19:27,Tener ás energía en el día,No tiene azucar ni cosas raras,Que no funcione,Instagram,Me acordé de ustedes,
Pablo Demo,demo+0952@example.com,Pueblo Demo,3504.48,Colágeno Rosa,2024-04-26 08:46,,A mi prima le dio resultado,,Me lo recomendaron,Por mi propia cuenta,
Lucía Ficticio,demo+0953@example.com,Ciudad Ejemplo,989.28,"Inositol Balance, Probiótico Diario",2024-03-12 11:16,Mejorar mi salud en general,,Ninguno,Instagram,Por mi propia cuenta,
Ana Prueba,demo+0954@example.com,Ciudad Ejemplo,445.58,"Inositol Balance, Proteína Vainilla, Omega Calma",2024-01-04 19:41,Es un regalo para mi mamá,Clean ingredients,,Me lo recomendaron,Por mi propia cuenta,
Luis Demo,demo+0955@example.com,Pueblo Demo,1103.94,Colágeno Rosa,2024-06-03 23:42,I want to sleep better,Porque sí funcionan.,Que se perdiera el paquete,TikTok,Por mi propia cuenta,
Diego Prueba,demo+0956@example.com,Pueblo Demo,829.16,"Proteína Vainilla, Magnesio Noche",2024-06-14 21:51,Resistencia a la insulina.,que los ingredientesson naturales,Que fuera una estafa,Instagram,Me acordé de ustedes,
Daniela Ejemplo,demo+0957@example.com,Pueblo Demo,3566.54,"Proteína Vainilla, Inositol Balance, Magnesio Noche",2024-03-21 19:04,"Probar algo que sí funcione, ya intenté de todo",Una compañera de trabajo los toma,Que fuer puro marketing,Facebook,Por mi propia cuenta,
María Muestra,demo+0958@example.com,Pueblo Demo,1329.72,Probiótico Diario,2024-05-23 20:16,Bajar de peso despues del embarazo,,El tiempo de entrega,Instagram,Por mi propia cuenta,
Luis Prueba,demo+0959@example.com,Pueblo Demo,2335.92,"Probiótico Diario, Inositol Balance",2024-06-21 18:31,joint pain,más barato que en la farmacia,Nada,TikTok,Alguien me habló de ti,
Carlos Ejemplo,demo+0960@example.com,Ciudad Ejemplo,3604.56,"Omega Calma, Magnesio Noche",2024-01-04 10:07,joint pain,Una companera de trabajo los toma,que no funcione,Me lo recomendaron,Vi un anuncio,Instagram
Daniela Ejemplo,demo+0961@example.com,Ciudad Ejemplo,3774.89,Probiótico Diario,2024-03-25 22:10,Mejorar mi salud en general,Me ayudo muchisimo con la inflamacion,Que fuera puro mareting,Me lo recomendaron,Por mi propia cuenta,
Jorge Ficticio,demo+0962@example.com,Ciudad Ejemplo,372.06,"Probiótico Diario, Omega Calma",2024-02-03 16:49,Colitis,Es mi segunda vez,ninguna,Instagram,Vi un anuncio,Instagram
Lucía Demo,demo+0963@example.com,Pueblo Demo,2464.55,Probiótico Diario,2024-02-09 10:57,,Ya había probado otros y no me sirvieron,dar mis datosde tarjeta en una tienda nueva.,Otro,Por mi propia cuenta,
Valeria Muestra,demo+0964@example.com,Villa Prueba,3002.19,"Inositol Balance, Proteína Vainilla, Probiótico Diario",2024-02-25 12:10,se me cae mucho el cabello,Estaba en promocion,ninguna,Instagram,Recibí un e-mail,
María Prueba,demo+0965@example.com,Ciudad Ejemplo,963.88,Inositol Balance,2024-02-09 19:17,,Ya había probado otros y no me sirvieron,,TikTok,Me acordé de ustedes,
Fernanda Ejemplo,demo+0966@example.com,Villa Prueba,2032.41,"Probiótico Diario, Magnesio Noche",2024-06-01 12:23,controlar la ansiedad,,que no funcionaran,Me lo recomendaron,Alguien me habló de ti,
Ana Muestra,demo+0967@example.com,Villa Prueba,1109.34,"Inositol Balance, Colágeno Rosa",2024-06-24 23:40,Se me cae mucho el cabello,sigo a la nutriologa en instagram y la recomienda,que no llegue a mi cidad,Instagram,Vi un anuncio,Instagram
Jorge Prueba,demo+0968@example.com,Ciudad Ejemplo,4088.48,"Colágeno Rosa, Magnesio Noche",2024-01-01 15:33,nada en especial,Vi muchos testimonios,que no llegara el pedido,TikTok,Me acordé de ustedes,
Jorge Prueba,demo+0969@example.com,Villa Prueba,2295.61,"Probiótico Diario, Proteína Vainilla, Magnesio Noche",2024-04-13 23:34,Dolor de rodillas,Una compañera de trabajo los toma,Que me cayera mal,TikTok,Alguien me habló de ti,
Sofía Muestra,demo+0970@example.com,Villa Prueba,663.7,"Omega Calma, Colágeno Rosa, Probiótico Diario",2024-06-17 13:02,Colitis,Ya habia probado otros y no me sirvieron,el tiempo de entrega.,Instagram,Por mi propia cuenta,
Ana Demo,demo+0971@example.com,Pueblo Demo,1432.64,Colágeno Rosa,2024-04-08 10:35,Se me cae mucho el cabello,Me dio confianza que fuera orgánico,efectos secundarios,Instagram,Me acordé de ustedes,
Jorge Prueba,demo+0972@example.com,Pueblo Demo,2753.87,"Magnesio Noche, Proteína Vainilla, Probiótico Diario",2024-02-18 13:44,colitis,Sin químios,Que no hiciera efecto.,Me lo recomendaron,Alguien me habló de ti,
María Muestra,demo+0973@example.com,Ciudad Ejemplo,2415.48,Probiótico Diario,2024-05-20 19:10,Tengo SOP y quiero regular mi ciclo,Siempre les compro,,Instagram,Recibí un e-mail,
Ana Ejemplo,demo+0974@example.com,Villa Prueba,622.95,Proteína Vainilla,2024-03-01 11:12,mejorar mi salud en general,Porque sí funcionan,Que no llegara el pedido,Me lo recomendaron,Por mi propia cuenta,
Jorge Ejemplo,demo+0975@example.com,Villa Prueba,1421.49,"Proteína Vainilla, Colágeno Rosa, Omega Calma",2024-04-18 21:20,joint pain,Mas barato que en la farmacia,Que no funcione,Google,Estaba buscando algo en Google,
Pablo Muestra,demo+0976@example.com,Ciudad Ejemplo,2859.08,"Proteína Vainilla, Probiótico Diario",2024-02-07 13:57,Quiero ver resutados reales esta vez,Me dio confianz que fuera orgánico,Que saliera muy caro con el envío,TikTok,Me acordé de ustedes,
Diego Ficticio,demo+0977@example.com,Villa Prueba,2052.75,Magnesio Noche,2024-06-25 22:27,Resistencia a la insulina,sin quimicos,,Google,Por mi propia cuenta,
Sofía Demo,demo+0978@example.com,Pueblo Demo,506.75,"Magnesio Noche, Inositol Balance, Proteína Vainilla",2024-02-10 08:52,la verdad no se,Tenían 20% de descuento,Que no me sirva como a los demás,Instagram,Por mi propia cuenta,
Valeria Muestra,demo+0979@example.com,Pueblo Demo,3452.46,"Inositol Balance, Probiótico Diario, Omega Calma",2024-06-10 14:24,joint pain,el precio,that it wouldn't work,Me lo recomendaron,Por mi propia cuenta,
Valeria Demo,demo+0980@example.com,Pueblo Demo,1286.65,Inositol Balance,2024-04-24 08:58,Se me cae mucho el cabello,Está respaldad por ciencia,Ninguno.,Facebook,Por mi propia cuenta,
Ana Muestra,demo+0981@example.com,Villa Prueba,687.51,"Proteína Vainilla, Magnesio Noche",2024-06-08 14:02,Es un regalo para mi mama,clean ingredients,Que no hiciera efecto,Instagram,Alguien me habló de ti,
Ana Ficticio,demo+0982@example.com,Villa Prueba,2764.63,"Probiótico Diario, Inositol Balance",2024-02-19 20:38,joint pain,,Que no me sirva como a los demás,TikTok,Alguien me habló de ti,
Sofía Prueba,demo+0983@example.com,Villa Prueba,1706.8,Probiótico Diario,2024-06-22 20:46,Colitis,Por las reseñas,Que no me gustara el sabor.,Me lo recomendaron,Vi un anuncio,Facebook
María Demo,demo+0984@example.com,Ciudad Ejemplo,2936.44,Omega Calma,2024-05-12 11:00,Mejorar mi salud en general,,Que no hiciera efecto,Instagram,Alguien me habló de ti,
Luis Ejemplo,demo+0985@example.com,Ciudad Ejemplo,804.68,"Proteína Vainilla, Magnesio Noche",2024-05-11 23:08,Tener mas energia en el dia.,Ya había probado otros y no me sirvieron,"El precio, está un poco caro",Instagram,Vi un anuncio,TikTok
Jorge Demo,demo+0986@example.com,Ciudad Ejemplo,2663.08,Probiótico Diario,2024-06-15 18:00,Bajar de peso despues del embarazo,Me dio confianza que fuera orgánico,Niguno 😊.,Instagram,Me acordé de ustedes,
Carlos Prueba,demo+0987@example.com,Ciudad Ejemplo,3900.7,Colágeno Rosa,2024-01-16 11:48,Mejorar mi salud en general,Ya habia probado otros y no me sirvieron,,Instagram,Alguien me habló de ti,
Lucía Prueba,demo+0988@example.com,Ciudad Ejemplo,2278.09,Magnesio Noche,2024-01-12 23:32,Dolor de rodillas,my friend recommended it,ninguna,TikTok,Me acordé de ustedes,
Carlos Ficticio,demo+0989@example.com,Pueblo Demo,923.77,"Omega Calma, Proteína Vainilla",2024-04-19 18:33,ninguno,Porque sí funcionan,ninuno 😊,Facebook,Recibí un e-mail,
Luis Ejemplo,demo+0990@example.com,Ciudad Ejemplo,3571.41,"Colágeno Rosa, Inositol Balance",2024-04-01 08:26,Tener más energía en el día,Me dio confianza que fera orgánico,Que fuera puro marketing,TikTok,Vi un anuncio,Instagram
Sofía Prueba,demo+0991@example.com,Pueblo Demo,1234.29,"Magnesio Noche, Probiótico Diario",2024-01-26 13:14,La verdad n sé,Se nota la diferencia.,that it wouldn't work,Instagram,Alguien me habló de ti,
Lucía Demo,demo+0992@example.com,Ciudad Ejemplo,2757.53,"Probiótico Diario, Colágeno Rosa",2024-03-04 21:21,Dolor de rodillas,Sin quimicos,"El precio, está un poco caro",Instagram,Por mi propia cuenta,
Ana Ficticio,demo+0993@example.com,Villa Prueba,829.15,Inositol Balance,2024-05-15 12:42,Controlar la ansiedad,,que no funcionaran,Me lo recomendaron,Vi un anuncio,Instagram
Valeria Ficticio,demo+0994@example.com,Ciudad Ejemplo,707.68,Magnesio Noche,2024-03-20 14:18,joint pain,vi muchos testimonios.,ningua,Me lo recomendaron,Por mi propia cuenta,
Valeria Ficticio,demo+0995@example.com,Pueblo Demo,1671.8,"Omega Calma, Proteína Vainilla, Colágeno Rosa",2024-04-27 21:21,Mejorar mi salud en general,por la comunidad que tienen,,Me lo recomendaron,Vi un anuncio,Instagram
Daniela Demo,demo+0996@example.com,Pueblo Demo,940.05,"Omega Calma, Proteína Vainilla",2024-01-27 17:23,,Siempre les compro,Que no hiciera efecto,Instagram,Por mi propia cuenta,
Fernanda Ficticio,demo+0997@example.com,Ciudad Ejemplo,1434.21,Proteína Vainilla,2024-01-13 13:18,cansancio todo el tiempo.,se nota la diferencia,,Google,Vi un anuncio,Facebook
Diego Demo,demo+0998@example.com,Ciudad Ejemplo,358.76,Inositol Balance,2024-02-09 18:27,La verdad no sé,porque si,,Facebook,Por mi propia cuenta,
Diego Muestra,demo+0999@example.com,Villa Prueba,2584.73,Omega Calma,2024-02-05 09:36,Me duelen mucho las articuaciones,Ya lo había comprado antes,No tenía ningún miedo,Google,Recibí un e-mail,
Carlos Ficticio,demo+1000@example.com,Ciudad Ejemplo,390.35,Probiótico Diario,2024-04-23 15:34,Se me cae mucho el cabello,Siempre les compro,Gastar y no ver ningún resultado,Facebook,Alguien me habló de ti,
Lucía Prueba,demo+1001@example.com,Villa Prueba,1064.52,Probiótico Diario,2024-05-28 20:18,Colitis,,Nada,Google,Por mi propia cuenta,
María Ejemplo,demo+1002@example.com,Villa Prueba,1778.84,"Magnesio Noche, Probiótico Diario",2024-06-04 09:53,I want to sleep better.,ya había probado otros y no me sirvieron,Que saliera muy caro con el envío,Instagram,Me acordé de ustedes,
Sofía Ejemplo,demo+1003@example.com,Ciudad Ejemplo,2188.34,"Proteína Vainilla, Probiótico Diario, Inositol Balance",2024-06-02 17:47,dormir mejor,,El tiempo de entreg.,Me lo recomendaron,Me acordé de ustedes,
Lucía Prueba,demo+1004@example.com,Ciudad Ejemplo,1173.57,Probiótico Diario,2024-05-20 14:52,Ninguno,,Nada.,Otro,Por mi propia cuenta,
Diego Ejemplo,demo+1005@example.com,Pueblo Demo,2456.35,"Omega Calma, Colágeno Rosa",2024-03-27 13:29,Controlar la ansiedad,me lo recomendó una amiga,Comprar en una pagina que no conozco,Instagram,Recibí un e-mail,
Valeria Ficticio,demo+1006@example.com,Ciudad Ejemplo,1609.48,Magnesio Noche,2024-05-14 15:29,Resistencia a la insulina,No tiene azúcar ni cosas raras,que no llegue a mi ciudad,Otro,Por mi propia cuenta,
Carlos Prueba,demo+1007@example.com,Ciudad Ejemplo,3301.27,Probiótico Diario,2024-03-01 09:14,joint pain,Mas barato que en la farmacia.,"El precio, esta un poco caro",Instagram,Alguien me habló de ti,
Daniela Muestra,demo+1008@example.com,Villa Prueba,3602.31,Magnesio Noche,2024-02-18 08:14,Cansancio todo el tiempo,me dio confianza que fuera orgánico,Que no funcione,Instagram,Recibí un e-mail,
Valeria Prueba,demo+1009@example.com,Ciudad Ejemplo,1206.69,"Omega Calma, Proteína Vainilla",2024-01-06 22:46,Acne hormonal,,Is this brand legit?,TikTok,Vi un anuncio,Instagram
Luis Prueba,demo+1010@example.com,Pueblo Demo,2261.73,Proteína Vainilla,2024-02-16 23:13,Tener más energía en el día,mas barato que en la farmacia,que fuera puro marketing,Instagram,Vi un anuncio,Instagram
Pablo Muestra,demo+1011@example.com,Ciudad Ejemplo,2616.55,"Proteína Vainilla, Probiótico Diario, Magnesio Noche",2024-06-21 23:14,Se me cae mucho el cabello,Por las reseñas.,Ninguno,Me lo recomendaron,Vi un anuncio,YouTube
María Muestra,demo+1012@example.com,Villa Prueba,1343.77,"Probiótico Diario, Inositol Balance, Omega Calma",2024-02-23 13:04,,no tiene azucar ni cosas raras,Gastar y no ver ningun resultado,Instagram,Por mi propia cuenta,
Daniela Prueba,demo+1013@example.com,Villa Prueba,1868.75,Magnesio Noche,2024-04-09 22:07,Dolorde rodillas,Una compañera de trabajo los toma,que no funcionaran.,Me lo recomendaron,Por mi propia cuenta,
Pablo Ficticio,demo+1014@example.com,Villa Prueba,2992.08,Colágeno Rosa,2024-03-03 08:07,joint pain,Por las reseñas,que no funcionaran,Otro,Alguien me habló de ti,
Luis Muestra,demo+1015@example.com,Villa Prueba,2820.44,Colágeno Rosa,2024-01-26 14:40,Tengo SOP y quiero regular mi ciclo,,none,Me lo recomendaron,Estaba buscando algo en Google,
Jorge Demo,demo+1016@example.com,Villa Prueba,2966.21,Omega Calma,2024-06-11 13:28,Resistencia a la insulina.,A mi prima le dio resultado,Comprar en una pagina que no conozco,Me lo recomendaron,Vi un anuncio,Instagram
Pablo Demo,demo+1017@example.com,Villa Prueba,2867.27,"Proteína Vainilla, Magnesio Noche",2024-06-23 09:28,Controlar la ansiedad,Esaba en promoción,el tiempo de entrega.,Instagram,Vi un anuncio,Instagram
Sofía Ficticio,demo+1018@example.com,Villa Prueba,3584.4,"Probiótico Diario, Magnesio Noche",2024-05-15 22:11,Acne hormonal,Me lo recomendó una amiga.,,Google,Alguien me habló de ti,
Jorge Ficticio,demo+1019@example.com,Pueblo Demo,3495.79,"Magnesio Noche, Omega Calma, Colágeno Rosa",2024-05-27 23:22,"Probar algo que si funcione, ya intente de todo",El empaque está muy bonito,Que no llegara el pedido,Instagram,Alguien me habló de ti,
Pablo Ejemplo,demo+1020@example.com,Pueblo Demo,3685.73,"Magnesio Noche, Probiótico Diario",2024-02-14 18:02,,Sigo a la nutrióloga en Instagram y la recomienda,Que no llegue a mi ciudad,Me lo recomendaron,Alguien me habló de ti,
Carlos Muestra,demo+1021@example.com,Pueblo Demo,3098.17,Magnesio Noche,2024-02-17 20:26,"Mejorar mi digestión, vivo inflamada",Vi muchos testimonios.,"El precio, está un poco caro",Facebook,Por mi propia cuenta,
Luis Muestra,demo+1022@example.com,Villa Prueba,1203.05,Proteína Vainilla,2024-03-24 18:12,,Sin químicos,Que no llegara el pedido,Otro,Me acordé de ustedes,
Carlos Muestra,demo+1023@example.com,Ciudad Ejemplo,1203.2,"Magnesio Noche, Probiótico Diario, Proteína Vainilla",2024-04-10 10:43,dormir mejor,clean ingredients,No sé,Google,Por mi propia cuenta,
Fernanda Ficticio,demo+1024@example.com,Pueblo Demo,795.89,"Omega Calma, Probiótico Diario, Magnesio Noche",2024-05-16 16:55,tengo sop y quiro regular mi ciclo,Que los ingredientes son naturales,Que se perdiera el paquete.,TikTok,Por mi propia cuenta,
Diego Demo,demo+1025@example.com,Villa Prueba,1055.69,"Probiótico Diario, Magnesio Noche",2024-03-28 19:59,tengo sop y quiero regular mi ciclo,Está respaldado por ciencia,none.,Instagram,Me acordé de ustedes,
Daniela Demo,demo+1026@example.com,Pueblo Demo,3349.4,"Magnesio Noche, Inositol Balance, Probiótico Diario",2024-04-22 23:53,"Probar algo que si funcione, ya intente de todo",mi hermana los usa y le fue muy bien,Ninguno,Me lo recomendaron,Por mi propia cuenta,
Daniela Ficticio,demo+1027@example.com,Ciudad Ejemplo,840.11,Probiótico Diario,2024-03-13 20:23,I want to sleep better,Me gusta apoyar negocios locales.,Dar mis datos de tarjeta en una tienda nueva,Instagram,Vi un anuncio,Instagram
Ana Muestra,demo+1028@example.com,Pueblo Demo,3998.55,Colágeno Rosa,2024-05-17 15:51,Dormir mejor,Mi hermana losusa y le fue muy bien,que no funcionaran,Instagram,Por mi propia cuenta,
Pablo Ficticio,demo+1029@example.com,Ciudad Ejemplo,414.72,"Inositol Balance, Probiótico Diario, Omega Calma",2024-06-11 18:39,acné hormonal,Me dio confianza que fuera orgánico,Que se perdiera el paquete,Me lo recomendaron,Me acordé de ustedes,
Valeria Demo,demo+1030@example.com,Ciudad Ejemplo,3810.94,"Colágeno Rosa, Proteína Vainilla, Probiótico Diario",2024-05-25 10:38,Tener más energía en el día,A mi prima le dio resultado.,,Me lo recomendaron,Alguien me habló de ti,
Luis Ficticio,demo+1031@example.com,Ciudad Ejemplo,3286.8,Omega Calma,2024-03-17 10:41,Tener más energía en el día,siempre les compro,efectos secundarios,Me lo recomendaron,Me acordé de ustedes,
Fernanda Prueba,demo+1032@example.com,Villa Prueba,3044.44,Omega Calma,2024-05-05 14:35,"Mejorar mi digestión, vivo inflamada",El precio,,Google,Por mi propia cuenta,
Fernanda Ficticio,demo+1033@example.com,Villa Prueba,2906.65,Omega Calma,2024-05-13 16:12,Dormir mejor,por las resenas,Soy alergica a varias cosas,Facebook,Me acordé de ustedes,
Fernanda Ejemplo,demo+1034@example.com,Villa Prueba,2302.52,Probiótico Diario,2024-05-09 10:27,Tengo SOP y quiero reular mi ciclo.,Es mi segunda vez,Que no funcione,Instagram,Vi un anuncio,Instagram
Jorge Demo,demo+1035@example.com,Pueblo Demo,2122.52,Colágeno Rosa,2024-04-27 21:45,,Una compañera de trabajo los toma,Que no hiciera efecto.,Me lo recomendaron,Por mi propia cuenta,
María Muestra,demo+1036@example.com,Villa Prueba,3382.59,Probiótico Diario,2024-04-13 20:38,resistencia a la insulina.,Es mi segunda vez,,Instagram,Vi un anuncio,Instagram
Valeria Prueba,demo+1037@example.com,Ciudad Ejemplo,1778.12,Inositol Balance,2024-02-28 11:42,I want to sleep better,Me lo recomendo una amiga.,Ninguno,Instagram,Por mi propia cuenta,
María Demo,demo+1038@example.com,Ciudad Ejemplo,3549.76,Probiótico Diario,2024-06-25 13:53,Me duelen mucho las articulaciones,my friend recommended it,,Google,Alguien me habló de ti,
Diego Ejemplo,demo+1039@example.com,Ciudad Ejemplo,1100.17,"Proteína Vainilla, Omega Calma, Colágeno Rosa",2024-02-09 13:31,dolor de rodillas,Clean ingredients,No se,Instagram,Por mi propia cuenta,
Valeria Ficticio,demo+1040@example.com,Villa Prueba,2686.56,Inositol Balance,2024-01-17 22:56,bajar de peso despues del embarazo,Me gusta apoyar negocios locales,ninguno,Facebook,Por mi propia cuenta,
Jorge Ejemplo,demo+1041@example.com,Ciudad Ejemplo,3519.56,Omega Calma,2024-01-16 11:50,"Probar algo que si funcione, ya intente de todo",porque si funcionan,Que no me sirva como a los demás,Instagram,Recibí un e-mail,
Carlos Demo,demo+1042@example.com,Pueblo Demo,2197.04,"Inositol Balance, Magnesio Noche, Proteína Vainilla",2024-03-06 20:08,,,ninguna,Facebook,Alguien me habló de ti,
Daniela Ficticio,demo+1043@example.com,Villa Prueba,1023.71,Proteína Vainilla,2024-02-01 11:30,resistencia a la insulina,Es mi segunda vez,,TikTok,Vi un anuncio,Instagram
Fernanda Ejemplo,demo+1044@example.com,Pueblo Demo,2605.01,"Colágeno Rosa, Magnesio Noche",2024-01-06 20:17,,Clean ingredients,"El precio, esta un poco caro",Instagram,Me acordé de ustedes,
Fernanda Muestra,demo+1045@example.com,Pueblo Demo,4178.76,"Inositol Balance, Proteína Vainilla, Probiótico Diario",2024-04-07 12:55,Quiero ver resultados reales esta vez,,Comprar en una pagina que no conozco,Facebook,Por mi propia cuenta,
Fernanda Demo,demo+1046@example.com,Pueblo Demo,1795.24,"Probiótico Diario, Omega Calma, Colágeno Rosa",2024-03-17 16:09,Bajar de peso despues del embarazo.,mi hermana los usa yle fue muy bien,que saliera muy caro con el envío,Instagram,Me acordé de ustedes,
Lucía Ficticio,demo+1047@example.com,Ciudad Ejemplo,1342.82,Proteína Vainilla,2024-02-25 17:48,colitis,A mi prima le dio resultado,none,Instagram,Por mi propia cuenta,
Lucía Muestra,demo+1048@example.com,Villa Prueba,2939.55,"Probiótico Diario, Proteína Vainilla",2024-01-14 12:26,dolor de rodillas,,Que fuera puro marketing,Me lo recomendaron,Me acordé de ustedes,
Sofía Prueba,demo+1049@example.com,Ciudad Ejemplo,2176.2,Colágeno Rosa,2024-02-07 16:02,"Probar algo que sí funcione, ya intenté de todo",,Gastar y no ver ningun resultado,Me lo recomendaron,Me acordé de ustedes,
Jorge Prueba,demo+1050@example.com,Ciudad Ejemplo,3503.13,Omega Calma,2024-05-12 12:39,joint pain,Es una marca mexicana,,Google,Estaba buscando algo en Google,
Luis Ficticio,demo+1051@example.com,Ciudad Ejemplo,2616.11,Inositol Balance,2024-03-08 21:32,Acné hrmonal.,El precio,,Me lo recomendaron,Estaba buscando algo en Google,
Sofía Ficticio,demo+1052@example.com,Villa Prueba,3760.53,Magnesio Noche,2024-03-27 20:20,Mejorar mi salud en general,a mi prima le dio resultado,Que no llegue a mi ciudad,Google,Por mi propia cuenta,
Luis Muestra,demo+1053@example.com,Pueblo Demo,3519.14,"Proteína Vainilla, Probiótico Diario",2024-01-23 08:58,dormir mejor,El precio,"El precio, está un poco caro.",Instagram,Por mi propia cuenta,
María Ejemplo,demo+1054@example.com,Villa Prueba,3634.94,"Inositol Balance, Omega Calma, Probiótico Diario",2024-06-05 23:46,Dormr mejor,Más barato que en la farmacia,Que me caera mal,Me lo recomendaron,Alguien me habló de ti,
Sofía Demo,demo+1055@example.com,Pueblo Demo,3533.62,"Inositol Balance, Magnesio Noche",2024-03-28 20:09,Acné hormonal.,,que no me gustara el sabor,Otro,Por mi propia cuenta,
Jorge Prueba,demo+1056@example.com,Pueblo Demo,3084.99,Omega Calma,2024-02-15 11:55,Mejorar mi salud en general,,Qu no hiciera efecto,Google,Por mi propia cuenta,
Diego Demo,demo+1057@example.com,Ciudad Ejemplo,836.02,"Magnesio Noche, Omega Calma",2024-05-04 15:40,nada en especial,Que los ingredientes son naturales,Ninguno,Instagram,Por mi propia cuenta,
María Ejemplo,demo+1058@example.com,Ciudad Ejemplo,3043.46,"Omega Calma, Inositol Balance, Probiótico Diario",2024-04-18 19:53,es un regalo para mi mama,está respaldado por ciencia,ninguno,Instagram,Vi un anuncio,Instagram
Luis Muestra,demo+1059@example.com,Ciudad Ejemplo,1440.79,Proteína Vainilla,2024-05-01 12:20,Tener más energía en el día,"No sé, me llamó la atención",el tiempo de entrea.,Instagram,Recibí un e-mail,
Luis Ficticio,demo+1060@example.com,Pueblo Demo,4083.62,"Proteína Vainilla, Probiótico Diario, Magnesio Noche",2024-06-06 12:28,Dolor de rodillas,está respaldado por ciencia.,,TikTok,Alguien me habló de ti,
Ana Demo,demo+1061@example.com,Villa Prueba,1367.26,"Magnesio Noche, Proteína Vainilla, Colágeno Rosa",2024-05-05 08:29,dolor derodillas,me ayudó muchísimo con la inflamación,Que no llegue a mi ciudad.,TikTok,Por mi propia cuenta,
Ana Muestra,demo+1062@example.com,Villa Prueba,1669.76,"Colágeno Rosa, Probiótico Diario",2024-04-16 15:51,Dormir mejor,Más barato que en la farmacia,,TikTok,Por mi propia cuenta,
Diego Muestra,demo+1063@example.com,Ciudad Ejemplo,1951.96,Inositol Balance,2024-01-09 13:41,I want to sleep better,Porque sí funcionan,That it wouldn't work,Facebook,Por mi propia cuenta,
Valeria Muestra,demo+1064@example.com,Ciudad Ejemplo,2182.78,Magnesio Noche,2024-02-17 08:32,Me duelen mucho las articulaciones.,Ya había probado otros y no me sirvieron,"El precio, esta un poco caro",Me lo recomendaron,Por mi propia cuenta,
Lucía Ejemplo,demo+1065@example.com,Pueblo Demo,2337.09,"Proteína Vainilla, Magnesio Noche, Colágeno Rosa",2024-05-22 18:58,"Mejorar m digestión, vivo inflamada",,Nada,Me lo recomendaron,Me acordé de ustedes,
Jorge Muestra,demo+1066@example.com,Villa Prueba,1958.01,Omega Calma,2024-05-02 12:55,acné hormonal,"No sé, me llamó la atención",Que no me gustara el sabor.,Instagram,Me acordé de ustedes,
Ana Muestra,demo+1067@example.com,Pueblo Demo,1112.36,"Probiótico Diario, Inositol Balance, Proteína Vainilla",2024-03-07 23:37,Mejorar mi salud en general,Me urgía,Que me cayera mal.,Me lo recomendaron,Por mi propia cuenta,
Valeria Ficticio,demo+1068@example.com,Pueblo Demo,1802.88,Colágeno Rosa,2024-01-06 20:50,Tengo SOP y quiero regular mi ciclo,Se nota la diferencia,Ninguno,Facebook,Recibí un e-mail,
Diego Muestra,demo+1069@example.com,Villa Prueba,1488.49,"Inositol Balance, Probiótico Diario",2024-06-03 11:20,la verdad no sé,Porque sí.,que no me llegara,Instagram,Vi un anuncio,Instagram
Jorge Demo,demo+1070@example.com,Ciudad Ejemplo,1064.78,"Omega Calma, Probiótico Diario",2024-01-13 12:21,Controlar la ansiedad,Clean ingredints,"El precio, esta un poco caro",Me lo recomendaron,Por mi propia cuenta,
Luis Muestra,demo+1071@example.com,Pueblo Demo,3047.34,Colágeno Rosa,2024-01-08 10:53,Mejorar mi salud en general,Más barato que en la farmacia,,Me lo recomendaron,Alguien me habló de ti,
Sofía Demo,demo+1072@example.com,Pueblo Demo,1011.39,Probiótico Diario,2024-03-05 11:02,tener masenergia en el dia,Sin quimicos,que no me llegara,Instagram,Me acordé de ustedes,
María Ejemplo,demo+1073@example.com,Ciudad Ejemplo,1559.98,Colágeno Rosa,2024-03-10 17:41,se me cae mucho el cabello.,a mi prima le dio resultado,Ninguno 😊,Instagram,Por mi propia cuenta,
Pablo Muestra,demo+1074@example.com,Villa Prueba,1367.48,Colágeno Rosa,2024-02-19 09:25,Mejorar mi salud en general,Cleaningredients,que no funcionaran,Instagram,Por mi propia cuenta,
Sofía Prueba,demo+1075@example.com,Villa Prueba,4052.56,Proteína Vainilla,2024-05-02 18:55,tengo sop y quiero regular mi ciclo,Por la comunidad que tienen,No tenia ningun miedo,Me lo recomendaron,Vi un anuncio,Instagram
Jorge Prueba,demo+1076@example.com,Pueblo Demo,2755.65,"Colágeno Rosa, Proteína Vainilla",2024-01-26 13:42,colitis,Porque sí.,,Instagram,Por mi propia cuenta,
Daniela Demo,demo+1077@example.com,Pueblo Demo,2363.04,Colágeno Rosa,2024-02-28 11:46,me duelen mucho las articulaciones,vi muchos testimonios,none,Instagram,Alguien me habló de ti,
Pablo Muestra,demo+1078@example.com,Ciudad Ejemplo,3293.04,"Inositol Balance, Probiótico Diario",2024-04-01 08:59,Se me cae mucho el cabello,Una compañera de trabajo los toma,que se perdiera el paquete,Otro,Por mi propia cuenta,
Luis Prueba,demo+1079@example.com,Pueblo Demo,3960.82,Colágeno Rosa,2024-02-08 16:55,,Sigo a la nutrióloga en Instagram y la recomienda,Efectos secundarios,Instagram,Recibí un e-mail,
Valeria Muestra,demo+1080@example.com,Pueblo Demo,2193.49,Omega Calma,2024-04-25 22:51,Curiosidad,Me ayudó muchísimo con la inflamación,Que tardara mucho el envio,Otro,Recibí un e-mail,
Jorge Demo,demo+1081@example.com,Pueblo Demo,1722.31,Omega Calma,2024-05-09 15:44,I want to sleep better,El precio,Que no llegue a mi ciudad,Instagram,Vi un anuncio,Instagram
Pablo Demo,demo+1082@example.com,Villa Prueba,3742.0,Probiótico Diario,2024-04-17 11:39,,Me dio confianza que fuera orgánico,Que no me sirva como a los demás,Google,Me acordé de ustedes,
Ana Ejemplo,demo+1083@example.com,Villa Prueba,504.22,Inositol Balance,2024-06-06 18:12,Ninguo,,No se,Me lo recomendaron,Vi un anuncio,Instagram
Lucía Demo,demo+1084@example.com,Pueblo Demo,2490.68,"Probiótico Diario, Magnesio Noche, Omega Calma",2024-02-15 17:25,Se me cae mucho el cabello,El precio.,Que se perdiera el paquete,Facebook,Me acordé de ustedes,
Pablo Ejemplo,demo+1085@example.com,Ciudad Ejemplo,2110.38,"Probiótico Diario, Magnesio Noche",2024-06-13 10:56,"Mejorar mi digestión, vivo inflamada",Es una marca mexicana,que no funcionaran,Instagram,Me acordé de ustedes,
Luis Ficticio,demo+1086@example.com,Ciudad Ejemplo,4090.66,"Magnesio Noche, Proteína Vainilla",2024-02-03 21:24,Se me cae mucho el cabello.,Porque si funcionan.,que no funcionaran,Google,Me acordé de ustedes,
María Ficticio,demo+1087@example.com,Pueblo Demo,2406.94,"Proteína Vainilla, Magnesio Noche, Inositol Balance",2024-06-25 16:47,Controlar la ansiedad,Sigo a la nutrióloga en Instagram y la recomienda,que no funcionaran.,TikTok,Recibí un e-mail,
Ana Demo,demo+1088@example.com,Ciudad Ejemplo,3673.89,Probiótico Diario,2024-05-13 16:31,cansancio todo el tiempo,porque sí funcionan,Que saliera muy caro con el envio,Google,Vi un anuncio,Instagram
Diego Muestra,demo+1089@example.com,Villa Prueba,1909.49,Probiótico Diario,2024-06-09 14:58,Cansancio todo el tiempo.,Es una marca mexicana.,That it wouldn't work,TikTok,Vi un anuncio,TikTok
Sofía Ejemplo,demo+1090@example.com,Villa Prueba,3050.82,Inositol Balance,2024-04-05 23:29,Colitis,Que los ingredientes son naturales,"El precio, esta un poco caro",Instagram,Por mi propia cuenta,
Fernanda Demo,demo+1091@example.com,Pueblo Demo,2596.84,Omega Calma,2024-03-25 08:45,Me duelen mucho las articlaciones,mi hermna los usa y le fue muy bien,ninguno 😊,Google,Me acordé de ustedes,
Pablo Demo,demo+1092@example.com,Villa Prueba,3244.23,"Proteína Vainilla, Inositol Balance",2024-02-09 13:10,Se me cae mucho el cabello,Es una marca mexicana,,Me lo recomendaron,Alguien me habló de ti,
Lucía Demo,demo+1093@example.com,Villa Prueba,3049.41,"Omega Calma, Colágeno Rosa, Proteína Vainilla",2024-04-02 18:40,Dolor de rodillas,que los ingredientes son naturales,ninguno.,Instagram,Por mi propia cuenta,
Lucía Ficticio,demo+1094@example.com,Pueblo Demo,552.55,Inositol Balance,2024-02-19 22:38,,Me dio confianza que fuera organico,que no funcionaran,TikTok,Vi un anuncio,Instagram
Daniela Ejemplo,demo+1095@example.com,Pueblo Demo,3683.21,"Colágeno Rosa, Omega Calma",2024-05-20 10:17,dormir mejor,A mi prima le dio resultado,Gastar y no ver ningún resultado,Instagram,Vi un anuncio,Facebook
Valeria Ficticio,demo+1096@example.com,Ciudad Ejemplo,3606.65,Inositol Balance,2024-02-24 23:11,Controlar la ansiedad.,,Que fuera puro marketing.,Instagram,Alguien me habló de ti,
María Demo,demo+1097@example.com,Ciudad Ejemplo,3731.6,"Colágeno Rosa, Probiótico Diario, Omega Calma",2024-01-03 16:36,Tengo SOP y quiero regular mi ciclo,,que no me sirva como a los demás,Instagram,Alguien me habló de ti,
Lucía Ficticio,demo+1098@example.com,Ciudad Ejemplo,2001.86,"Proteína Vainilla, Colágeno Rosa",2024-01-22 11:33,Me duelen mucho las articulaciones.,Sin químicos.,,Google,Por mi propia cuenta,
Luis Ejemplo,demo+1099@example.com,Villa Prueba,3503.6,"Inositol Balance, Probiótico Diario",2024-01-23 12:53,Cansancio todo el tiempo,no tiene azúcar ni cosas raras,Gastar y no ver ningún resultado,TikTok,Alguien me habló de ti,
María Prueba,demo+1100@example.com,Villa Prueba,1207.44,"Proteína Vainilla, Omega Calma, Inositol Balance",2024-02-16 23:18,Controlar la ansiedad,Se nota la diferencia,que fuea fraude.,Me lo recomendaron,Alguien me habló de ti,
Fernanda Muestra,demo+1101@example.com,Villa Prueba,1295.44,Omega Calma,2024-03-19 10:42,,Me gusta apoyar negocios locales,Que se perdiera el paquete,Me lo recomendaron,Recibí un e-mail,
Daniela Ejemplo,demo+1102@example.com,Villa Prueba,3074.61,"Colágeno Rosa, Inositol Balance, Omega Calma",2024-06-10 18:58,Colitis,,Que no llegara el pedido,Facebook,Vi un anuncio,TikTok
Sofía Demo,demo+1103@example.com,Pueblo Demo,4103.41,"Colágeno Rosa, Inositol Balance, Proteína Vainilla",2024-04-09 14:11,dormir mejor,Ya había probado otros y no me sirvieron,que fuera fraude,Facebook,Recibí un e-mail,
Diego Ficticio,demo+1104@example.com,Ciudad Ejemplo,1717.91,"Proteína Vainilla, Omega Calma",2024-05-01 20:22,i want to sleep better,Esta respaldado por ciencia,que fuera puro marketing.,Me lo recomendaron,Recibí un e-mail,
Luis Prueba,demo+1105@example.com,Pueblo Demo,3092.29,Inositol Balance,2024-03-19 22:47,,"No sé, me llamó la atención",,Me lo recomendaron,Vi un anuncio,Instagram
Valeria Muestra,demo+1106@example.com,Ciudad Ejemplo,4052.14,Colágeno Rosa,2024-06-27 13:49,quiero ver resultados reales esta vez,Se nota la diferencia,No tenía ningún miedo,Facebook,Vi un anuncio,Instagram
María Muestra,demo+1107@example.com,Pueblo Demo,1062.71,Probiótico Diario,2024-05-19 22:50,nada en especial,my friend recommended it,none.,Me lo recomendaron,Vi un anuncio,Facebook
Carlos Ejemplo,demo+1108@example.com,Villa Prueba,3940.2,Omega Calma,2024-06-08 19:58,Cansancio todo el tiempo,está respaldado por ciencia,No conocía la marca,Me lo recomendaron,Estaba buscando algo en Google,
Lucía Muestra,demo+1109@example.com,Ciudad Ejemplo,4133.72,"Magnesio Noche, Omega Calma",2024-02-25 15:19,Bajar de peso despues del embarazo,Porque sí funcionan,Que tardara mucho el envio,Me lo recomendaron,Por mi propia cuenta,
Sofía Ejemplo,demo+1110@example.com,Ciudad Ejemplo,3717.95,"Proteína Vainilla, Probiótico Diario",2024-02-25 13:50,Me duelen mucho las articulaciones,Por la comunidad que tienen,que no funcione,Google,Me acordé de ustedes,
Fernanda Ficticio,demo+1111@example.com,Villa Prueba,1900.0,"Magnesio Noche, Proteína Vainilla",2024-03-13 22:44,dormir mejor.,Me lo recomendo una amiga,que no me sirva como a los demás,TikTok,Por mi propia cuenta,
Ana Prueba,demo+1112@example.com,Villa Prueba,3020.67,"Colágeno Rosa, Magnesio Noche",2024-01-20 18:38,bajar de peso despues del embarazo,Sigo a la nutrióloga en Instagram y la recomienda.,gastar y no ver ningún resultado,Me lo recomendaron,Vi un anuncio,Instagram
Fernanda Prueba,demo+1113@example.com,Villa Prueba,1114.5,Colágeno Rosa,2024-03-25 18:58,Dormir mejor,esta respaldado por ciencia,efectos secundarios,Facebook,Por mi propia cuenta,
Fernanda Muestra,demo+1114@example.com,Ciudad Ejemplo,691.12,Omega Calma,2024-01-26 17:27,Es un regalo para mi mamá,Sin quimicos,Nada,Me lo recomendaron,Alguien me habló de ti,
Ana Ejemplo,demo+1115@example.com,Ciudad Ejemplo,1443.04,Magnesio Noche,2024-04-27 08:11,joint pain.,una compañera de trabajo los toma,Dar mis datos de tarjeta en una tienda nueva,Me lo recomendaron,Por mi propia cuenta,
Lucía Demo,demo+1116@example.com,Villa Prueba,1390.14,"Proteína Vainilla, Omega Calma",2024-06-25 09:51,Cansancio todo el tiempo,Se nota la diferencia,,Instagram,Por mi propia cuenta,
Luis Prueba,demo+1117@example.com,Pueblo Demo,2926.47,Inositol Balance,2024-02-07 21:30,mejorar mi salud en general,my friend recommended it,Que se perdiera el paquete,Me lo recomendaron,Alguien me habló de ti,
Daniela Ejemplo,demo+1118@example.com,Ciudad Ejemplo,3232.13,"Magnesio Noche, Colágeno Rosa, Probiótico Diario",2024-03-13 08:47,La verdad no sé,,Efectos ecundarios,Instagram,Vi un anuncio,TikTok
Pablo Ejemplo,demo+1119@example.com,Ciudad Ejemplo,2316.45,"Probiótico Diario, Omega Calma",2024-05-02 14:44,Bajar de peso despues del embarazo.,Me ayudo muchisimo con la inflamacion,ninguno.,Instagram,Alguien me habló de ti,
Fernanda Muestra,demo+1120@example.com,Pueblo Demo,427.77,Proteína Vainilla,2024-02-05 15:22,Se me cae mucho el cabello,No tiene azúcar ni cosas raras,Que no funcione,Google,Por mi propia cuenta,
Diego Ejemplo,demo+1121@example.com,Pueblo Demo,3797.67,Omega Calma,2024-02-08 10:21,,Estaba en promoción,que fuera puro marketing,Google,Por mi propia cuenta,
Carlos Demo,demo+1122@example.com,Pueblo Demo,570.9,Magnesio Noche,2024-05-14 15:10,Me duelen mucho las articulaciones,Una compañera de trabajo los toma,Nada,Me lo recomendaron,Por mi propia cuenta,
Sofía Prueba,demo+1123@example.com,Pueblo Demo,3615.93,Inositol Balance,2024-05-05 16:21,Resistencia a la insulina,,No conocia la marca,Facebook,Por mi propia cuenta,
Pablo Prueba,demo+1124@example.com,Pueblo Demo,1831.71,"Colágeno Rosa, Probiótico Diario, Magnesio Noche",2024-05-19 16:07,resistencia a la insulina.,my friend recommended it,Que no me sirva como a los demás,Instagram,Estaba buscando algo en Google,
Valeria Demo,demo+1125@example.com,Ciudad Ejemplo,2293.56,"Probiótico Diario, Omega Calma, Magnesio Noche",2024-02-06 14:25,,Me dio confianza que fuera organico,que fuera puro marketing,TikTok,Me acordé de ustedes,
Fernanda Demo,demo+1126@example.com,Pueblo Demo,3983.16,Colágeno Rosa,2024-04-03 09:27,Tener más energía en el día,El empaque está muy bonito,Que fuera puro marketing,Me lo recomendaron,Por mi propia cuenta,
María Ficticio,demo+1127@example.com,Villa Prueba,2554.53,"Omega Calma, Magnesio Noche",2024-02-07 16:00,I want to sleep better,my friend recommended it,Efectos secundarios.,Otro,Por mi propia cuenta,
Sofía Muestra,demo+1128@example.com,Villa Prueba,1903.93,"Proteína Vainilla, Probiótico Diario, Colágeno Rosa",2024-06-03 19:54,,,Que tardara mucho el envio,Instagram,Recibí un e-mail,
Diego Ficticio,demo+1129@example.com,Pueblo Demo,1483.63,"Probiótico Diario, Colágeno Rosa",2024-04-16 20:31,se me cae mucho el cabello,Es una marca mexicana,Que se perdiera el paquete,Instagram,Alguien me habló de ti,
Ana Prueba,demo+1130@example.com,Villa Prueba,747.38,Proteína Vainilla,2024-05-10 18:58,Tengo SOP y quiero regular mi ciclo,Es mi segunda vez,que nome llegara,TikTok,Me acordé de ustedes,
Jorge Ficticio,demo+1131@example.com,Ciudad Ejemplo,1039.84,Magnesio Noche,2024-03-15 12:17,,,"el precio, esta un poco caro",Google,Por mi propia cuenta,
Carlos Ejemplo,demo+1132@example.com,Villa Prueba,2588.14,"Inositol Balance, Probiótico Diario",2024-06-19 20:27,nada en especial,El empaque está muy bonito.,Nada,TikTok,Recibí un e-mail,
Luis Demo,demo+1133@example.com,Villa Prueba,1780.45,Probiótico Diario,2024-01-10 15:52,ninguno,,que no hiciera efecto,Google,Por mi propia cuenta,
Valeria Prueba,demo+1134@example.com,Ciudad Ejemplo,585.59,"Omega Calma, Inositol Balance",2024-06-28 13:01,dormir mejor,Estaba en promoción,Ninguno 😊,Instagram,Por mi propia cuenta,
Fernanda Ejemplo,demo+1135@example.com,Ciudad Ejemplo,3611.35,Colágeno Rosa,2024-03-20 21:05,bajar de peso despues del embarazo,,Que nome gustara el sabor,Instagram,Recibí un e-mail,
Fernanda Ejemplo,demo+1136@example.com,Ciudad Ejemplo,3085.02,Omega Calma,2024-02-03 22:52,la verdad no sé,,,Otro,Me acordé de ustedes,
Pablo Ejemplo,demo+1137@example.com,Villa Prueba,3831.93,Inositol Balance,2024-02-13 17:31,,A mi prima le dio resultado.,"el prcio, está un poco caro.",TikTok,Alguien me habló de ti,
Fernanda Prueba,demo+1138@example.com,Ciudad Ejemplo,522.55,Omega Calma,2024-05-25 14:06,"Probar algo que sí funcione, ya intenté de todo","No sé, me llamó la atención",que no funcionaran,Instagram,Por mi propia cuenta,
Daniela Prueba,demo+1139@example.com,Villa Prueba,3876.52,Magnesio Noche,2024-05-28 16:06,Se me cae mucho el cabello,Por la comunidad que tienen,Que no me sirva como a los demas,Instagram,Alguien me habló de ti,
Luis Demo,demo+1140@example.com,Ciudad Ejemplo,2910.34,Probiótico Diario,2024-03-03 23:58,joint pain,Sin quimicos,That it wouldn't work,Instagram,Alguien me habló de ti,
María Muestra,demo+1141@example.com,Villa Prueba,351.87,Proteína Vainilla,2024-02-11 11:39,Dolor de rodillas,Me urgía,Que no hiciera efecto,Me lo recomendaron,Por mi propia cuenta,
Ana Ficticio,demo+1142@example.com,Ciudad Ejemplo,3267.99,"Magnesio Noche, Inositol Balance, Proteína Vainilla",2024-01-09 20:05,I want to sleep better,Ya lo habia comprado antes,que no me llegara,Instagram,Me acordé de ustedes,
María Demo,demo+1143@example.com,Pueblo Demo,2582.48,Magnesio Noche,2024-04-27 10:55,Tengo SOP y quiero regular mi ciclo,Se nota la diferencia,que no llegara el pedido,Facebook,Me acordé de ustedes,
Luis Prueba,demo+1144@example.com,Villa Prueba,1923.54,Colágeno Rosa,2024-03-23 16:31,Me duelen mucho las articulciones,Me lo recomendo una amiga,ninguno,Google,Por mi propia cuenta,
Jorge Demo,demo+1145@example.com,Ciudad Ejemplo,3449.56,Proteína Vainilla,2024-03-28 23:26,nada en especial,Una companera de trabajo los toma,Que no llegue a mi ciudad,TikTok,Me acordé de ustedes,
Jorge Ficticio,demo+1146@example.com,Villa Prueba,3397.16,Proteína Vainilla,2024-02-06 16:23,,Estaba en promoción.,El tiempo de entrega,Instagram,Vi un anuncio,Instagram
Carlos Demo,demo+1147@example.com,Villa Prueba,734.65,Probiótico Diario,2024-06-23 08:49,"Probar algo que si funcione, ya intente de todo",ya había probado otros y no me sirvieron,Que no llegara el pedido.,Instagram,Vi un anuncio,Instagram
Diego Demo,demo+1148@example.com,Villa Prueba,570.59,"Magnesio Noche, Omega Calma, Inositol Balance",2024-03-26 15:37,tener más energía en el día,me dio confianza que fuera orgánico,ninguna,TikTok,Recibí un e-mail,
Fernanda Demo,demo+1149@example.com,Villa Prueba,365.31,"Colágeno Rosa, Magnesio Noche",2024-01-08 20:19,Tengo SOP y quiero regular mi ciclo,me lo recomendo una amiga,Efectos secundarios,Me lo recomendaron,Recibí un e-mail,
Ana Ejemplo,demo+1150@example.com,Villa Prueba,2242.01,Inositol Balance,2024-03-05 18:21,tener más energía en el día,Que los ingredientes son naturales,No conocía la marca,TikTok,Por mi propia cuenta,
Carlos Demo,demo+1151@example.com,Villa Prueba,2699.02,"Proteína Vainilla, Inositol Balance",2024-02-03 23:06,Me duelen mucho las articulaciones,Ya haba probado otros y no me sirvieron.,Que no hiciera efecto,Facebook,Por mi propia cuenta,
Daniela Prueba,demo+1152@example.com,Ciudad Ejemplo,1647.14,Inositol Balance,2024-02-17 10:50,Rsistencia a la insulina,Que los ingredientes son naturales.,,Instagram,Alguien me habló de ti,
Lucía Prueba,demo+1153@example.com,Pueblo Demo,2829.54,"Inositol Balance, Proteína Vainilla",2024-06-28 17:41,se me cae mucho el cabello,Ya había probado otros y no me sirvieron,Nada.,Facebook,Por mi propia cuenta,
Pablo Ejemplo,demo+1154@example.com,Ciudad Ejemplo,353.62,"Proteína Vainilla, Omega Calma, Inositol Balance",2024-05-17 19:54,Dolor de rodillas.,Que los ingredientes son naturales,No tenía ningún miedo,Me lo recomendaron,Me acordé de ustedes,
Carlos Muestra,demo+1155@example.com,Pueblo Demo,3943.66,"Inositol Balance, Probiótico Diario",2024-06-26 21:36,Cansancio todo el tiempo,Porque sí,Que no hiciera efecto,Instagram,Alguien me habló de ti,
Jorge Ficticio,demo+1156@example.com,Ciudad Ejemplo,4083.99,"Omega Calma, Probiótico Diario",2024-04-11 20:25,Dolor de rodillas,A mi prima le dio resultado.,Que no me sirva como a los demás.,Me lo recomendaron,Vi un anuncio,Instagram
Fernanda Demo,demo+1157@example.com,Pueblo Demo,2075.73,Probiótico Diario,2024-01-18 17:22,Curiosdad,Una compañera de trabajo los toma,Que no hiciera efecto,Instagram,Por mi propia cuenta,
Fernanda Ficticio,demo+1158@example.com,Pueblo Demo,2217.55,"Colágeno Rosa, Probiótico Diario",2024-04-09 10:29,Dormir mejor,Más baratoque en la farmacia,,Instagram,Me acordé de ustedes,
Diego Ficticio,demo+1159@example.com,Ciudad Ejemplo,1795.78,Probiótico Diario,2024-02-16 09:01,Se me cae mucho e cabello,esta respaldado por ciencia.,Nada,Instagram,Vi un anuncio,Instagram
Valeria Prueba,demo+1160@example.com,Ciudad Ejemplo,3962.34,"Proteína Vainilla, Inositol Balance, Omega Calma",2024-06-11 21:51,"mejorar mi digestion, vivo inflamada",Me urgia,,Me lo recomendaron,Me acordé de ustedes,
Carlos Ejemplo,demo+1161@example.com,Villa Prueba,2090.51,"Magnesio Noche, Omega Calma",2024-04-08 08:37,dolor de rodillas,vi muchos estimonios,que no llegue a mi ciudad,Otro,Por mi propia cuenta,
Valeria Ficticio,demo+1162@example.com,Villa Prueba,1094.47,"Proteína Vainilla, Probiótico Diario",2024-06-06 20:58,Colitis,ya habia probado otros y no me sirvieron,No tenía ningún miedo,Instagram,Por mi propia cuenta,
Pablo Prueba,demo+1163@example.com,Pueblo Demo,4034.01,Inositol Balance,2024-01-28 14:16,bajar de peso despues del embarazo,ya había probado otros y no me sirvieron.,no conocia la marca,Instagram,Me acordé de ustedes,
Luis Demo,demo+1164@example.com,Villa Prueba,3040.74,Probiótico Diario,2024-03-24 23:30,Controlar la ansiedad,El precio,Que me cayera mal,Me lo recomendaron,Me acordé de ustedes,
Lucía Ficticio,demo+1165@example.com,Ciudad Ejemplo,2012.5,"Proteína Vainilla, Magnesio Noche, Omega Calma",2024-03-08 17:04,joint pain,Una compañera de trabajo los toma,Que saliera muy caro con el envio,TikTok,Por mi propia cuenta,
Valeria Prueba,demo+1166@example.com,Ciudad Ejemplo,2202.12,Magnesio Noche,2024-02-02 22:25,Me duelen mucho las articulaciones,clean ingredients,que no llegara el pedido,Facebook,Por mi propia cuenta,
María Prueba,demo+1167@example.com,Pueblo Demo,2736.46,"Probiótico Diario, Inositol Balance, Colágeno Rosa",2024-03-02 19:27,acne hormonal,Me lo recomendó una amiga,Que no llegue a mi ciudad,Instagram,Por mi propia cuenta,
Luis Muestra,demo+1168@example.com,Villa Prueba,3700.42,"Inositol Balance, Proteína Vainilla",2024-01-17 16:04,,M dio confianza que fuera orgánico,Soy alergica a varias cosas.,TikTok,Por mi propia cuenta,
Sofía Prueba,demo+1169@example.com,Ciudad Ejemplo,3796.99,"Omega Calma, Probiótico Diario, Proteína Vainilla",2024-03-04 20:37,I want to sleep better,no tiene azucar ni cosas raras,que no funcionaran,TikTok,Recibí un e-mail,
Ana Muestra,demo+1170@example.com,Villa Prueba,1276.19,Magnesio Noche,2024-01-20 09:35,Colitis,my friend recommended it,Soy alérgica a varias cosas,Me lo recomendaron,Estaba buscando algo en Google,
Diego Muestra,demo+1171@example.com,Villa Prueba,2262.57,Probiótico Diario,2024-03-07 17:40,se me cae mucho el cabello,A mi prima le di resultado,que no funcionaran,Instagram,Me acordé de ustedes,
Daniela Demo,demo+1172@example.com,Ciudad Ejemplo,4144.37,Magnesio Noche,2024-01-19 12:48,I want to sleep better,me ayudó muchísimo con la inflamación,gastar y no ver ningun resultado,Me lo recomendaron,Me acordé de ustedes,
Valeria Ejemplo,demo+1173@example.com,Pueblo Demo,423.2,Proteína Vainilla,2024-05-06 13:06,Colitis,mi hermana los usa y le fue muy bien,que no funcionaran,Instagram,Vi un anuncio,Instagram
Lucía Ficticio,demo+1174@example.com,Villa Prueba,2079.83,Omega Calma,2024-02-25 19:26,acne hormonal,me dio confianza que fuera orgánico,No conocia la marca,Me lo recomendaron,Por mi propia cuenta,
Sofía Muestra,demo+1175@example.com,Pueblo Demo,3110.52,"Proteína Vainilla, Colágeno Rosa",2024-01-11 21:55,I want to sleep better,Mi hermana los usa y le fue muy bien,Ninguno 😊,Facebook,Por mi propia cuenta,
Pablo Muestra,demo+1176@example.com,Ciudad Ejemplo,3794.1,"Colágeno Rosa, Omega Calma, Proteína Vainilla",2024-04-17 14:16,dolor de rodillas.,Tnían 20% de descuento,que no funione,Google,Me acordé de ustedes,
Fernanda Ejemplo,demo+1177@example.com,Ciudad Ejemplo,1638.86,"Omega Calma, Probiótico Diario, Colágeno Rosa",2024-06-23 09:37,Acne hormonal,ya había probado otros y no me sirvieron,,Instagram,Vi un anuncio,TikTok
Carlos Ficticio,demo+1178@example.com,Pueblo Demo,3808.64,"Omega Calma, Proteína Vainilla",2024-06-25 13:16,"Mejorar mi digestión, vivo inflamada",Por las resenas,que tardara mucho el envio,Instagram,Estaba buscando algo en Google,
Luis Ejemplo,demo+1179@example.com,Villa Prueba,706.64,Colágeno Rosa,2024-03-05 10:56,resistencia a la insulina.,Sigo a la nutrióloga enInstagram y la recomienda,Que se perdiera el paquete,Me lo recomendaron,Por mi propia cuenta,
Daniela Prueba,demo+1180@example.com,Pueblo Demo,825.1,"Magnesio Noche, Inositol Balance",2024-02-19 11:50,nada en especial,Porque sí,Que no hiciera efecto,Facebook,Por mi propia cuenta,
Lucía Ejemplo,demo+1181@example.com,Pueblo Demo,3324.98,Magnesio Noche,2024-02-02 13:19,Me duelen mucho las articulaciones,Esta respaldado por ciencia,No tenia ningun miedo,TikTok,Por mi propia cuenta,
Pablo Ejemplo,demo+1182@example.com,Pueblo Demo,4145.02,"Probiótico Diario, Inositol Balance",2024-06-24 10:39,Controlar la ansiedad.,se nota la diferencia.,Que no llegara el pedido,Instagram,Por mi propia cuenta,
Fernanda Ejemplo,demo+1183@example.com,Pueblo Demo,2782.26,Proteína Vainilla,2024-06-18 14:36,Tengo SOP y quiero regular i ciclo,,no conocía la marca,Facebook,Me acordé de ustedes,
Carlos Demo,demo+1184@example.com,Pueblo Demo,499.99,Probiótico Diario,2024-06-19 13:59,,Por las reseñas,,Instagram,Vi un anuncio,Facebook
Lucía Ejemplo,demo+1185@example.com,Ciudad Ejemplo,3263.61,"Magnesio Noche, Colágeno Rosa, Probiótico Diario",2024-01-07 17:02,Es un regalo para mi mamá,Sigo a la nutrióloga en Instagram y la recomienda,El tiempo de entrega,TikTok,Vi un anuncio,Instagram
Ana Demo,demo+1186@example.com,Pueblo Demo,1392.43,Colágeno Rosa,2024-05-10 22:00,I want to sleep better,vi muchos testimonios,,Instagram,Por mi propia cuenta,
Carlos Ejemplo,demo+1187@example.com,Villa Prueba,3049.91,"Inositol Balance, Colágeno Rosa",2024-02-28 10:36,quiero ver resultados reales esta vez,Ya había probado otros y no me sirvieron,Que se perdiera el paquete,Me lo recomendaron,Por mi propia cuenta,
Daniela Demo,demo+1188@example.com,Ciudad Ejemplo,905.44,"Colágeno Rosa, Probiótico Diario",2024-06-13 13:25,Quiero ver resultados reales esta vez,Porque si funcionan.,that it wouldn't work,Instagram,Me acordé de ustedes,
Ana Ejemplo,demo+1189@example.com,Villa Prueba,2451.61,"Colágeno Rosa, Magnesio Noche, Proteína Vainilla",2024-06-22 22:33,controlar la ansiedad,se nota la diferencia,ninguna.,Instagram,Recibí un e-mail,
Daniela Ejemplo,demo+1190@example.com,Ciudad Ejemplo,427.68,"Probiótico Diario, Inositol Balance, Omega Calma",2024-02-21 19:10,joint pain,Por las reseñas,Que no me gustara el sabor,TikTok,Me acordé de ustedes,
Ana Demo,demo+1191@example.com,Pueblo Demo,814.99,Colágeno Rosa,2024-04-19 21:09,Cansancio todo el tiempo,El empaque esta muy bonito,Que no funcione,Instagram,Por mi propia cuenta,
Luis Prueba,demo+1192@example.com,Pueblo Demo,1499.47,"Colágeno Rosa, Proteína Vainilla, Probiótico Diario",2024-02-18 12:37,,el precio,,Instagram,Alguien me habló de ti,
María Ejemplo,demo+1193@example.com,Pueblo Demo,2457.41,"Magnesio Noche, Omega Calma, Inositol Balance",2024-06-11 18:02,Tengo SP y quiero regular mi ciclo,,,Google,Por mi propia cuenta,
Ana Muestra,demo+1194@example.com,Ciudad Ejemplo,808.18,"Probiótico Diario, Colágeno Rosa, Inositol Balance",2024-04-27 20:37,tener mas energia en el dia,Por las reseñas,El tiempo de entrega,Instagram,Por mi propia cuenta,
Ana Demo,demo+1195@example.com,Ciudad Ejemplo,997.49,"Probiótico Diario, Colágeno Rosa",2024-01-04 15:25,I want to sleep better,Es mi segunda vez,no sé,TikTok,Por mi propia cuenta,
Lucía Demo,demo+1196@example.com,Villa Prueba,2114.66,"Magnesio Noche, Proteína Vainilla, Inositol Balance",2024-05-17 23:44,colitis,Me dio confianza que fuera organico,ninguna,Me lo recomendaron,Alguien me habló de ti,
María Prueba,demo+1197@example.com,Villa Prueba,2033.27,Inositol Balance,2024-05-21 10:58,I want o sleep better,Po las resenas.,Que tardara mucho el envio,Instagram,Por mi propia cuenta,
María Ejemplo,demo+1198@example.com,Villa Prueba,3445.21,"Omega Calma, Inositol Balance",2024-04-28 17:04,la verdad no sé,tenían 20% de descuento,Que se perdiera el paquete,Facebook,Por mi propia cuenta,
Jorge Demo,demo+1199@example.com,Ciudad Ejemplo,1116.5,"Colágeno Rosa, Inositol Balance, Omega Calma",2024-06-10 19:14,Mejorar mi salud en general,A mi prima le dio resultado,"El precio, está un poco caro",TikTok,Por mi propia cuenta,
Diego Ejemplo,demo+1200@example.com,Pueblo Demo,2884.5,"Proteína Vainilla, Omega Calma",2024-04-20 23:34,,Por las resenas.,que no llegara el pedido,Instagram,Alguien me habló de ti,
