Email,Name,Products,Q1,Q2,Q3,Q4,Q5
carlos.clark429@example.com,Carlos Clark,"Alpha Jacket, Delta Watch",Quality seems excellent for the price. pero Defecto en la costura al llegar.,Too expensive for what it offers.,,Refund was easy and fast.,El color no coincide con las fotos.
diana.hall585@example.com,Diana Hall,"Alpha Jacket, Gamma Backpack",Me gustó el ajuste pero la talla viene chica.,Me pareció barato en oferta.,Arrived late but in good condition.,"No me contestaron, pésima atención. but Return process was confusing.",El color no coincide con las fotos. 🙁
fatima.perez156@example.org,Fatima Perez,"Alpha Jacket, Beta Sneakers, Zeta Headphones",Me gustó el ajuste pero la talla viene chica., ,Delivery took forever.,Soporte tardó en responder.,I like the style and color options.
sara.ramirez292@example.org,Sara Ramirez,"Alpha Jacket, Gamma Backpack","Calidad regular, esperaba más.","Precio alto, pero vale la pena.",Hubo retraso por la paquetería.,Me ofrecieron reembolso sin problema.,Sin comentarios
irene.clark368@example.org,Irene Clark,"Alpha Jacket, Delta Watch",Fit is weird: too tight on shoulders.,Carísimo.,El envío fue carísimo.,—,Sin comentarios
uriel.garcia468@example.com,Uriel Garcia,"Gamma Backpack, Delta Watch, Zeta Headphones",Quality seems excellent for the price. pero Quality seems excellent for the price. 😕,Buen valor por el precio. 🙂,El envío fue carísimo. but Delivery took forever. 😕,Refund was easy and fast.,"Buen diseño, pero calidad regular. but Buen diseño, pero calidad regular."
pablo.lee88@example.com,Pablo Lee,Delta Watch,Great design and look!,"Precio alto, pero vale la pena.",El envío fue carísimo.,Soporte tardó en responder.,Colors fade after one wash.
rafa.young338@example.com,Rafa Young,"Beta Sneakers, Gamma Backpack",No,"Precio alto, pero vale la pena.",Shipping was fast and on time.,No hubo ayuda., 
leo.hernandez226@example.com,Leo Hernandez,"Alpha Jacket, Delta Watch",El material se siente barato.,,Delivery took forever. 🙂,—,"Buen diseño, pero calidad regular."
uriel.perez89@example.org,Uriel Perez,"Beta Sneakers, Gamma Backpack, Epsilon Hat",Me gustó el ajuste pero la talla viene chica.,Great value; not expensive at all.,Tracking info was inaccurate.,Atención al cliente excelente.,Me encantó el diseño minimalista.
noah.gonzalez846@example.com,Noah Gonzalez,Alpha Jacket,Great design and look!,Me pareció barato en oferta., ,—,The look is premium.
quinn.johnson545@example.com,Quinn Johnson,"Alpha Jacket, Gamma Backpack, Zeta Headphones","Calidad regular, esperaba más.",Great value; not expensive at all.,El envío fue carísimo. but El envío fue carísimo.,"Great service overall. pero No me contestaron, pésima atención.",The look is premium. pero Me encantó el diseño minimalista.
quinn.allen525@example.com,Quinn Allen,"Beta Sneakers, Delta Watch",Excelente calidad y buen acabado.,Me pareció barato en oferta.,El envío fue carísimo.,Me ofrecieron reembolso sin problema. pero Support was helpful but slow.,"Estilo moderno, se ve genial."
yara.johnson963@example.com,Yara Johnson,Epsilon Hat,Fit is weird: too tight on shoulders.,No,N/A,N/A,Looks amazing with my outfits.
noah.gonzalez366@example.com,Noah Gonzalez,Gamma Backpack,"Loved the fit, super comfortable.",Precio justo.,"Demoró el envío, llegó tarde. but Sin problemas con la entrega.",Customer support resolved my issue quickly.,Looks amazing with my outfits.
irene.sanchez153@example.com,Irene Sanchez,"Alpha Jacket, Gamma Backpack, Zeta Headphones","El material se siente barato. but Loved the fit, super comfortable.", ,—,"Return process was confusing. pero No me contestaron, pésima atención.",Design feels outdated.
irene.allen133@example.com,Irene Allen,"Alpha Jacket, Gamma Backpack, Zeta Headphones",Me gustó el ajuste pero la talla viene chica.,Demasiado caro para mí.,Arrived late but in good condition.,Customer support resolved my issue quickly. 🙂,The look is premium.
hector.ramirez109@example.org,Hector Ramirez,"Alpha Jacket, Beta Sneakers, Delta Watch",Quality seems excellent for the price.,"Precio alto, pero vale la pena.",Package arrived damaged after delay.,Refund was easy and fast. pero Return process was confusing. 🙁,—
jon.allen249@example.com,Jon Allen,Beta Sneakers,Fit is weird: too tight on shoulders. 🤩,Sin comentarios,Shipping was fast and on time.,Customer support resolved my issue quickly. 🤩,"Estilo moderno, se ve genial."
carlos.rodriguez837@example.com,Carlos Rodriguez,Epsilon Hat,"Loved the fit, super comfortable.",Buen valor por el precio.,Tracking info was inaccurate.,N/A,Sin comentarios 🙁
ximena.young143@example.com,Ximena Young,"Alpha Jacket, Gamma Backpack, Zeta Headphones","Loved the fit, super comfortable.",—,—,Customer support resolved my issue quickly. but Atención al cliente excelente.,I like the style and color options.
vera.brown502@example.com,Vera Brown,Alpha Jacket,Me gustó el ajuste pero la talla viene chica.,Me pareció barato en oferta. pero Value is questionable. 🤩,Sin problemas con la entrega.,Me ofrecieron reembolso sin problema. but Return process was confusing.,Me encantó el diseño minimalista.
uriel.lee637@example.com,Uriel Lee,Epsilon Hat,"Loved the fit, super comfortable.","Precio alto, pero vale la pena.",Arrived late but in good condition.,Sin comentarios,Me encantó el diseño minimalista. 🙁
carlos.young992@example.org,Carlos Young,"Beta Sneakers, Delta Watch","El diseño está increíble, colores vibran. pero Me gustó el ajuste pero la talla viene chica.",N/A,El envío fue carísimo.,Support was helpful but slow.,I like the style and color options.
marta.lee745@example.com,Marta Lee,"Alpha Jacket, Beta Sneakers, Zeta Headphones",El material se siente barato. pero El material se siente barato.,,N/A,Return process was confusing. 🙁,Sin comentarios
carlos.thompson948@example.org,Carlos Thompson,"Beta Sneakers, Delta Watch", ,Demasiado caro para mí.,No,"No me contestaron, pésima atención.",I like the style and color options.
rafa.walker209@example.com,Rafa Walker,Beta Sneakers,No,Great value; not expensive at all.,El envío fue carísimo. pero Arrived late but in good condition.,Return process was confusing.,Looks amazing with my outfits. pero Colors fade after one wash.
zaid.lewis564@example.com,Zaid Lewis,"Beta Sneakers, Gamma Backpack, Epsilon Hat",No,Me pareció barato en oferta. 🤩,Delivery took forever.,Customer support resolved my issue quickly.,The look is premium.
yara.garcia511@example.com,Yara Garcia,"Alpha Jacket, Gamma Backpack",Excelente calidad y buen acabado.,,Sin problemas con la entrega.,Return process was confusing.,I like the style and color options.
zaid.lewis992@example.com,Zaid Lewis,"Alpha Jacket, Beta Sneakers, Delta Watch",Quality seems excellent for the price.,Value is questionable.,Package arrived damaged after delay.,Support was helpful but slow. pero Customer support resolved my issue quickly.,I like the style and color options.
ethan.rodriguez541@example.org,Ethan Rodriguez,Delta Watch,Great design and look!,"Precio alto, pero vale la pena. 🤩", ,—,N/A
pablo.young241@example.com,Pablo Young,"Alpha Jacket, Delta Watch",Quality seems excellent for the price.,Value is questionable.,Sin problemas con la entrega.,Customer support resolved my issue quickly.,Looks amazing with my outfits.
ximena.young70@example.com,Ximena Young,"Alpha Jacket, Beta Sneakers, Delta Watch", ,"Precio alto, pero vale la pena.",Llegó antes de lo esperado. pero Tracking info was inaccurate.,Me ofrecieron reembolso sin problema. 😕,
grace.lopez998@example.com,Grace Lopez,Epsilon Hat,"Loved the fit, super comfortable.",Affordable and worth the cost., ,Great service overall. 🙁, 
olivia.martinez112@example.com,Olivia Martinez,Gamma Backpack,El material se siente barato.,"Precio alto, pero vale la pena.",Hubo retraso por la paquetería. pero Arrived late but in good condition.,Atención al cliente excelente.,Looks amazing with my outfits.
marta.garcia385@example.com,Marta Garcia,"Beta Sneakers, Gamma Backpack, Epsilon Hat","Loved the fit, super comfortable.", ,Delivery took forever.,Atención al cliente excelente.,Sin comentarios
carlos.lopez846@example.com,Carlos Lopez,Delta Watch,"Calidad regular, esperaba más.",Precio justo.,Shipping was fast and on time.,N/A,Design feels outdated.
zaid.allen81@example.com,Zaid Allen,"Beta Sneakers, Gamma Backpack",Fit is weird: too tight on shoulders. 🙂,Me pareció barato en oferta.,,Soporte tardó en responder.,No
fatima.brown137@example.org,Fatima Brown,"Beta Sneakers, Gamma Backpack, Epsilon Hat","El diseño está increíble, colores vibran.",Buen valor por el precio.,Llegó antes de lo esperado.,"No me contestaron, pésima atención.",Sin comentarios 🤩
hector.young539@example.com,Hector Young,Delta Watch,"Loved the fit, super comfortable. but Calidad regular, esperaba más.",Affordable and worth the cost. pero Demasiado caro para mí. 😕, ,Refund was easy and fast.,I like the style and color options. but Sin comentarios
bob.thompson349@example.com,Bob Thompson,Beta Sneakers,"Great design and look! but El diseño está increíble, colores vibran.",Affordable and worth the cost.,Arrived late but in good condition. 🙂,Great service overall.,Looks amazing with my outfits.
jon.lee428@example.com,Jon Lee,"Gamma Backpack, Epsilon Hat",El material se siente barato. 🤩,Precio justo.,Package arrived damaged after delay.,Atención al cliente excelente.,The look is premium. pero Looks amazing with my outfits.
leo.young176@example.com,Leo Young,"Alpha Jacket, Gamma Backpack",Excelente calidad y buen acabado. 🙁,"Precio alto, pero vale la pena.",Arrived late but in good condition.,Soporte tardó en responder.,N/A
uriel.brown636@example.org,Uriel Brown,"Beta Sneakers, Gamma Backpack",N/A,Too expensive for what it offers.,"Demoró el envío, llegó tarde. pero Sin problemas con la entrega.",Customer support resolved my issue quickly.,"Buen diseño, pero calidad regular."
jon.clark316@example.com,Jon Clark,"Alpha Jacket, Delta Watch",El material se siente barato.,Carísimo.,Tracking info was inaccurate.,Support was helpful but slow. 🤩,Me encantó el diseño minimalista.
vera.garcia42@example.com,Vera Garcia,Gamma Backpack, ,Me pareció barato en oferta. but Me pareció barato en oferta.,Shipping was fast and on time.,Soporte tardó en responder.,Colors fade after one wash.
hector.hernandez854@example.com,Hector Hernandez,"Beta Sneakers, Delta Watch",Defecto en la costura al llegar.,Me pareció barato en oferta.,Tracking info was inaccurate.,Refund was easy and fast.,Design feels outdated.
zaid.rodriguez118@example.com,Zaid Rodriguez,Beta Sneakers,El material se siente barato.,Buen valor por el precio.,—,Return process was confusing.,Design feels outdated.
fatima.allen762@example.com,Fatima Allen,"Gamma Backpack, Epsilon Hat", ,Carísimo.,Shipping was fast and on time.,Me ofrecieron reembolso sin problema.,"Estilo moderno, se ve genial. 🙂"
alice.hall364@example.com,Alice Hall,Delta Watch,Excelente calidad y buen acabado.,"Precio alto, pero vale la pena.",Shipping was fast and on time.,Soporte tardó en responder. but Refund was easy and fast.,El color no coincide con las fotos. 🤩
tomas.hall455@example.com,Tomas Hall,"Alpha Jacket, Gamma Backpack, Zeta Headphones","El diseño está increíble, colores vibran. 🙂",Precio justo.,,Great service overall.,The look is premium.
uriel.clark833@example.com,Uriel Clark,Zeta Headphones,Me gustó el ajuste pero la talla viene chica. 🙁,Too expensive for what it offers.,,Support was helpful but slow.,I like the style and color options. but El color no coincide con las fotos.
rafa.clark703@example.com,Rafa Clark,"Beta Sneakers, Delta Watch","El diseño está increíble, colores vibran. pero Excelente calidad y buen acabado.","Precio alto, pero vale la pena.",Hubo retraso por la paquetería.,—,—
rafa.lewis484@example.com,Rafa Lewis,Alpha Jacket,No,N/A,Llegó antes de lo esperado.,No hubo ayuda.,Me encantó el diseño minimalista.
ethan.lopez32@example.com,Ethan Lopez,Epsilon Hat,"Loved the fit, super comfortable.",Carísimo.,Sin comentarios,,—
marta.smith253@example.com,Marta Smith,"Beta Sneakers, Gamma Backpack","Loved the fit, super comfortable.",Buen valor por el precio.,"Demoró el envío, llegó tarde. pero Sin problemas con la entrega.",Atención al cliente excelente.,Design feels outdated.
tomas.young488@example.com,Tomas Young,Alpha Jacket,"Loved the fit, super comfortable.",Too expensive for what it offers.,,Return process was confusing. 😕,"I like the style and color options. pero Buen diseño, pero calidad regular."
fatima.lewis607@example.com,Fatima Lewis,"Alpha Jacket, Gamma Backpack, Zeta Headphones",Fit is weird: too tight on shoulders.,Value is questionable.,Arrived late but in good condition.,Atención al cliente excelente.,Me encantó el diseño minimalista.
leo.gonzalez311@example.com,Leo Gonzalez,"Alpha Jacket, Beta Sneakers, Zeta Headphones",Sin comentarios,"Precio alto, pero vale la pena.",Tracking info was inaccurate.,Refund was easy and fast.,Design feels outdated.
yara.rodriguez594@example.com,Yara Rodriguez,Epsilon Hat,"El diseño está increíble, colores vibran.",Carísimo.,Delivery took forever.,"No me contestaron, pésima atención.",N/A
vera.smith201@example.org,Vera Smith,Epsilon Hat, ,Precio justo., ,Me ofrecieron reembolso sin problema. 🙁,The look is premium.
alice.johnson264@example.com,Alice Johnson,"Gamma Backpack, Delta Watch, Zeta Headphones","El diseño está increíble, colores vibran.",Precio justo.,Tracking info was inaccurate.,Support was helpful but slow.,Looks amazing with my outfits.
wendy.martinez257@example.org,Wendy Martinez,"Alpha Jacket, Beta Sneakers, Delta Watch",Defecto en la costura al llegar.,Great value; not expensive at all.,Arrived late but in good condition.,"No me contestaron, pésima atención.",Sin comentarios
leo.smith868@example.com,Leo Smith,"Beta Sneakers, Gamma Backpack, Epsilon Hat","Calidad regular, esperaba más.",Sin comentarios,Arrived late but in good condition.,Soporte tardó en responder.,El color no coincide con las fotos.
alice.hernandez429@example.org,Alice Hernandez,"Alpha Jacket, Gamma Backpack",Me gustó el ajuste pero la talla viene chica.,Sin comentarios,No,Refund was easy and fast. but Soporte tardó en responder.,The look is premium.
ethan.thompson683@example.org,Ethan Thompson,"Beta Sneakers, Gamma Backpack, Epsilon Hat",Sin comentarios,Value is questionable.,Hubo retraso por la paquetería.,Support was helpful but slow. pero Return process was confusing.,"Buen diseño, pero calidad regular."
vera.thompson157@example.com,Vera Thompson,"Gamma Backpack, Delta Watch, Zeta Headphones",Defecto en la costura al llegar.,Affordable and worth the cost. 🙂,"Demoró el envío, llegó tarde.",Refund was easy and fast.,Colors fade after one wash.
rafa.martinez625@example.com,Rafa Martinez,Gamma Backpack,Excelente calidad y buen acabado.,"Precio alto, pero vale la pena.","Demoró el envío, llegó tarde.",Refund was easy and fast.,Colors fade after one wash.
fatima.walker614@example.com,Fatima Walker,Zeta Headphones,No,Value is questionable.,Hubo retraso por la paquetería.,Atención al cliente excelente. 🙂,Design feels outdated. 🙁
pablo.johnson35@example.com,Pablo Johnson,"Alpha Jacket, Beta Sneakers, Zeta Headphones",El material se siente barato. pero El material se siente barato.,"Precio alto, pero vale la pena.",Shipping was fast and on time.,No,El color no coincide con las fotos.
grace.lewis811@example.com,Grace Lewis,"Alpha Jacket, Beta Sneakers",Great design and look! but Me gustó el ajuste pero la talla viene chica. 🙁,Too expensive for what it offers.,Arrived late but in good condition.,Great service overall.,Sin comentarios 🙂
vera.ramirez641@example.com,Vera Ramirez,Delta Watch,"Loved the fit, super comfortable.",,Package arrived damaged after delay.,Return process was confusing. 🙂,Sin comentarios 🙂
diana.clark590@example.org,Diana Clark,"Beta Sneakers, Gamma Backpack, Epsilon Hat",Quality seems excellent for the price.,Great value; not expensive at all.,Arrived late but in good condition.,Customer support resolved my issue quickly. but Soporte tardó en responder.,Me encantó el diseño minimalista. pero I like the style and color options.
olivia.martinez945@example.com,Olivia Martinez,"Alpha Jacket, Gamma Backpack",Fit is weird: too tight on shoulders. 🙁,Demasiado caro para mí. 🙂,Shipping was fast and on time.,Me ofrecieron reembolso sin problema.,"Buen diseño, pero calidad regular."
sara.ramirez482@example.com,Sara Ramirez,Epsilon Hat,,Great value; not expensive at all.,Arrived late but in good condition.,Return process was confusing.,Sin comentarios
alice.johnson616@example.com,Alice Johnson,"Alpha Jacket, Beta Sneakers, Zeta Headphones",N/A,Precio justo., ,Atención al cliente excelente.,I like the style and color options.
sara.johnson281@example.com,Sara Johnson,"Alpha Jacket, Beta Sneakers, Delta Watch",Me gustó el ajuste pero la talla viene chica.,"Precio alto, pero vale la pena. 🙁",Sin problemas con la entrega.,Me ofrecieron reembolso sin problema. 🤩,"Estilo moderno, se ve genial."
irene.young329@example.org,Irene Young,"Alpha Jacket, Gamma Backpack, Zeta Headphones","El diseño está increíble, colores vibran. 🤩",Carísimo.,N/A,Support was helpful but slow.,Me encantó el diseño minimalista.
leo.rodriguez532@example.com,Leo Rodriguez,Alpha Jacket,"El diseño está increíble, colores vibran.",Carísimo.,"Demoró el envío, llegó tarde.",N/A,I like the style and color options.
marta.hernandez29@example.com,Marta Hernandez,Beta Sneakers,"Calidad regular, esperaba más.",Sin comentarios,"Demoró el envío, llegó tarde. 🤩",Soporte tardó en responder.,"Buen diseño, pero calidad regular."
hector.brown177@example.com,Hector Brown,"Beta Sneakers, Delta Watch",,,,Great service overall.,
diana.johnson326@example.com,Diana Johnson,"Beta Sneakers, Gamma Backpack",Great design and look!,Value is questionable.,Arrived late but in good condition.,—,No
wendy.gonzalez819@example.com,Wendy Gonzalez,Zeta Headphones,N/A,Carísimo.,Arrived late but in good condition.,Customer support resolved my issue quickly.,"Estilo moderno, se ve genial."
ethan.perez227@example.com,Ethan Perez,Zeta Headphones,Excelente calidad y buen acabado.,Precio justo.,Llegó antes de lo esperado.,Atención al cliente excelente.,"The look is premium. but Estilo moderno, se ve genial."
diana.rodriguez773@example.com,Diana Rodriguez,"Alpha Jacket, Gamma Backpack",Great design and look!,Demasiado caro para mí., ,Customer support resolved my issue quickly.,"Buen diseño, pero calidad regular. pero The look is premium."
bob.clark224@example.com,Bob Clark,Zeta Headphones,Fit is weird: too tight on shoulders.,Carísimo. but Buen valor por el precio.,Package arrived damaged after delay.,"No me contestaron, pésima atención.",The look is premium.
bob.young831@example.com,Bob Young,"Alpha Jacket, Beta Sneakers","Calidad regular, esperaba más. but Quality seems excellent for the price.", ,Tracking info was inaccurate.,Atención al cliente excelente.,"Buen diseño, pero calidad regular. 🤩"
wendy.brown837@example.com,Wendy Brown,"Gamma Backpack, Delta Watch, Zeta Headphones","Loved the fit, super comfortable.",Value is questionable.,Shipping was fast and on time. 😕,Return process was confusing.,Me encantó el diseño minimalista.
irene.lopez858@example.com,Irene Lopez,"Beta Sneakers, Gamma Backpack, Epsilon Hat","Calidad regular, esperaba más. but Me gustó el ajuste pero la talla viene chica. 🙂",Carísimo.,Hubo retraso por la paquetería.,"No me contestaron, pésima atención. pero No hubo ayuda.",
uriel.sanchez711@example.org,Uriel Sanchez,"Alpha Jacket, Gamma Backpack, Zeta Headphones","Loved the fit, super comfortable.",Affordable and worth the cost.,Delivery took forever.,Great service overall. pero Atención al cliente excelente.,Design feels outdated. pero Colors fade after one wash.
quinn.lopez231@example.com,Quinn Lopez,"Alpha Jacket, Beta Sneakers, Zeta Headphones",No,Too expensive for what it offers. pero Carísimo.,El envío fue carísimo. 🙂,"Great service overall. but No me contestaron, pésima atención.",Colors fade after one wash. but Sin comentarios
irene.hernandez478@example.com,Irene Hernandez,"Alpha Jacket, Beta Sneakers, Gamma Backpack",No,Great value; not expensive at all.,Llegó antes de lo esperado. 🤩,Sin comentarios,"Estilo moderno, se ve genial."
wendy.thompson472@example.com,Wendy Thompson,"Gamma Backpack, Epsilon Hat","Calidad regular, esperaba más. 🤩",Me pareció barato en oferta.,Delivery took forever.,Atención al cliente excelente., 
bob.lopez163@example.com,Bob Lopez,Gamma Backpack,El material se siente barato. 🙁, ,"Demoró el envío, llegó tarde.",Refund was easy and fast.,"Estilo moderno, se ve genial."
quinn.smith757@example.org,Quinn Smith,"Beta Sneakers, Delta Watch",Fit is weird: too tight on shoulders.,Me pareció barato en oferta.,Sin comentarios,Return process was confusing.,"Buen diseño, pero calidad regular."
leo.lee362@example.org,Leo Lee,"Alpha Jacket, Gamma Backpack, Zeta Headphones",Quality seems excellent for the price. 🙁,Demasiado caro para mí.,Tracking info was inaccurate., ,Sin comentarios
grace.clark913@example.com,Grace Clark,Alpha Jacket,Defecto en la costura al llegar.,Demasiado caro para mí.,El envío fue carísimo.,Customer support resolved my issue quickly.,—
carlos.young235@example.com,Carlos Young,"Alpha Jacket, Beta Sneakers, Zeta Headphones",Quality seems excellent for the price.,"Precio alto, pero vale la pena.",Tracking info was inaccurate.,Soporte tardó en responder., 
quinn.martinez114@example.com,Quinn Martinez,"Alpha Jacket, Beta Sneakers",Sin comentarios,No,El envío fue carísimo.,"No me contestaron, pésima atención. 🙂",I like the style and color options. 🙂
jon.walker5@example.com,Jon Walker,"Gamma Backpack, Delta Watch, Zeta Headphones",Sin comentarios,Too expensive for what it offers.,Llegó antes de lo esperado.,Refund was easy and fast.,Colors fade after one wash.
alice.smith78@example.com,Alice Smith,"Alpha Jacket, Gamma Backpack, Zeta Headphones","Calidad regular, esperaba más.",Too expensive for what it offers.,Sin problemas con la entrega.,Soporte tardó en responder.,"Estilo moderno, se ve genial."
bob.brown912@example.org,Bob Brown,Beta Sneakers,Defecto en la costura al llegar.,Carísimo.,No,No hubo ayuda.,
hector.sanchez692@example.com,Hector Sanchez,"Alpha Jacket, Delta Watch",Quality seems excellent for the price.,"Precio alto, pero vale la pena. pero Great value; not expensive at all.", ,Atención al cliente excelente. but Great service overall.,Me encantó el diseño minimalista.
rafa.brown397@example.com,Rafa Brown,"Beta Sneakers, Gamma Backpack, Epsilon Hat","El diseño está increíble, colores vibran.",Great value; not expensive at all.,El envío fue carísimo.,"No me contestaron, pésima atención.",Looks amazing with my outfits.
jon.lewis517@example.com,Jon Lewis,"Alpha Jacket, Delta Watch",—,Demasiado caro para mí.,Sin comentarios,No hubo ayuda.,The look is premium. but El color no coincide con las fotos.
alice.hall149@example.com,Alice Hall,Alpha Jacket,Me gustó el ajuste pero la talla viene chica.,"Precio alto, pero vale la pena.",Delivery took forever.,Return process was confusing. pero Return process was confusing.,Looks amazing with my outfits.
uriel.johnson960@example.com,Uriel Johnson,Zeta Headphones,El material se siente barato. 🙁,Precio justo.,"Demoró el envío, llegó tarde.",Customer support resolved my issue quickly.,El color no coincide con las fotos.
rafa.lee645@example.com,Rafa Lee,"Alpha Jacket, Delta Watch",Excelente calidad y buen acabado.,Affordable and worth the cost.,Llegó antes de lo esperado.,Customer support resolved my issue quickly.,Design feels outdated.
ximena.hernandez428@example.org,Ximena Hernandez,"Alpha Jacket, Delta Watch",Me gustó el ajuste pero la talla viene chica.,Affordable and worth the cost.,—,"Great service overall. pero No me contestaron, pésima atención.",N/A
pablo.gonzalez45@example.com,Pablo Gonzalez,"Beta Sneakers, Delta Watch",Fit is weird: too tight on shoulders.,"Precio alto, pero vale la pena.","Demoró el envío, llegó tarde.",Support was helpful but slow.,The look is premium.
uriel.thompson715@example.com,Uriel Thompson,Epsilon Hat,N/A,"Precio alto, pero vale la pena.",Package arrived damaged after delay.,No,
wendy.lee13@example.com,Wendy Lee,"Alpha Jacket, Beta Sneakers, Delta Watch","Loved the fit, super comfortable.",Demasiado caro para mí.,Arrived late but in good condition.,Customer support resolved my issue quickly. pero Support was helpful but slow.,Sin comentarios
irene.smith661@example.org,Irene Smith,"Alpha Jacket, Beta Sneakers, Zeta Headphones",Excelente calidad y buen acabado.,Demasiado caro para mí.,Llegó antes de lo esperado. 🙂,Me ofrecieron reembolso sin problema.,The look is premium.
fatima.smith804@example.com,Fatima Smith,"Alpha Jacket, Beta Sneakers",El material se siente barato.,Affordable and worth the cost.,"Demoró el envío, llegó tarde.",—,I like the style and color options.
pablo.martinez307@example.com,Pablo Martinez,Gamma Backpack,"El diseño está increíble, colores vibran.",,No,"No me contestaron, pésima atención. 🙁",Me encantó el diseño minimalista.
noah.perez65@example.org,Noah Perez,Alpha Jacket,Fit is weird: too tight on shoulders.,Value is questionable.,Arrived late but in good condition. but Delivery took forever.,Refund was easy and fast.,I like the style and color options.
vera.lee579@example.com,Vera Lee,"Alpha Jacket, Beta Sneakers, Zeta Headphones",No,Great value; not expensive at all.,,N/A,"Buen diseño, pero calidad regular."
sara.thompson569@example.com,Sara Thompson,"Alpha Jacket, Beta Sneakers, Zeta Headphones","El diseño está increíble, colores vibran.",Great value; not expensive at all.,Sin problemas con la entrega.,Great service overall.,"Buen diseño, pero calidad regular."
diana.young932@example.com,Diana Young,Gamma Backpack,—,Value is questionable. but Me pareció barato en oferta.,"Demoró el envío, llegó tarde.",Support was helpful but slow.,"Estilo moderno, se ve genial."
ethan.thompson795@example.com,Ethan Thompson,Beta Sneakers,"Loved the fit, super comfortable. 😕",Buen valor por el precio.,Sin comentarios,N/A,Design feels outdated.
karina.lopez846@example.com,Karina Lopez,Delta Watch,Excelente calidad y buen acabado.,Too expensive for what it offers.,Delivery took forever.,—,Design feels outdated.
sara.ramirez117@example.com,Sara Ramirez,"Alpha Jacket, Beta Sneakers, Delta Watch",Great design and look!,Precio justo.,Llegó antes de lo esperado. 🤩,No,I like the style and color options. 😕
tomas.allen402@example.org,Tomas Allen,Zeta Headphones,"Calidad regular, esperaba más.",Buen valor por el precio.,Package arrived damaged after delay. 😕,—,Sin comentarios
karina.lopez344@example.com,Karina Lopez,"Alpha Jacket, Beta Sneakers, Delta Watch","Loved the fit, super comfortable.",Great value; not expensive at all.,"Demoró el envío, llegó tarde.",Great service overall.,The look is premium. 😕
yara.clark649@example.com,Yara Clark,Delta Watch,Great design and look!,Great value; not expensive at all.,Delivery took forever.,Great service overall.,Design feels outdated.
quinn.thompson916@example.com,Quinn Thompson,"Alpha Jacket, Delta Watch",N/A,Too expensive for what it offers.,Hubo retraso por la paquetería.,Soporte tardó en responder. pero Return process was confusing.,"Design feels outdated. but Estilo moderno, se ve genial. 😕"
jon.hall362@example.org,Jon Hall,"Alpha Jacket, Gamma Backpack",—,Buen valor por el precio.,Llegó antes de lo esperado.,"No me contestaron, pésima atención.","Estilo moderno, se ve genial."
quinn.smith202@example.com,Quinn Smith,Beta Sneakers,Sin comentarios,Buen valor por el precio.,Package arrived damaged after delay. but Llegó antes de lo esperado.,Customer support resolved my issue quickly.,"Buen diseño, pero calidad regular."
karina.martinez59@example.org,Karina Martinez,Beta Sneakers,Defecto en la costura al llegar.,Demasiado caro para mí.,Delivery took forever.,No hubo ayuda.,I like the style and color options.
yara.hernandez367@example.com,Yara Hernandez,"Alpha Jacket, Beta Sneakers, Zeta Headphones",Defecto en la costura al llegar.,Sin comentarios,Tracking info was inaccurate.,Return process was confusing.,The look is premium.
irene.johnson259@example.com,Irene Johnson,"Alpha Jacket, Beta Sneakers, Gamma Backpack",El material se siente barato.,Buen valor por el precio.,El envío fue carísimo.,No hubo ayuda.,Colors fade after one wash.
wendy.brown453@example.org,Wendy Brown,"Beta Sneakers, Gamma Backpack",El material se siente barato.,Too expensive for what it offers. pero Too expensive for what it offers.,Delivery took forever. pero Tracking info was inaccurate.,"No me contestaron, pésima atención. pero Customer support resolved my issue quickly.","Estilo moderno, se ve genial."
irene.lee901@example.org,Irene Lee,"Beta Sneakers, Gamma Backpack",N/A,Demasiado caro para mí.,"Demoró el envío, llegó tarde.",N/A,Sin comentarios
sara.garcia905@example.com,Sara Garcia,"Alpha Jacket, Gamma Backpack","Calidad regular, esperaba más.", ,"Demoró el envío, llegó tarde.",Return process was confusing.,Colors fade after one wash.
noah.perez658@example.org,Noah Perez,"Alpha Jacket, Beta Sneakers",,"Precio alto, pero vale la pena.",El envío fue carísimo.,Customer support resolved my issue quickly. pero Atención al cliente excelente.,N/A
quinn.clark3@example.com,Quinn Clark,"Alpha Jacket, Delta Watch",Fit is weird: too tight on shoulders.,Sin comentarios,Arrived late but in good condition. 😕,N/A,El color no coincide con las fotos. 🤩
carlos.garcia202@example.com,Carlos Garcia,Beta Sneakers,Excelente calidad y buen acabado.,Too expensive for what it offers.,Hubo retraso por la paquetería.,Me ofrecieron reembolso sin problema.,Colors fade after one wash.
noah.johnson920@example.com,Noah Johnson,"Alpha Jacket, Delta Watch",Great design and look!,N/A,"Demoró el envío, llegó tarde.",,The look is premium.
rafa.perez467@example.com,Rafa Perez,Alpha Jacket,"Calidad regular, esperaba más.",N/A,—, ,Looks amazing with my outfits.
vera.perez74@example.com,Vera Perez,"Alpha Jacket, Delta Watch", ,Value is questionable.,Tracking info was inaccurate.,Sin comentarios,"Estilo moderno, se ve genial."
hector.martinez157@example.org,Hector Martinez,Zeta Headphones,"Loved the fit, super comfortable.",No,Package arrived damaged after delay.,Great service overall.,Looks amazing with my outfits.
diana.ramirez650@example.org,Diana Ramirez,Zeta Headphones,Fit is weird: too tight on shoulders. pero Fit is weird: too tight on shoulders.,Affordable and worth the cost.,El envío fue carísimo.,Refund was easy and fast., 
hector.rodriguez855@example.org,Hector Rodriguez,Gamma Backpack,"Calidad regular, esperaba más.",Demasiado caro para mí.,Arrived late but in good condition. 🤩,No,El color no coincide con las fotos.
sara.johnson948@example.com,Sara Johnson,"Beta Sneakers, Gamma Backpack",—,Buen valor por el precio.,Arrived late but in good condition.,Customer support resolved my issue quickly. pero No hubo ayuda.,No
pablo.martinez912@example.com,Pablo Martinez,"Beta Sneakers, Gamma Backpack, Epsilon Hat",Fit is weird: too tight on shoulders.,"Precio alto, pero vale la pena. 🤩",Hubo retraso por la paquetería.,Soporte tardó en responder. 🙁,"Estilo moderno, se ve genial. 😕"
wendy.perez495@example.com,Wendy Perez,"Alpha Jacket, Beta Sneakers, Gamma Backpack",Quality seems excellent for the price.,Too expensive for what it offers.,El envío fue carísimo.,Great service overall.,El color no coincide con las fotos.
noah.garcia315@example.com,Noah Garcia,"Alpha Jacket, Delta Watch",No, ,Package arrived damaged after delay. but El envío fue carísimo.,No hubo ayuda. pero Atención al cliente excelente.,I like the style and color options. 🙂
noah.hall844@example.com,Noah Hall,Beta Sneakers,"Calidad regular, esperaba más.",Sin comentarios,Hubo retraso por la paquetería.,,Me encantó el diseño minimalista. but Me encantó el diseño minimalista.
alice.walker755@example.com,Alice Walker,"Alpha Jacket, Beta Sneakers, Delta Watch",Great design and look!,"Precio alto, pero vale la pena.","Demoró el envío, llegó tarde.",Return process was confusing.,I like the style and color options.
fatima.ramirez301@example.com,Fatima Ramirez,"Alpha Jacket, Beta Sneakers",Fit is weird: too tight on shoulders.,"Precio alto, pero vale la pena.",No, ,El color no coincide con las fotos.
carlos.gonzalez476@example.com,Carlos Gonzalez,Zeta Headphones,Quality seems excellent for the price. pero El material se siente barato.,Sin comentarios,Llegó antes de lo esperado. 🙁,,El color no coincide con las fotos.
rafa.hernandez207@example.com,Rafa Hernandez,"Alpha Jacket, Beta Sneakers, Delta Watch","El diseño está increíble, colores vibran.",Buen valor por el precio.,—,Refund was easy and fast.,Design feels outdated.
jon.hernandez742@example.com,Jon Hernandez,"Beta Sneakers, Gamma Backpack, Epsilon Hat",Excelente calidad y buen acabado. but Fit is weird: too tight on shoulders.,Me pareció barato en oferta.,Hubo retraso por la paquetería.,Refund was easy and fast.,I like the style and color options.
pablo.lee153@example.com,Pablo Lee,Delta Watch,"El diseño está increíble, colores vibran. pero Calidad regular, esperaba más.","Precio alto, pero vale la pena.",Delivery took forever.,Refund was easy and fast.,"Estilo moderno, se ve genial. 🙂"
pablo.hall216@example.com,Pablo Hall,Gamma Backpack,Fit is weird: too tight on shoulders.,Carísimo.,,"No me contestaron, pésima atención.",I like the style and color options. 🤩
diana.garcia221@example.com,Diana Garcia,Zeta Headphones, ,Value is questionable.,Hubo retraso por la paquetería. 😕,Great service overall.,Colors fade after one wash.
vera.perez726@example.com,Vera Perez,Alpha Jacket,"Calidad regular, esperaba más. but Excelente calidad y buen acabado.",Buen valor por el precio.,No,Atención al cliente excelente.,"Buen diseño, pero calidad regular. but El color no coincide con las fotos."
zaid.hall169@example.org,Zaid Hall,"Gamma Backpack, Delta Watch, Zeta Headphones",Sin comentarios,Carísimo.,Llegó antes de lo esperado.,No hubo ayuda.,I like the style and color options.
zaid.perez846@example.org,Zaid Perez,"Gamma Backpack, Delta Watch, Zeta Headphones",N/A,Affordable and worth the cost.,Llegó antes de lo esperado. but Arrived late but in good condition.,No,Sin comentarios
rafa.gonzalez86@example.com,Rafa Gonzalez,"Gamma Backpack, Delta Watch, Zeta Headphones",Sin comentarios,Affordable and worth the cost. pero Demasiado caro para mí.,El envío fue carísimo.,Customer support resolved my issue quickly.,Design feels outdated.
hector.thompson912@example.com,Hector Thompson,"Gamma Backpack, Delta Watch, Zeta Headphones",El material se siente barato.,N/A,N/A,Customer support resolved my issue quickly. pero Refund was easy and fast.,El color no coincide con las fotos.
rafa.young683@example.org,Rafa Young,Epsilon Hat, ,Buen valor por el precio.,Llegó antes de lo esperado.,Me ofrecieron reembolso sin problema.,"Buen diseño, pero calidad regular."
alice.garcia897@example.com,Alice Garcia,"Alpha Jacket, Beta Sneakers, Gamma Backpack",Great design and look!,Value is questionable. pero Affordable and worth the cost. 🤩,Tracking info was inaccurate.,N/A,El color no coincide con las fotos.
yara.walker27@example.org,Yara Walker,"Alpha Jacket, Beta Sneakers, Gamma Backpack",—,Precio justo.,Llegó antes de lo esperado.,Customer support resolved my issue quickly.,The look is premium. 🤩
ximena.young175@example.com,Ximena Young,Beta Sneakers,Quality seems excellent for the price.,Demasiado caro para mí.,Delivery took forever.,Atención al cliente excelente., 
diana.gonzalez949@example.com,Diana Gonzalez,"Beta Sneakers, Gamma Backpack, Epsilon Hat",Quality seems excellent for the price.,Great value; not expensive at all.,Hubo retraso por la paquetería.,Me ofrecieron reembolso sin problema.,El color no coincide con las fotos. 🤩
leo.allen963@example.com,Leo Allen,"Beta Sneakers, Delta Watch",,,Hubo retraso por la paquetería.,N/A,Me encantó el diseño minimalista.
zaid.perez410@example.org,Zaid Perez,"Alpha Jacket, Beta Sneakers, Delta Watch", ,—,Sin comentarios,Me ofrecieron reembolso sin problema.,Design feels outdated.
carlos.young4@example.com,Carlos Young,"Alpha Jacket, Delta Watch",Quality seems excellent for the price.,Great value; not expensive at all.,El envío fue carísimo. but Llegó antes de lo esperado.,—,El color no coincide con las fotos. but Looks amazing with my outfits.
carlos.allen620@example.com,Carlos Allen,"Beta Sneakers, Delta Watch","El diseño está increíble, colores vibran.",Buen valor por el precio.,Delivery took forever.,Support was helpful but slow. 🙁,Sin comentarios 🙁
diana.lewis230@example.com,Diana Lewis,"Alpha Jacket, Beta Sneakers",Sin comentarios,"Precio alto, pero vale la pena.",Tracking info was inaccurate. 😕,Great service overall., 
ximena.hernandez599@example.com,Ximena Hernandez,"Gamma Backpack, Delta Watch, Zeta Headphones",Defecto en la costura al llegar.,,Sin comentarios,Return process was confusing. but Support was helpful but slow.,—
tomas.ramirez196@example.com,Tomas Ramirez,"Beta Sneakers, Gamma Backpack",Fit is weird: too tight on shoulders.,"Me pareció barato en oferta. but Precio alto, pero vale la pena.",Sin problemas con la entrega.,—,I like the style and color options.
ximena.lopez65@example.com,Ximena Lopez,"Beta Sneakers, Gamma Backpack",Excelente calidad y buen acabado.,Affordable and worth the cost.,Package arrived damaged after delay.,Support was helpful but slow., 
yara.lewis498@example.com,Yara Lewis,"Alpha Jacket, Beta Sneakers","Calidad regular, esperaba más.",Sin comentarios,El envío fue carísimo.,"No me contestaron, pésima atención.",No
yara.sanchez165@example.org,Yara Sanchez,Epsilon Hat,Me gustó el ajuste pero la talla viene chica.,Too expensive for what it offers.,Shipping was fast and on time., ,The look is premium.
uriel.gonzalez8@example.com,Uriel Gonzalez,"Beta Sneakers, Gamma Backpack",No,,Package arrived damaged after delay.,Support was helpful but slow.,"Buen diseño, pero calidad regular."
wendy.brown735@example.org,Wendy Brown,"Alpha Jacket, Beta Sneakers, Delta Watch",Me gustó el ajuste pero la talla viene chica.,"Precio alto, pero vale la pena.",Tracking info was inaccurate.,Customer support resolved my issue quickly.,I like the style and color options. pero I like the style and color options.
hector.garcia953@example.com,Hector Garcia,"Alpha Jacket, Beta Sneakers, Zeta Headphones",Fit is weird: too tight on shoulders.,—,Package arrived damaged after delay.,Soporte tardó en responder.,I like the style and color options. but I like the style and color options.
quinn.walker635@example.com,Quinn Walker,"Alpha Jacket, Beta Sneakers, Gamma Backpack","Loved the fit, super comfortable.",Too expensive for what it offers.,El envío fue carísimo.,"No me contestaron, pésima atención.",Me encantó el diseño minimalista.
diana.hernandez748@example.com,Diana Hernandez,Delta Watch,Great design and look!,Carísimo.,"Demoró el envío, llegó tarde. but Demoró el envío, llegó tarde.",Me ofrecieron reembolso sin problema.,"Estilo moderno, se ve genial."
zaid.hernandez935@example.com,Zaid Hernandez,Beta Sneakers,"Loved the fit, super comfortable.",,Llegó antes de lo esperado.,Return process was confusing. 🙁,"Buen diseño, pero calidad regular."
uriel.lewis781@example.com,Uriel Lewis,"Alpha Jacket, Beta Sneakers","El diseño está increíble, colores vibran. pero Excelente calidad y buen acabado.", ,Sin problemas con la entrega.,Soporte tardó en responder. pero Atención al cliente excelente.,Me encantó el diseño minimalista.
quinn.garcia666@example.com,Quinn Garcia,"Alpha Jacket, Delta Watch",No,Sin comentarios,"Demoró el envío, llegó tarde.",Customer support resolved my issue quickly.,Colors fade after one wash.
fatima.lee772@example.org,Fatima Lee,"Alpha Jacket, Delta Watch","Loved the fit, super comfortable. but El diseño está increíble, colores vibran.",Carísimo. but Buen valor por el precio.,"Demoró el envío, llegó tarde.",Soporte tardó en responder. but Soporte tardó en responder.,El color no coincide con las fotos.
diana.rodriguez311@example.org,Diana Rodriguez,"Alpha Jacket, Beta Sneakers, Zeta Headphones",Fit is weird: too tight on shoulders.,Value is questionable.,Sin problemas con la entrega. but Sin problemas con la entrega.,Customer support resolved my issue quickly. 🙂,Sin comentarios
bob.johnson493@example.com,Bob Johnson,Beta Sneakers,Me gustó el ajuste pero la talla viene chica.,Too expensive for what it offers., ,Refund was easy and fast. pero Return process was confusing.,"Estilo moderno, se ve genial."
yara.sanchez955@example.com,Yara Sanchez,"Alpha Jacket, Delta Watch","El diseño está increíble, colores vibran.",Value is questionable. 🙂,Delivery took forever. 🙁,Soporte tardó en responder.,Me encantó el diseño minimalista.
hector.clark451@example.com,Hector Clark,Delta Watch,Great design and look!,Sin comentarios,El envío fue carísimo.,Me ofrecieron reembolso sin problema. but Me ofrecieron reembolso sin problema.,Design feels outdated. 🤩
olivia.ramirez804@example.com,Olivia Ramirez,Gamma Backpack,—,"Precio alto, pero vale la pena.",Arrived late but in good condition.,Great service overall.,I like the style and color options.
pablo.allen143@example.com,Pablo Allen,Epsilon Hat,El material se siente barato.,Great value; not expensive at all. 🙁,,Customer support resolved my issue quickly., 
ximena.perez598@example.com,Ximena Perez,Gamma Backpack,"Fit is weird: too tight on shoulders. pero Calidad regular, esperaba más.",Value is questionable.,N/A,N/A,"Buen diseño, pero calidad regular."
yara.perez33@example.org,Yara Perez,Zeta Headphones,"Loved the fit, super comfortable.",Too expensive for what it offers.,Arrived late but in good condition.,"No me contestaron, pésima atención.",Colors fade after one wash.
karina.garcia172@example.com,Karina Garcia,"Alpha Jacket, Beta Sneakers, Zeta Headphones",Defecto en la costura al llegar.,Carísimo., ,—,I like the style and color options.
alice.lee73@example.com,Alice Lee,Zeta Headphones,No,Precio justo.,El envío fue carísimo.,Great service overall.,Sin comentarios
grace.clark78@example.com,Grace Clark,"Beta Sneakers, Delta Watch",Fit is weird: too tight on shoulders.,Precio justo.,"Demoró el envío, llegó tarde. 🙁",Atención al cliente excelente. 🙁,Colors fade after one wash.
hector.clark92@example.com,Hector Clark,"Alpha Jacket, Beta Sneakers, Gamma Backpack",Fit is weird: too tight on shoulders.,Affordable and worth the cost.,Sin problemas con la entrega.,Great service overall. but Me ofrecieron reembolso sin problema.,"Buen diseño, pero calidad regular."
leo.thompson722@example.org,Leo Thompson,"Alpha Jacket, Beta Sneakers","Calidad regular, esperaba más.",Precio justo.,El envío fue carísimo.,"No me contestaron, pésima atención.",Colors fade after one wash.
vera.hall47@example.com,Vera Hall,Alpha Jacket,Quality seems excellent for the price.,Too expensive for what it offers. 😕,Sin problemas con la entrega.,"No me contestaron, pésima atención. pero Soporte tardó en responder. 😕",Design feels outdated. pero Design feels outdated.
pablo.rodriguez342@example.com,Pablo Rodriguez,Gamma Backpack,Great design and look! pero Defecto en la costura al llegar.,Affordable and worth the cost.,El envío fue carísimo.,No,I like the style and color options.
zaid.lewis97@example.com,Zaid Lewis,Epsilon Hat,"Calidad regular, esperaba más.",Buen valor por el precio.,Shipping was fast and on time.,Support was helpful but slow.,The look is premium. 😕
ximena.lopez227@example.com,Ximena Lopez,"Gamma Backpack, Epsilon Hat","Calidad regular, esperaba más.",Demasiado caro para mí.,Shipping was fast and on time.,—,El color no coincide con las fotos.
jon.garcia794@example.com,Jon Garcia,"Alpha Jacket, Beta Sneakers","Loved the fit, super comfortable.","Precio alto, pero vale la pena.",El envío fue carísimo.,Support was helpful but slow.,Me encantó el diseño minimalista.
carlos.rodriguez823@example.com,Carlos Rodriguez,"Alpha Jacket, Delta Watch","Calidad regular, esperaba más.",Me pareció barato en oferta.,Sin comentarios,Support was helpful but slow. pero Return process was confusing.,Sin comentarios
ethan.hernandez478@example.com,Ethan Hernandez,Beta Sneakers,Me gustó el ajuste pero la talla viene chica.,Me pareció barato en oferta. but Precio justo.,Shipping was fast and on time.,Soporte tardó en responder.,Sin comentarios
noah.martinez246@example.com,Noah Martinez,"Gamma Backpack, Delta Watch, Zeta Headphones",Quality seems excellent for the price.,No,,Me ofrecieron reembolso sin problema.,El color no coincide con las fotos.
grace.johnson767@example.com,Grace Johnson,"Alpha Jacket, Beta Sneakers, Delta Watch",Excelente calidad y buen acabado.,Value is questionable.,Sin comentarios,Refund was easy and fast.,Looks amazing with my outfits. but I like the style and color options.
alice.rodriguez622@example.com,Alice Rodriguez,Beta Sneakers, ,Affordable and worth the cost.,Delivery took forever.,"No me contestaron, pésima atención. but Me ofrecieron reembolso sin problema.","Estilo moderno, se ve genial."
bob.martinez773@example.com,Bob Martinez,"Gamma Backpack, Epsilon Hat",El material se siente barato.,Me pareció barato en oferta.,Package arrived damaged after delay.,Great service overall. 🙁,No
zaid.ramirez802@example.com,Zaid Ramirez,"Alpha Jacket, Beta Sneakers",Me gustó el ajuste pero la talla viene chica. but El material se siente barato.,Affordable and worth the cost. pero Buen valor por el precio. 🙁,Llegó antes de lo esperado.,No hubo ayuda.,El color no coincide con las fotos.
diana.allen602@example.com,Diana Allen,Gamma Backpack,"Quality seems excellent for the price. pero El diseño está increíble, colores vibran.",Buen valor por el precio.,Tracking info was inaccurate.,Soporte tardó en responder.,Design feels outdated. but Sin comentarios
ximena.clark162@example.org,Ximena Clark,Gamma Backpack,N/A,Affordable and worth the cost.,El envío fue carísimo. but Package arrived damaged after delay.,N/A,The look is premium.
sara.thompson55@example.com,Sara Thompson,"Beta Sneakers, Gamma Backpack",Excelente calidad y buen acabado.,"Precio alto, pero vale la pena.",Package arrived damaged after delay.,Refund was easy and fast.,Looks amazing with my outfits.
bob.hernandez793@example.com,Bob Hernandez,"Alpha Jacket, Beta Sneakers",N/A,"Precio alto, pero vale la pena.",N/A,"No me contestaron, pésima atención.","Buen diseño, pero calidad regular."
irene.clark948@example.com,Irene Clark,Beta Sneakers,"Loved the fit, super comfortable. 🙂",Sin comentarios,Package arrived damaged after delay.,Great service overall.,"Estilo moderno, se ve genial."
leo.allen447@example.com,Leo Allen,"Gamma Backpack, Epsilon Hat","El diseño está increíble, colores vibran.",Buen valor por el precio.,Arrived late but in good condition.,Return process was confusing.,Colors fade after one wash.
leo.sanchez991@example.com,Leo Sanchez,"Gamma Backpack, Delta Watch, Zeta Headphones",Quality seems excellent for the price.,—,Tracking info was inaccurate. 🙁,Me ofrecieron reembolso sin problema.,I like the style and color options.
leo.sanchez811@example.com,Leo Sanchez,"Alpha Jacket, Delta Watch",Fit is weird: too tight on shoulders.,Buen valor por el precio. but Too expensive for what it offers.,Llegó antes de lo esperado.,Great service overall.,
karina.rodriguez397@example.com,Karina Rodriguez,"Beta Sneakers, Delta Watch",Quality seems excellent for the price. pero Excelente calidad y buen acabado.,Value is questionable.,Sin problemas con la entrega.,Return process was confusing. 🤩,Me encantó el diseño minimalista.
carlos.johnson445@example.com,Carlos Johnson,Beta Sneakers,Quality seems excellent for the price.,Great value; not expensive at all.,Shipping was fast and on time. 🤩,Refund was easy and fast. pero Refund was easy and fast.,"Estilo moderno, se ve genial."
noah.perez401@example.org,Noah Perez,"Beta Sneakers, Delta Watch","Calidad regular, esperaba más.",Great value; not expensive at all.,Shipping was fast and on time.,No,"Sin comentarios but Buen diseño, pero calidad regular."
karina.sanchez524@example.com,Karina Sanchez,Beta Sneakers,Sin comentarios,Value is questionable.,Shipping was fast and on time.,Customer support resolved my issue quickly.,"Estilo moderno, se ve genial."
noah.perez983@example.org,Noah Perez,Zeta Headphones,Quality seems excellent for the price.,Carísimo.,Delivery took forever., ,The look is premium.
carlos.lewis953@example.com,Carlos Lewis,Epsilon Hat,Me gustó el ajuste pero la talla viene chica.,Precio justo. 😕,Llegó antes de lo esperado.,Return process was confusing. but Support was helpful but slow. 🙁, 
grace.hernandez671@example.com,Grace Hernandez,"Beta Sneakers, Delta Watch","El diseño está increíble, colores vibran.",No,Llegó antes de lo esperado.,Support was helpful but slow. 😕, 
bob.allen886@example.com,Bob Allen,Epsilon Hat,Quality seems excellent for the price.,Value is questionable. 🙂,Tracking info was inaccurate.,Atención al cliente excelente.,—
yara.smith661@example.com,Yara Smith,"Alpha Jacket, Gamma Backpack, Zeta Headphones",Fit is weird: too tight on shoulders.,"Precio alto, pero vale la pena.",Tracking info was inaccurate.,Me ofrecieron reembolso sin problema.,Me encantó el diseño minimalista.
karina.garcia763@example.org,Karina Garcia,"Alpha Jacket, Delta Watch","Calidad regular, esperaba más.",N/A,"Demoró el envío, llegó tarde.",Refund was easy and fast.,Sin comentarios
leo.smith568@example.org,Leo Smith,"Alpha Jacket, Beta Sneakers",Me gustó el ajuste pero la talla viene chica.,N/A,Llegó antes de lo esperado.,Atención al cliente excelente.,El color no coincide con las fotos.
yara.thompson493@example.com,Yara Thompson,"Alpha Jacket, Beta Sneakers, Gamma Backpack",—,Affordable and worth the cost.,Sin problemas con la entrega.,"No me contestaron, pésima atención.",Me encantó el diseño minimalista.
diana.lee949@example.com,Diana Lee,"Beta Sneakers, Gamma Backpack","Loved the fit, super comfortable.",Demasiado caro para mí.,Hubo retraso por la paquetería.,"Refund was easy and fast. but No me contestaron, pésima atención.","Estilo moderno, se ve genial."
ximena.young980@example.com,Ximena Young,"Gamma Backpack, Delta Watch, Zeta Headphones","Loved the fit, super comfortable. pero Quality seems excellent for the price.",Great value; not expensive at all.,Shipping was fast and on time.,Me ofrecieron reembolso sin problema.,Design feels outdated.
rafa.johnson167@example.com,Rafa Johnson,Epsilon Hat,Defecto en la costura al llegar.,Carísimo.,El envío fue carísimo.,Refund was easy and fast.,Design feels outdated. 🙁
sara.sanchez440@example.com,Sara Sanchez,"Alpha Jacket, Beta Sneakers, Delta Watch","El diseño está increíble, colores vibran.",Me pareció barato en oferta. 😕,Llegó antes de lo esperado. but Delivery took forever.,Return process was confusing. pero Support was helpful but slow.,Design feels outdated.
quinn.clark951@example.com,Quinn Clark,Beta Sneakers,Fit is weird: too tight on shoulders.,Too expensive for what it offers.,Sin problemas con la entrega.,Me ofrecieron reembolso sin problema.,"Buen diseño, pero calidad regular. but Estilo moderno, se ve genial."
noah.hernandez550@example.com,Noah Hernandez,"Alpha Jacket, Gamma Backpack",Great design and look!,Precio justo.,"Demoró el envío, llegó tarde. but Sin problemas con la entrega.",Great service overall.,"Buen diseño, pero calidad regular."
carlos.hall835@example.org,Carlos Hall,Epsilon Hat,"Calidad regular, esperaba más.",Great value; not expensive at all.,"Demoró el envío, llegó tarde. pero Delivery took forever.", ,Design feels outdated.
fatima.ramirez449@example.com,Fatima Ramirez,Alpha Jacket,Excelente calidad y buen acabado.,Great value; not expensive at all.,Hubo retraso por la paquetería. pero Sin problemas con la entrega. 🤩,Return process was confusing.,Sin comentarios
sara.ramirez993@example.com,Sara Ramirez,"Alpha Jacket, Beta Sneakers, Gamma Backpack",Excelente calidad y buen acabado.,Affordable and worth the cost.,Llegó antes de lo esperado.,Me ofrecieron reembolso sin problema.,"El color no coincide con las fotos. but Buen diseño, pero calidad regular."
hector.young556@example.org,Hector Young,"Alpha Jacket, Beta Sneakers, Gamma Backpack",Quality seems excellent for the price. 🤩,"Precio alto, pero vale la pena.",Arrived late but in good condition.,"No me contestaron, pésima atención.",El color no coincide con las fotos.
irene.walker63@example.com,Irene Walker,"Alpha Jacket, Gamma Backpack",Quality seems excellent for the price.,Demasiado caro para mí.,"Demoró el envío, llegó tarde.",Soporte tardó en responder.,Colors fade after one wash.
olivia.lee432@example.com,Olivia Lee,"Alpha Jacket, Beta Sneakers",Fit is weird: too tight on shoulders.,"Precio alto, pero vale la pena.",No,Refund was easy and fast.,El color no coincide con las fotos.
tomas.rodriguez21@example.org,Tomas Rodriguez,"Gamma Backpack, Delta Watch, Zeta Headphones","Loved the fit, super comfortable.",Great value; not expensive at all.,Shipping was fast and on time.,Soporte tardó en responder.,N/A
pablo.hall791@example.com,Pablo Hall,"Alpha Jacket, Beta Sneakers",Defecto en la costura al llegar.,Me pareció barato en oferta.,Hubo retraso por la paquetería. 😕,Me ofrecieron reembolso sin problema.,Sin comentarios
quinn.walker830@example.com,Quinn Walker,"Beta Sneakers, Delta Watch","Calidad regular, esperaba más. 🙁",Carísimo.,Sin comentarios,N/A,Me encantó el diseño minimalista.
ximena.ramirez962@example.com,Ximena Ramirez,"Gamma Backpack, Epsilon Hat","El diseño está increíble, colores vibran. 🙂",Too expensive for what it offers.,Delivery took forever.,Great service overall.,The look is premium.
leo.perez617@example.com,Leo Perez,"Alpha Jacket, Beta Sneakers, Gamma Backpack",Great design and look!,Buen valor por el precio.,Package arrived damaged after delay.,Me ofrecieron reembolso sin problema. pero Atención al cliente excelente. 😕,"Buen diseño, pero calidad regular."
fatima.ramirez169@example.com,Fatima Ramirez,Beta Sneakers,"El diseño está increíble, colores vibran.",Too expensive for what it offers.,Package arrived damaged after delay. but Package arrived damaged after delay.,Refund was easy and fast.,Design feels outdated.
wendy.lewis751@example.com,Wendy Lewis,Delta Watch,Great design and look!,Sin comentarios,—,Atención al cliente excelente.,"Buen diseño, pero calidad regular."
bob.smith83@example.com,Bob Smith,Beta Sneakers,Excelente calidad y buen acabado.,N/A,Sin comentarios,No hubo ayuda.,—
olivia.walker245@example.com,Olivia Walker,"Beta Sneakers, Gamma Backpack",El material se siente barato.,Buen valor por el precio. pero Buen valor por el precio.,Llegó antes de lo esperado.,No,El color no coincide con las fotos. 🙂
ximena.lee234@example.com,Ximena Lee,Gamma Backpack,—,Carísimo.,El envío fue carísimo.,"No me contestaron, pésima atención.",The look is premium.
marta.garcia230@example.com,Marta Garcia,"Beta Sneakers, Gamma Backpack",El material se siente barato.,Carísimo., ,Refund was easy and fast.,Looks amazing with my outfits.
noah.martinez484@example.com,Noah Martinez,"Beta Sneakers, Gamma Backpack","El diseño está increíble, colores vibran.",Buen valor por el precio.,Llegó antes de lo esperado.,Me ofrecieron reembolso sin problema.,Colors fade after one wash.
uriel.johnson718@example.com,Uriel Johnson,"Gamma Backpack, Epsilon Hat",Me gustó el ajuste pero la talla viene chica.,No,—,N/A,N/A
noah.martinez522@example.com,Noah Martinez,"Alpha Jacket, Beta Sneakers",Quality seems excellent for the price.,Carísimo.,Sin problemas con la entrega.,,N/A
olivia.garcia911@example.com,Olivia Garcia,Delta Watch,"El diseño está increíble, colores vibran.",Carísimo.,"Delivery took forever. but Demoró el envío, llegó tarde.",Return process was confusing.,Sin comentarios 😕
grace.hernandez262@example.com,Grace Hernandez,Gamma Backpack,Fit is weird: too tight on shoulders.,Affordable and worth the cost.,Sin problemas con la entrega.,Support was helpful but slow.,N/A
leo.garcia321@example.org,Leo Garcia,"Alpha Jacket, Beta Sneakers, Zeta Headphones",Excelente calidad y buen acabado.,Me pareció barato en oferta.,El envío fue carísimo.,Me ofrecieron reembolso sin problema.,I like the style and color options.
sara.brown571@example.com,Sara Brown,Delta Watch,El material se siente barato.,Demasiado caro para mí.,No, ,"Estilo moderno, se ve genial. but Looks amazing with my outfits."
alice.sanchez453@example.com,Alice Sanchez,"Alpha Jacket, Gamma Backpack, Zeta Headphones","El material se siente barato. but Loved the fit, super comfortable.",Demasiado caro para mí.,"Demoró el envío, llegó tarde. 🤩",Atención al cliente excelente.,Looks amazing with my outfits.
olivia.lee499@example.org,Olivia Lee,"Gamma Backpack, Delta Watch, Zeta Headphones","El diseño está increíble, colores vibran.",Precio justo.,"Demoró el envío, llegó tarde.","No me contestaron, pésima atención.",Design feels outdated.
noah.johnson962@example.com,Noah Johnson,"Alpha Jacket, Delta Watch","Loved the fit, super comfortable. 🙁",Demasiado caro para mí.,"Demoró el envío, llegó tarde.",Customer support resolved my issue quickly.,Me encantó el diseño minimalista. but Colors fade after one wash.
carlos.walker200@example.com,Carlos Walker,"Alpha Jacket, Gamma Backpack, Zeta Headphones",Great design and look!,"Precio alto, pero vale la pena.","Demoró el envío, llegó tarde.",Customer support resolved my issue quickly.,"Estilo moderno, se ve genial."
irene.lewis297@example.com,Irene Lewis,"Alpha Jacket, Beta Sneakers, Zeta Headphones","Calidad regular, esperaba más.",Me pareció barato en oferta. pero Me pareció barato en oferta.,El envío fue carísimo.,"No me contestaron, pésima atención.",Sin comentarios
olivia.rodriguez969@example.com,Olivia Rodriguez,"Beta Sneakers, Gamma Backpack",Excelente calidad y buen acabado.,Buen valor por el precio.,Tracking info was inaccurate.,Soporte tardó en responder.,The look is premium. 😕
marta.sanchez702@example.org,Marta Sanchez,"Beta Sneakers, Gamma Backpack",Excelente calidad y buen acabado.,Carísimo.,Package arrived damaged after delay.,No,Me encantó el diseño minimalista.
wendy.walker962@example.com,Wendy Walker,"Alpha Jacket, Gamma Backpack", ,No,Llegó antes de lo esperado.,N/A,—
fatima.martinez91@example.com,Fatima Martinez,"Alpha Jacket, Gamma Backpack, Zeta Headphones",El material se siente barato.,Me pareció barato en oferta.,Llegó antes de lo esperado.,Customer support resolved my issue quickly.,"Buen diseño, pero calidad regular."
alice.smith984@example.com,Alice Smith,"Gamma Backpack, Delta Watch, Zeta Headphones","Loved the fit, super comfortable.",Me pareció barato en oferta. pero Value is questionable.,Shipping was fast and on time.,,Sin comentarios
rafa.johnson833@example.org,Rafa Johnson,Epsilon Hat,No,Precio justo. 🤩,Sin problemas con la entrega.,Great service overall.,El color no coincide con las fotos.
yara.young457@example.org,Yara Young,"Beta Sneakers, Gamma Backpack, Epsilon Hat",Defecto en la costura al llegar.,Buen valor por el precio.,N/A,"No me contestaron, pésima atención.",—
olivia.lewis813@example.com,Olivia Lewis,Zeta Headphones,,Buen valor por el precio. pero Too expensive for what it offers.,"Demoró el envío, llegó tarde.",No hubo ayuda.,Looks amazing with my outfits.
quinn.lopez331@example.com,Quinn Lopez,"Alpha Jacket, Beta Sneakers, Zeta Headphones",El material se siente barato. 🙂,No,Delivery took forever.,Customer support resolved my issue quickly.,Me encantó el diseño minimalista.
diana.lewis101@example.org,Diana Lewis,Delta Watch,Quality seems excellent for the price.,Carísimo., ,Me ofrecieron reembolso sin problema.,No
hector.thompson591@example.org,Hector Thompson,"Gamma Backpack, Delta Watch, Zeta Headphones",Defecto en la costura al llegar.,Carísimo.,Shipping was fast and on time.,No hubo ayuda.,The look is premium. but El color no coincide con las fotos. 🤩
wendy.garcia784@example.com,Wendy Garcia,Alpha Jacket,N/A,N/A,Sin problemas con la entrega., ,Colors fade after one wash.
diana.brown450@example.com,Diana Brown,"Gamma Backpack, Delta Watch, Zeta Headphones",N/A,N/A, ,,"Buen diseño, pero calidad regular. pero Me encantó el diseño minimalista."
marta.walker698@example.com,Marta Walker,"Alpha Jacket, Beta Sneakers",Fit is weird: too tight on shoulders.,Too expensive for what it offers.,Sin comentarios,Support was helpful but slow.,Colors fade after one wash.
alice.garcia889@example.com,Alice Garcia,Delta Watch,N/A,Me pareció barato en oferta.,Package arrived damaged after delay.,Refund was easy and fast.,El color no coincide con las fotos.
tomas.thompson911@example.com,Tomas Thompson,"Alpha Jacket, Delta Watch","Loved the fit, super comfortable.",Too expensive for what it offers. 🤩,—,Great service overall.,Colors fade after one wash. 🙂
carlos.sanchez86@example.com,Carlos Sanchez,"Alpha Jacket, Delta Watch","Loved the fit, super comfortable.",Too expensive for what it offers.,Hubo retraso por la paquetería.,Refund was easy and fast. 🙁,Me encantó el diseño minimalista.
jon.gonzalez885@example.org,Jon Gonzalez,"Gamma Backpack, Epsilon Hat",Me gustó el ajuste pero la talla viene chica.,Precio justo.,El envío fue carísimo.,"No me contestaron, pésima atención.",Design feels outdated.
uriel.hernandez946@example.org,Uriel Hernandez,Epsilon Hat,Excelente calidad y buen acabado. pero El material se siente barato.,Sin comentarios,Tracking info was inaccurate. but Llegó antes de lo esperado.,Customer support resolved my issue quickly.,"Estilo moderno, se ve genial. 🙁"
ximena.gonzalez715@example.com,Ximena Gonzalez,Gamma Backpack,"El diseño está increíble, colores vibran.",Value is questionable.,"Demoró el envío, llegó tarde.",Me ofrecieron reembolso sin problema.,"Estilo moderno, se ve genial."
rafa.clark338@example.com,Rafa Clark,"Gamma Backpack, Delta Watch, Zeta Headphones","Calidad regular, esperaba más. 🙁","Precio alto, pero vale la pena.",Llegó antes de lo esperado.,Return process was confusing.,I like the style and color options.
grace.hernandez390@example.com,Grace Hernandez,"Alpha Jacket, Gamma Backpack, Zeta Headphones", ,Great value; not expensive at all.,Shipping was fast and on time. pero Delivery took forever.,Return process was confusing.,"Buen diseño, pero calidad regular."
olivia.thompson778@example.com,Olivia Thompson,"Gamma Backpack, Delta Watch, Zeta Headphones",Me gustó el ajuste pero la talla viene chica.,Me pareció barato en oferta.,Hubo retraso por la paquetería.,Support was helpful but slow.,Design feels outdated.
wendy.brown306@example.com,Wendy Brown,"Alpha Jacket, Gamma Backpack","Calidad regular, esperaba más.",No,Shipping was fast and on time.,Me ofrecieron reembolso sin problema.,Looks amazing with my outfits.
yara.gonzalez502@example.com,Yara Gonzalez,"Alpha Jacket, Beta Sneakers, Delta Watch","El diseño está increíble, colores vibran.",Demasiado caro para mí.,Arrived late but in good condition., ,Sin comentarios
jon.sanchez352@example.com,Jon Sanchez,Delta Watch,"El diseño está increíble, colores vibran.",Buen valor por el precio., ,Great service overall.,El color no coincide con las fotos.
rafa.perez262@example.com,Rafa Perez,"Alpha Jacket, Delta Watch",El material se siente barato.,Affordable and worth the cost. pero Demasiado caro para mí.,N/A,Soporte tardó en responder.,Looks amazing with my outfits.
olivia.lewis313@example.com,Olivia Lewis,"Alpha Jacket, Gamma Backpack, Zeta Headphones","Loved the fit, super comfortable.",Me pareció barato en oferta.,N/A,Sin comentarios,"Estilo moderno, se ve genial."
bob.gonzalez718@example.com,Bob Gonzalez,"Alpha Jacket, Delta Watch","Calidad regular, esperaba más.","Precio alto, pero vale la pena.",Arrived late but in good condition.,Return process was confusing.,Colors fade after one wash.
quinn.allen153@example.org,Quinn Allen,Epsilon Hat,Defecto en la costura al llegar., ,Sin problemas con la entrega.,No,The look is premium.
wendy.ramirez793@example.com,Wendy Ramirez,Delta Watch,Fit is weird: too tight on shoulders. but Excelente calidad y buen acabado.,Precio justo. pero Me pareció barato en oferta.,Arrived late but in good condition.,Great service overall.,"Estilo moderno, se ve genial."
noah.gonzalez998@example.com,Noah Gonzalez,Gamma Backpack,"Loved the fit, super comfortable. 🙁",Carísimo.,No, ,"El color no coincide con las fotos. but Estilo moderno, se ve genial."
ethan.lopez920@example.com,Ethan Lopez,"Beta Sneakers, Delta Watch",Quality seems excellent for the price.,Too expensive for what it offers.,Tracking info was inaccurate.,Refund was easy and fast.,The look is premium.
quinn.clark285@example.com,Quinn Clark,Gamma Backpack,"Calidad regular, esperaba más.",Me pareció barato en oferta.,Package arrived damaged after delay. pero Delivery took forever.,Refund was easy and fast. pero Support was helpful but slow.,"Estilo moderno, se ve genial."
ximena.gonzalez147@example.com,Ximena Gonzalez,"Beta Sneakers, Gamma Backpack, Epsilon Hat",Fit is weird: too tight on shoulders. but Excelente calidad y buen acabado.,,Arrived late but in good condition. but Delivery took forever.,Great service overall. but Customer support resolved my issue quickly.,Looks amazing with my outfits.
noah.clark69@example.org,Noah Clark,"Alpha Jacket, Delta Watch",El material se siente barato.,Demasiado caro para mí. 🙂,"Demoró el envío, llegó tarde.",Atención al cliente excelente. pero No hubo ayuda., 
olivia.perez932@example.com,Olivia Perez,"Alpha Jacket, Delta Watch",N/A,Value is questionable.,Delivery took forever. but Tracking info was inaccurate.,Refund was easy and fast.,"Buen diseño, pero calidad regular."
yara.allen134@example.com,Yara Allen,Alpha Jacket,"El diseño está increíble, colores vibran.",Sin comentarios,Delivery took forever.,No hubo ayuda.,Design feels outdated.
carlos.perez893@example.com,Carlos Perez,Alpha Jacket,Quality seems excellent for the price.,Too expensive for what it offers.,Llegó antes de lo esperado., ,Sin comentarios
ximena.johnson301@example.com,Ximena Johnson,"Beta Sneakers, Gamma Backpack, Epsilon Hat",Defecto en la costura al llegar.,"Precio alto, pero vale la pena.", ,Support was helpful but slow.,I like the style and color options.
irene.martinez939@example.com,Irene Martinez,"Alpha Jacket, Beta Sneakers",Quality seems excellent for the price.,Affordable and worth the cost.,Tracking info was inaccurate.,Great service overall.,Colors fade after one wash. pero El color no coincide con las fotos.
jon.walker512@example.com,Jon Walker,"Alpha Jacket, Delta Watch", ,Too expensive for what it offers.,"Demoró el envío, llegó tarde. 🤩",,Sin comentarios
noah.gonzalez248@example.org,Noah Gonzalez,"Alpha Jacket, Beta Sneakers, Gamma Backpack",El material se siente barato.,Buen valor por el precio.,El envío fue carísimo.,No hubo ayuda.,El color no coincide con las fotos.
yara.garcia87@example.com,Yara Garcia,"Gamma Backpack, Delta Watch, Zeta Headphones",Fit is weird: too tight on shoulders.,Great value; not expensive at all.,Llegó antes de lo esperado.,Refund was easy and fast. but Atención al cliente excelente.,Looks amazing with my outfits.
bob.thompson851@example.com,Bob Thompson,Alpha Jacket,"Fit is weird: too tight on shoulders. but Loved the fit, super comfortable.",Buen valor por el precio.,—,Return process was confusing.,Looks amazing with my outfits.
ethan.walker332@example.com,Ethan Walker,"Alpha Jacket, Delta Watch",Me gustó el ajuste pero la talla viene chica.,Buen valor por el precio.,Tracking info was inaccurate.,Refund was easy and fast.,The look is premium. but Colors fade after one wash.
zaid.rodriguez325@example.com,Zaid Rodriguez,Epsilon Hat,Great design and look!,Great value; not expensive at all.,Shipping was fast and on time.,Atención al cliente excelente.,Looks amazing with my outfits.
rafa.walker605@example.com,Rafa Walker,"Beta Sneakers, Gamma Backpack, Epsilon Hat",Me gustó el ajuste pero la talla viene chica.,"Precio alto, pero vale la pena.",El envío fue carísimo.,Great service overall.,Colors fade after one wash.
tomas.lopez954@example.com,Tomas Lopez,Beta Sneakers,"El diseño está increíble, colores vibran.",Great value; not expensive at all.,—,Support was helpful but slow. 😕,El color no coincide con las fotos.
zaid.garcia373@example.org,Zaid Garcia,Epsilon Hat,"Calidad regular, esperaba más. but Defecto en la costura al llegar.",,Arrived late but in good condition.,Support was helpful but slow.,I like the style and color options. 🙂
pablo.hernandez91@example.com,Pablo Hernandez,"Gamma Backpack, Delta Watch, Zeta Headphones",Great design and look!,Me pareció barato en oferta.,Llegó antes de lo esperado.,"No me contestaron, pésima atención. 🙂",Colors fade after one wash.
vera.gonzalez982@example.com,Vera Gonzalez,"Alpha Jacket, Delta Watch",El material se siente barato. pero Great design and look! 🙁,Me pareció barato en oferta.,Tracking info was inaccurate.,Support was helpful but slow.,Sin comentarios
quinn.lopez875@example.org,Quinn Lopez,Zeta Headphones,El material se siente barato.,Too expensive for what it offers.,"Demoró el envío, llegó tarde.",Atención al cliente excelente.,I like the style and color options.
carlos.ramirez556@example.com,Carlos Ramirez,"Alpha Jacket, Delta Watch",,"Precio alto, pero vale la pena.", ,Soporte tardó en responder.,Design feels outdated. but The look is premium.
sara.rodriguez933@example.com,Sara Rodriguez,"Alpha Jacket, Gamma Backpack",Great design and look!,"Precio alto, pero vale la pena.",Tracking info was inaccurate. 🤩,Refund was easy and fast.,"Buen diseño, pero calidad regular."
fatima.walker829@example.com,Fatima Walker,"Alpha Jacket, Gamma Backpack, Zeta Headphones","Calidad regular, esperaba más.",Me pareció barato en oferta.,Shipping was fast and on time.,Support was helpful but slow., 
noah.gonzalez3@example.com,Noah Gonzalez,"Alpha Jacket, Beta Sneakers, Gamma Backpack",Great design and look!,Great value; not expensive at all.,Delivery took forever. 🤩,No hubo ayuda. pero Support was helpful but slow. 😕,"Estilo moderno, se ve genial. but Sin comentarios"
karina.lewis957@example.com,Karina Lewis,"Gamma Backpack, Delta Watch, Zeta Headphones",Fit is weird: too tight on shoulders.,Buen valor por el precio. 🙁,Sin problemas con la entrega.,No hubo ayuda.,No
vera.johnson625@example.org,Vera Johnson,"Alpha Jacket, Beta Sneakers, Delta Watch","Calidad regular, esperaba más. 😕","Precio alto, pero vale la pena.",Arrived late but in good condition.,Support was helpful but slow.,N/A
hector.thompson855@example.com,Hector Thompson,Gamma Backpack,Me gustó el ajuste pero la talla viene chica.,Value is questionable. but Buen valor por el precio.,El envío fue carísimo.,Atención al cliente excelente.,Sin comentarios
grace.lopez965@example.com,Grace Lopez,"Alpha Jacket, Beta Sneakers",Excelente calidad y buen acabado. pero Great design and look!,,Hubo retraso por la paquetería.,Atención al cliente excelente.,—
tomas.ramirez145@example.com,Tomas Ramirez,Beta Sneakers,"Calidad regular, esperaba más.",Sin comentarios,Llegó antes de lo esperado.,Soporte tardó en responder.,Looks amazing with my outfits.
pablo.hernandez811@example.com,Pablo Hernandez,"Beta Sneakers, Delta Watch",Me gustó el ajuste pero la talla viene chica.,"Precio alto, pero vale la pena.",Tracking info was inaccurate. pero El envío fue carísimo.,Sin comentarios,The look is premium.
alice.hernandez181@example.com,Alice Hernandez,"Alpha Jacket, Delta Watch",El material se siente barato.,Great value; not expensive at all.,Llegó antes de lo esperado.,Me ofrecieron reembolso sin problema.,N/A
jon.garcia869@example.com,Jon Garcia,"Gamma Backpack, Delta Watch, Zeta Headphones",Quality seems excellent for the price.,Buen valor por el precio.,"Demoró el envío, llegó tarde.",Refund was easy and fast.,Sin comentarios
leo.johnson658@example.com,Leo Johnson,"Beta Sneakers, Gamma Backpack, Epsilon Hat",N/A,Me pareció barato en oferta.,Sin problemas con la entrega.,No hubo ayuda.,I like the style and color options.
ximena.johnson76@example.com,Ximena Johnson,"Alpha Jacket, Delta Watch",Fit is weird: too tight on shoulders.,Me pareció barato en oferta.,Shipping was fast and on time.,N/A,Design feels outdated.
quinn.lee756@example.com,Quinn Lee,"Alpha Jacket, Beta Sneakers, Delta Watch","El diseño está increíble, colores vibran. pero Calidad regular, esperaba más.",N/A,El envío fue carísimo.,Refund was easy and fast.,Sin comentarios
vera.lopez201@example.com,Vera Lopez,"Gamma Backpack, Epsilon Hat",Me gustó el ajuste pero la talla viene chica.,Precio justo.,"Demoró el envío, llegó tarde.",Soporte tardó en responder.,El color no coincide con las fotos.
ethan.young799@example.com,Ethan Young,"Alpha Jacket, Beta Sneakers, Delta Watch",Fit is weird: too tight on shoulders.,Value is questionable.,"Demoró el envío, llegó tarde. 🙂",Soporte tardó en responder.,Me encantó el diseño minimalista.
sara.clark543@example.com,Sara Clark,"Alpha Jacket, Gamma Backpack",No,Me pareció barato en oferta.,—,Customer support resolved my issue quickly.,Sin comentarios
noah.lewis227@example.com,Noah Lewis,"Alpha Jacket, Beta Sneakers, Delta Watch",Quality seems excellent for the price.,No,Llegó antes de lo esperado.,Customer support resolved my issue quickly.,"Buen diseño, pero calidad regular."
jon.smith502@example.org,Jon Smith,Gamma Backpack,Fit is weird: too tight on shoulders.,Demasiado caro para mí.,Shipping was fast and on time. 🤩,Atención al cliente excelente.,Sin comentarios 😕
grace.thompson231@example.org,Grace Thompson,"Alpha Jacket, Beta Sneakers",Defecto en la costura al llegar.,—,Sin problemas con la entrega. 😕,No hubo ayuda.,Looks amazing with my outfits.
quinn.thompson207@example.com,Quinn Thompson,"Alpha Jacket, Gamma Backpack, Zeta Headphones",N/A,Great value; not expensive at all.,Sin problemas con la entrega.,Sin comentarios,El color no coincide con las fotos.
diana.thompson505@example.com,Diana Thompson,"Alpha Jacket, Beta Sneakers, Delta Watch","Calidad regular, esperaba más.",N/A,Package arrived damaged after delay.,No hubo ayuda.,Me encantó el diseño minimalista.
ximena.brown522@example.com,Ximena Brown,"Gamma Backpack, Epsilon Hat", ,Too expensive for what it offers.,—,Great service overall.,I like the style and color options. pero The look is premium.
bob.perez475@example.com,Bob Perez,"Alpha Jacket, Delta Watch","Calidad regular, esperaba más.",,El envío fue carísimo.,N/A,"Buen diseño, pero calidad regular."
fatima.martinez157@example.com,Fatima Martinez,"Gamma Backpack, Delta Watch, Zeta Headphones",Defecto en la costura al llegar. 🙂,Great value; not expensive at all.,Shipping was fast and on time.,Great service overall.,The look is premium. pero The look is premium.
olivia.perez96@example.com,Olivia Perez,Gamma Backpack,Me gustó el ajuste pero la talla viene chica.,Me pareció barato en oferta.,,Support was helpful but slow.,"Estilo moderno, se ve genial."
tomas.johnson640@example.com,Tomas Johnson,Alpha Jacket,Fit is weird: too tight on shoulders.,,Delivery took forever.,Customer support resolved my issue quickly.,The look is premium.
hector.martinez669@example.com,Hector Martinez,Gamma Backpack,Great design and look!,Affordable and worth the cost. 😕,Arrived late but in good condition.,No hubo ayuda.,I like the style and color options.
pablo.lopez731@example.com,Pablo Lopez,Alpha Jacket, ,Carísimo.,,Return process was confusing. but Customer support resolved my issue quickly.,"Buen diseño, pero calidad regular."
ethan.lee924@example.com,Ethan Lee,"Alpha Jacket, Delta Watch",Defecto en la costura al llegar. 🤩,Value is questionable.,Sin problemas con la entrega.,Soporte tardó en responder. pero Great service overall. 🙁,Sin comentarios
wendy.clark481@example.com,Wendy Clark,"Alpha Jacket, Gamma Backpack, Zeta Headphones","Loved the fit, super comfortable.",Too expensive for what it offers.,Shipping was fast and on time.,N/A,I like the style and color options.
diana.allen513@example.com,Diana Allen,Beta Sneakers,Excelente calidad y buen acabado.,Buen valor por el precio. 😕,"Demoró el envío, llegó tarde.",Refund was easy and fast.,Me encantó el diseño minimalista. but The look is premium.
olivia.smith623@example.com,Olivia Smith,"Alpha Jacket, Beta Sneakers",El material se siente barato.,"Precio alto, pero vale la pena.",Tracking info was inaccurate.,Soporte tardó en responder.,The look is premium.
rafa.perez262@example.com,Rafa Perez,"Alpha Jacket, Delta Watch",Great design and look!,Great value; not expensive at all.,"Demoró el envío, llegó tarde.",Return process was confusing. pero Soporte tardó en responder.,I like the style and color options.
noah.lewis821@example.com,Noah Lewis,"Alpha Jacket, Gamma Backpack, Zeta Headphones",Me gustó el ajuste pero la talla viene chica.,Buen valor por el precio.,Arrived late but in good condition. but El envío fue carísimo.,Return process was confusing.,Colors fade after one wash.
olivia.smith667@example.com,Olivia Smith,"Beta Sneakers, Delta Watch",Excelente calidad y buen acabado.,Too expensive for what it offers.,Tracking info was inaccurate.,Support was helpful but slow. pero Atención al cliente excelente.,El color no coincide con las fotos.
bob.perez24@example.com,Bob Perez,"Alpha Jacket, Beta Sneakers",Excelente calidad y buen acabado. 🤩,Me pareció barato en oferta. but Value is questionable.,Shipping was fast and on time.,"No me contestaron, pésima atención.",The look is premium.
rafa.perez217@example.com,Rafa Perez,"Alpha Jacket, Beta Sneakers, Gamma Backpack",Defecto en la costura al llegar. pero Me gustó el ajuste pero la talla viene chica.,Too expensive for what it offers.,El envío fue carísimo.,Atención al cliente excelente.,—
grace.walker479@example.com,Grace Walker,Zeta Headphones,,"Precio alto, pero vale la pena.",Shipping was fast and on time.,Refund was easy and fast.,Sin comentarios
grace.ramirez561@example.org,Grace Ramirez,"Alpha Jacket, Beta Sneakers, Gamma Backpack",Excelente calidad y buen acabado.,Me pareció barato en oferta.,Shipping was fast and on time.,—,The look is premium. but El color no coincide con las fotos.
olivia.clark730@example.org,Olivia Clark,"Alpha Jacket, Beta Sneakers",Excelente calidad y buen acabado. 😕,Me pareció barato en oferta.,Delivery took forever., ,N/A
karina.walker547@example.com,Karina Walker,"Beta Sneakers, Delta Watch",No,Affordable and worth the cost.,Tracking info was inaccurate.,Soporte tardó en responder.,Design feels outdated.
zaid.brown855@example.com,Zaid Brown,"Beta Sneakers, Gamma Backpack, Epsilon Hat",Defecto en la costura al llegar. 🙂,Precio justo.,"Demoró el envío, llegó tarde.",,Me encantó el diseño minimalista. 🤩
jon.thompson526@example.com,Jon Thompson,Alpha Jacket,Fit is weird: too tight on shoulders. pero Excelente calidad y buen acabado.,No,No,Refund was easy and fast.,El color no coincide con las fotos.
noah.hall150@example.com,Noah Hall,"Alpha Jacket, Beta Sneakers, Delta Watch",Me gustó el ajuste pero la talla viene chica.,Demasiado caro para mí.,"Demoró el envío, llegó tarde.",Atención al cliente excelente. pero Refund was easy and fast.,N/A
marta.martinez525@example.com,Marta Martinez,"Beta Sneakers, Gamma Backpack",N/A,Great value; not expensive at all. but Buen valor por el precio.,El envío fue carísimo.,Great service overall. but Great service overall.,Design feels outdated. but Colors fade after one wash.
yara.sanchez953@example.com,Yara Sanchez,Beta Sneakers,"El diseño está increíble, colores vibran.",Sin comentarios,Hubo retraso por la paquetería. pero Package arrived damaged after delay.,Great service overall.,"Buen diseño, pero calidad regular."
grace.lewis85@example.com,Grace Lewis,Delta Watch,Me gustó el ajuste pero la talla viene chica.,Value is questionable.,Hubo retraso por la paquetería.,Me ofrecieron reembolso sin problema.,The look is premium.
bob.smith973@example.com,Bob Smith,"Alpha Jacket, Beta Sneakers","Loved the fit, super comfortable.",No, ,Great service overall.,N/A
olivia.allen100@example.com,Olivia Allen,Epsilon Hat,Defecto en la costura al llegar.,Precio justo. 🤩,Sin comentarios,Me ofrecieron reembolso sin problema.,Me encantó el diseño minimalista.
uriel.hernandez557@example.org,Uriel Hernandez,"Alpha Jacket, Gamma Backpack",Defecto en la costura al llegar. but Excelente calidad y buen acabado.,Affordable and worth the cost.,Arrived late but in good condition.,"No me contestaron, pésima atención.",No
alice.clark409@example.com,Alice Clark,"Alpha Jacket, Beta Sneakers, Delta Watch","Calidad regular, esperaba más.",Too expensive for what it offers.,Llegó antes de lo esperado.,"No me contestaron, pésima atención.",Colors fade after one wash. but El color no coincide con las fotos.
vera.lee193@example.org,Vera Lee,"Alpha Jacket, Beta Sneakers, Gamma Backpack",Defecto en la costura al llegar. pero Excelente calidad y buen acabado.,No,Tracking info was inaccurate.,Me ofrecieron reembolso sin problema.,
quinn.clark39@example.com,Quinn Clark,"Beta Sneakers, Gamma Backpack, Epsilon Hat",Excelente calidad y buen acabado.,Demasiado caro para mí. pero Precio justo. 😕,Package arrived damaged after delay. but Delivery took forever.,N/A,I like the style and color options. 😕
yara.rodriguez8@example.com,Yara Rodriguez,"Beta Sneakers, Gamma Backpack",Me gustó el ajuste pero la talla viene chica.,Buen valor por el precio.,N/A,Soporte tardó en responder.,Colors fade after one wash.
ximena.gonzalez343@example.com,Ximena Gonzalez,Alpha Jacket,El material se siente barato.,Demasiado caro para mí.,Hubo retraso por la paquetería.,"No me contestaron, pésima atención.",The look is premium. 🙂
pablo.young489@example.com,Pablo Young,Gamma Backpack,N/A,Carísimo.,Arrived late but in good condition.,—, 
rafa.lopez995@example.com,Rafa Lopez,"Alpha Jacket, Gamma Backpack, Zeta Headphones",No,Demasiado caro para mí.,Package arrived damaged after delay.,Soporte tardó en responder.,El color no coincide con las fotos.
vera.gonzalez477@example.org,Vera Gonzalez,"Alpha Jacket, Beta Sneakers",Excelente calidad y buen acabado.,Me pareció barato en oferta.,Package arrived damaged after delay.,Great service overall.,"Buen diseño, pero calidad regular."
leo.ramirez63@example.com,Leo Ramirez,"Gamma Backpack, Epsilon Hat",Fit is weird: too tight on shoulders. but Defecto en la costura al llegar.,Precio justo.,Sin comentarios,Customer support resolved my issue quickly. but Customer support resolved my issue quickly.,"Estilo moderno, se ve genial."
zaid.gonzalez772@example.com,Zaid Gonzalez,"Alpha Jacket, Gamma Backpack, Zeta Headphones",—,,Delivery took forever.,No,"Colors fade after one wash. pero Buen diseño, pero calidad regular."
diana.ramirez684@example.com,Diana Ramirez,"Beta Sneakers, Delta Watch",N/A,Affordable and worth the cost.,El envío fue carísimo.,Return process was confusing.,—
diana.martinez704@example.com,Diana Martinez,"Alpha Jacket, Gamma Backpack, Zeta Headphones",,Affordable and worth the cost.,"Demoró el envío, llegó tarde. but Llegó antes de lo esperado.",Refund was easy and fast., 
jon.rodriguez921@example.com,Jon Rodriguez,Delta Watch,"Loved the fit, super comfortable.",Me pareció barato en oferta.,"Demoró el envío, llegó tarde.",Sin comentarios,"Buen diseño, pero calidad regular."
diana.young339@example.com,Diana Young,Epsilon Hat,Me gustó el ajuste pero la talla viene chica.,Carísimo.,Llegó antes de lo esperado. pero Hubo retraso por la paquetería. 🤩,Customer support resolved my issue quickly.,El color no coincide con las fotos.
pablo.gonzalez396@example.com,Pablo Gonzalez,Zeta Headphones,Defecto en la costura al llegar.,Value is questionable.,Sin problemas con la entrega.,Great service overall.,The look is premium.
sara.garcia472@example.com,Sara Garcia,"Beta Sneakers, Gamma Backpack, Epsilon Hat",Sin comentarios,Too expensive for what it offers.,Delivery took forever.,No,—
jon.thompson549@example.com,Jon Thompson,"Alpha Jacket, Beta Sneakers",Great design and look!, ,Arrived late but in good condition.,Support was helpful but slow.,The look is premium.
leo.johnson8@example.com,Leo Johnson,"Beta Sneakers, Gamma Backpack",Fit is weird: too tight on shoulders.,Precio justo.,Llegó antes de lo esperado. but Sin problemas con la entrega.,Return process was confusing.,I like the style and color options. 🤩
noah.johnson634@example.com,Noah Johnson,Gamma Backpack,"El diseño está increíble, colores vibran.",Great value; not expensive at all. 🙂,"Package arrived damaged after delay. pero Demoró el envío, llegó tarde.",Refund was easy and fast. but No hubo ayuda. 🙂,Design feels outdated. 😕
quinn.gonzalez386@example.com,Quinn Gonzalez,"Beta Sneakers, Gamma Backpack",—,Great value; not expensive at all. but Too expensive for what it offers.,El envío fue carísimo.,Customer support resolved my issue quickly.,Colors fade after one wash.
leo.young133@example.org,Leo Young,"Alpha Jacket, Gamma Backpack, Zeta Headphones","Calidad regular, esperaba más.","Precio alto, pero vale la pena.",Llegó antes de lo esperado.,"No me contestaron, pésima atención.",Me encantó el diseño minimalista.
fatima.allen510@example.com,Fatima Allen,"Alpha Jacket, Gamma Backpack",,Precio justo.,El envío fue carísimo.,Refund was easy and fast.,Me encantó el diseño minimalista.
yara.allen261@example.org,Yara Allen,"Gamma Backpack, Epsilon Hat",Me gustó el ajuste pero la talla viene chica. 🤩,Buen valor por el precio.,"Demoró el envío, llegó tarde.",—,Sin comentarios
karina.young214@example.com,Karina Young,Zeta Headphones,Quality seems excellent for the price. but El material se siente barato.,No,Shipping was fast and on time. pero Shipping was fast and on time.,,Sin comentarios
quinn.perez538@example.com,Quinn Perez,Alpha Jacket,"El diseño está increíble, colores vibran.",Value is questionable.,Tracking info was inaccurate. 🙂,Soporte tardó en responder., 
wendy.lopez619@example.org,Wendy Lopez,"Beta Sneakers, Delta Watch",Great design and look!,Buen valor por el precio.,El envío fue carísimo.,Customer support resolved my issue quickly.,Sin comentarios
fatima.lee361@example.com,Fatima Lee,Alpha Jacket,,Affordable and worth the cost.,Sin comentarios,Customer support resolved my issue quickly. but Atención al cliente excelente.,The look is premium.
noah.martinez582@example.com,Noah Martinez,"Beta Sneakers, Gamma Backpack",El material se siente barato.,Precio justo.,Tracking info was inaccurate., ,"Buen diseño, pero calidad regular."
wendy.ramirez505@example.com,Wendy Ramirez,Alpha Jacket,Great design and look!,Affordable and worth the cost.,El envío fue carísimo.,Sin comentarios, 
grace.lewis343@example.org,Grace Lewis,"Alpha Jacket, Beta Sneakers",Excelente calidad y buen acabado.,Buen valor por el precio.,Package arrived damaged after delay., ,"Estilo moderno, se ve genial."
zaid.lopez559@example.com,Zaid Lopez,Delta Watch,Quality seems excellent for the price.,Value is questionable.,Package arrived damaged after delay.,Support was helpful but slow.,I like the style and color options.
uriel.allen954@example.org,Uriel Allen,"Alpha Jacket, Beta Sneakers, Gamma Backpack",Me gustó el ajuste pero la talla viene chica.,Carísimo. 😕,Delivery took forever.,Atención al cliente excelente.,"Estilo moderno, se ve genial. pero Design feels outdated."
yara.brown826@example.com,Yara Brown,"Alpha Jacket, Beta Sneakers, Delta Watch","Fit is weird: too tight on shoulders. pero El diseño está increíble, colores vibran.",Buen valor por el precio. 🙁,Package arrived damaged after delay.,"No me contestaron, pésima atención.",N/A
quinn.garcia323@example.com,Quinn Garcia,Beta Sneakers,,Great value; not expensive at all.,Sin problemas con la entrega., ,El color no coincide con las fotos. 🙂
vera.young622@example.com,Vera Young,Beta Sneakers,"El diseño está increíble, colores vibran.",Value is questionable. pero Me pareció barato en oferta.,Delivery took forever.,No,Looks amazing with my outfits.
bob.sanchez306@example.com,Bob Sanchez,"Beta Sneakers, Gamma Backpack",Great design and look!,—,Package arrived damaged after delay.,—,The look is premium.
diana.garcia778@example.com,Diana Garcia,Gamma Backpack,"Calidad regular, esperaba más. but Fit is weird: too tight on shoulders.",Great value; not expensive at all.,Shipping was fast and on time.,Me ofrecieron reembolso sin problema.,Colors fade after one wash.
diana.johnson843@example.com,Diana Johnson,"Alpha Jacket, Beta Sneakers",Quality seems excellent for the price.,"Precio justo. but Precio alto, pero vale la pena. 🙂",Delivery took forever.,Return process was confusing.,The look is premium.
yara.rodriguez771@example.com,Yara Rodriguez,"Gamma Backpack, Delta Watch, Zeta Headphones","Calidad regular, esperaba más.",Great value; not expensive at all. 🙁,"Demoró el envío, llegó tarde.", ,"Estilo moderno, se ve genial."
ethan.martinez234@example.org,Ethan Martinez,Epsilon Hat,Defecto en la costura al llegar.,Demasiado caro para mí. 🙁,Llegó antes de lo esperado.,N/A,Sin comentarios pero Colors fade after one wash.
pablo.thompson114@example.com,Pablo Thompson,"Beta Sneakers, Gamma Backpack, Epsilon Hat",El material se siente barato. pero Great design and look!,Buen valor por el precio.,No,"No me contestaron, pésima atención.",Sin comentarios
vera.young907@example.com,Vera Young,Alpha Jacket,Quality seems excellent for the price.,Affordable and worth the cost.,"Demoró el envío, llegó tarde.",No hubo ayuda. 🤩,Colors fade after one wash.
bob.hernandez758@example.com,Bob Hernandez,"Gamma Backpack, Epsilon Hat",Great design and look!,Buen valor por el precio.,Delivery took forever.,"No me contestaron, pésima atención.","Buen diseño, pero calidad regular."
pablo.brown876@example.com,Pablo Brown,"Gamma Backpack, Delta Watch, Zeta Headphones",El material se siente barato.,—,Hubo retraso por la paquetería.,Customer support resolved my issue quickly. 🙁,
wendy.thompson810@example.com,Wendy Thompson,"Alpha Jacket, Beta Sneakers",Me gustó el ajuste pero la talla viene chica.,Me pareció barato en oferta.,Tracking info was inaccurate.,Atención al cliente excelente.,Looks amazing with my outfits. pero Me encantó el diseño minimalista.
noah.allen585@example.com,Noah Allen,"Alpha Jacket, Beta Sneakers, Gamma Backpack",Excelente calidad y buen acabado. pero Defecto en la costura al llegar.,Too expensive for what it offers.,El envío fue carísimo.,Support was helpful but slow.,"Buen diseño, pero calidad regular."
hector.martinez245@example.com,Hector Martinez,"Gamma Backpack, Delta Watch, Zeta Headphones",Defecto en la costura al llegar.,"Precio alto, pero vale la pena.","Demoró el envío, llegó tarde. 🙂","No me contestaron, pésima atención.",Looks amazing with my outfits.
hector.thompson827@example.org,Hector Thompson,"Gamma Backpack, Epsilon Hat",El material se siente barato.,Great value; not expensive at all.,El envío fue carísimo.,No,N/A
yara.rodriguez128@example.com,Yara Rodriguez,"Alpha Jacket, Gamma Backpack, Zeta Headphones",Fit is weird: too tight on shoulders.,Demasiado caro para mí.,Llegó antes de lo esperado.,N/A,Looks amazing with my outfits.
carlos.walker714@example.com,Carlos Walker,"Alpha Jacket, Beta Sneakers, Zeta Headphones",Excelente calidad y buen acabado.,Precio justo.,No,Customer support resolved my issue quickly.,N/A
pablo.gonzalez319@example.com,Pablo Gonzalez,"Beta Sneakers, Delta Watch",Me gustó el ajuste pero la talla viene chica.,—,"Llegó antes de lo esperado. but Demoró el envío, llegó tarde.",Refund was easy and fast.,Me encantó el diseño minimalista. pero I like the style and color options.
irene.johnson708@example.com,Irene Johnson,Zeta Headphones,"Loved the fit, super comfortable.",,—,Atención al cliente excelente.,Looks amazing with my outfits.
marta.hall696@example.com,Marta Hall,"Alpha Jacket, Gamma Backpack",Quality seems excellent for the price.,"Precio alto, pero vale la pena.",Tracking info was inaccurate.,"No me contestaron, pésima atención.",No
hector.walker311@example.com,Hector Walker,"Beta Sneakers, Delta Watch","Calidad regular, esperaba más.",Value is questionable. but Precio justo.,El envío fue carísimo. 🙁,—,El color no coincide con las fotos.
ximena.garcia994@example.com,Ximena Garcia,"Alpha Jacket, Beta Sneakers, Delta Watch",,,"Demoró el envío, llegó tarde.",Support was helpful but slow., 
grace.walker881@example.com,Grace Walker,Gamma Backpack,Me gustó el ajuste pero la talla viene chica.,Me pareció barato en oferta.,Sin problemas con la entrega.,Sin comentarios,Me encantó el diseño minimalista.
sara.garcia78@example.com,Sara Garcia,Zeta Headphones,Quality seems excellent for the price. 😕,Sin comentarios,Delivery took forever. 🤩,Customer support resolved my issue quickly. but Me ofrecieron reembolso sin problema.,
ximena.young897@example.com,Ximena Young,Gamma Backpack,,Value is questionable.,El envío fue carísimo.,No,"Buen diseño, pero calidad regular."
irene.smith33@example.com,Irene Smith,"Beta Sneakers, Gamma Backpack",Fit is weird: too tight on shoulders.,—,El envío fue carísimo. pero Delivery took forever.,Great service overall. 🤩,Colors fade after one wash.
yara.clark121@example.com,Yara Clark,"Alpha Jacket, Beta Sneakers, Gamma Backpack",Me gustó el ajuste pero la talla viene chica.,Value is questionable. 🙁,Sin problemas con la entrega.,Soporte tardó en responder.,Looks amazing with my outfits. but Looks amazing with my outfits.
leo.allen333@example.com,Leo Allen,Alpha Jacket, ,Great value; not expensive at all.,"Demoró el envío, llegó tarde.",No hubo ayuda.,I like the style and color options.
ximena.lewis583@example.com,Ximena Lewis,"Beta Sneakers, Gamma Backpack",Excelente calidad y buen acabado.,Precio justo. pero Affordable and worth the cost. 🙁,—,Great service overall.,Sin comentarios
carlos.hall924@example.com,Carlos Hall,Delta Watch,El material se siente barato.,Great value; not expensive at all. pero Demasiado caro para mí.,—,Great service overall.,Colors fade after one wash.
rafa.lewis558@example.com,Rafa Lewis,"Alpha Jacket, Beta Sneakers","El diseño está increíble, colores vibran.",Me pareció barato en oferta.,El envío fue carísimo.,Me ofrecieron reembolso sin problema.,Design feels outdated.
sara.lewis538@example.com,Sara Lewis,"Alpha Jacket, Beta Sneakers, Zeta Headphones",,Value is questionable.,Hubo retraso por la paquetería. but Hubo retraso por la paquetería.,Soporte tardó en responder.,Sin comentarios
quinn.gonzalez869@example.com,Quinn Gonzalez,Beta Sneakers,"Calidad regular, esperaba más. but Loved the fit, super comfortable.",Great value; not expensive at all.,Delivery took forever. but Hubo retraso por la paquetería.,Refund was easy and fast.,Colors fade after one wash.
wendy.lopez377@example.com,Wendy Lopez,"Beta Sneakers, Gamma Backpack, Epsilon Hat",Me gustó el ajuste pero la talla viene chica.,Carísimo.,Tracking info was inaccurate.,Refund was easy and fast., 
vera.hall89@example.com,Vera Hall,"Beta Sneakers, Delta Watch",Defecto en la costura al llegar.,Great value; not expensive at all.,Package arrived damaged after delay. 🙁,Great service overall.,I like the style and color options.
leo.johnson111@example.com,Leo Johnson,Epsilon Hat,"Calidad regular, esperaba más.",N/A,Arrived late but in good condition.,Great service overall.,Sin comentarios
noah.sanchez632@example.org,Noah Sanchez,"Beta Sneakers, Gamma Backpack, Epsilon Hat","Defecto en la costura al llegar. pero Loved the fit, super comfortable.",Buen valor por el precio.,Hubo retraso por la paquetería.,No hubo ayuda.,El color no coincide con las fotos.
sara.martinez292@example.com,Sara Martinez,"Beta Sneakers, Gamma Backpack, Epsilon Hat","El diseño está increíble, colores vibran.",Great value; not expensive at all. but Affordable and worth the cost. 🙁,Shipping was fast and on time.,,"Estilo moderno, se ve genial. but The look is premium."
zaid.gonzalez905@example.com,Zaid Gonzalez,Beta Sneakers,Me gustó el ajuste pero la talla viene chica.,Precio justo.,Sin problemas con la entrega.,Support was helpful but slow.,—
karina.lewis711@example.com,Karina Lewis,"Gamma Backpack, Epsilon Hat",Quality seems excellent for the price.,Precio justo. 😕,Arrived late but in good condition.,"No me contestaron, pésima atención. pero Me ofrecieron reembolso sin problema.",Sin comentarios
quinn.walker3@example.com,Quinn Walker,"Gamma Backpack, Delta Watch, Zeta Headphones","Calidad regular, esperaba más. pero Fit is weird: too tight on shoulders.",Precio justo.,Arrived late but in good condition.,"Me ofrecieron reembolso sin problema. pero No me contestaron, pésima atención. 🙁", 
diana.smith588@example.com,Diana Smith,"Beta Sneakers, Delta Watch",Me gustó el ajuste pero la talla viene chica.,Value is questionable.,Llegó antes de lo esperado.,Customer support resolved my issue quickly.,"Estilo moderno, se ve genial."
irene.garcia543@example.com,Irene Garcia,"Alpha Jacket, Gamma Backpack",Quality seems excellent for the price.,—,No,Support was helpful but slow.,Colors fade after one wash.
yara.thompson522@example.com,Yara Thompson,"Gamma Backpack, Delta Watch, Zeta Headphones","Excelente calidad y buen acabado. but El diseño está increíble, colores vibran.",Great value; not expensive at all. pero Too expensive for what it offers.,Delivery took forever.,,—
bob.sanchez337@example.com,Bob Sanchez,"Alpha Jacket, Beta Sneakers, Zeta Headphones",Quality seems excellent for the price.,"Precio alto, pero vale la pena.",Package arrived damaged after delay. but Hubo retraso por la paquetería.,Return process was confusing.,"Me encantó el diseño minimalista. but Buen diseño, pero calidad regular."
olivia.lee31@example.com,Olivia Lee,Alpha Jacket,"Loved the fit, super comfortable.",Me pareció barato en oferta.,Hubo retraso por la paquetería. but Llegó antes de lo esperado.,Customer support resolved my issue quickly.,No
fatima.lopez683@example.com,Fatima Lopez,Beta Sneakers,—,Sin comentarios,"Demoró el envío, llegó tarde.",Support was helpful but slow.,"Buen diseño, pero calidad regular. 🙁"
noah.ramirez135@example.com,Noah Ramirez,"Beta Sneakers, Gamma Backpack, Epsilon Hat",Excelente calidad y buen acabado.,N/A,Tracking info was inaccurate. but Llegó antes de lo esperado.,—,Colors fade after one wash.
fatima.smith716@example.com,Fatima Smith,"Alpha Jacket, Beta Sneakers, Zeta Headphones",No,Buen valor por el precio., ,"No me contestaron, pésima atención. but Soporte tardó en responder.",Me encantó el diseño minimalista.
ximena.hernandez138@example.com,Ximena Hernandez,Beta Sneakers,Me gustó el ajuste pero la talla viene chica. but Great design and look!,—,Sin comentarios,No hubo ayuda. pero Great service overall.,
ethan.lee559@example.org,Ethan Lee,"Alpha Jacket, Gamma Backpack, Zeta Headphones","Calidad regular, esperaba más.", ,Sin problemas con la entrega.,Return process was confusing.,"Buen diseño, pero calidad regular."
wendy.thompson948@example.com,Wendy Thompson,Zeta Headphones,"Calidad regular, esperaba más.",Sin comentarios,—,Sin comentarios,Me encantó el diseño minimalista.
leo.perez948@example.com,Leo Perez,"Alpha Jacket, Beta Sneakers, Gamma Backpack",Me gustó el ajuste pero la talla viene chica.,Me pareció barato en oferta., ,,The look is premium. pero Design feels outdated.
karina.walker391@example.com,Karina Walker,"Gamma Backpack, Delta Watch, Zeta Headphones",El material se siente barato.,Value is questionable.,"Demoró el envío, llegó tarde.",Support was helpful but slow.,No
noah.perez543@example.org,Noah Perez,"Alpha Jacket, Gamma Backpack","Calidad regular, esperaba más.",Affordable and worth the cost.,Tracking info was inaccurate.,Sin comentarios,The look is premium. but Sin comentarios
yara.brown261@example.com,Yara Brown,"Beta Sneakers, Delta Watch","Loved the fit, super comfortable. but El diseño está increíble, colores vibran.",Me pareció barato en oferta.,Package arrived damaged after delay.,Return process was confusing.,Colors fade after one wash.
jon.brown788@example.com,Jon Brown,Epsilon Hat,Excelente calidad y buen acabado.,"Precio alto, pero vale la pena.",,Great service overall., 
noah.smith949@example.com,Noah Smith,"Alpha Jacket, Gamma Backpack, Zeta Headphones","El diseño está increíble, colores vibran.",Demasiado caro para mí.,Tracking info was inaccurate.,Me ofrecieron reembolso sin problema.,Design feels outdated.
noah.thompson409@example.com,Noah Thompson,"Alpha Jacket, Delta Watch",Quality seems excellent for the price.,Precio justo.,Package arrived damaged after delay.,"No me contestaron, pésima atención.",Looks amazing with my outfits. pero Colors fade after one wash.
yara.walker448@example.org,Yara Walker,Beta Sneakers,Fit is weird: too tight on shoulders.,Too expensive for what it offers.,Hubo retraso por la paquetería.,N/A,"Estilo moderno, se ve genial."
yara.johnson32@example.com,Yara Johnson,"Alpha Jacket, Beta Sneakers, Gamma Backpack",No,Affordable and worth the cost. but Demasiado caro para mí.,Shipping was fast and on time.,Me ofrecieron reembolso sin problema.,The look is premium. but The look is premium.
noah.rodriguez819@example.com,Noah Rodriguez,Zeta Headphones,"Calidad regular, esperaba más.",Carísimo.,El envío fue carísimo.,Me ofrecieron reembolso sin problema.,"Estilo moderno, se ve genial."
bob.lee698@example.com,Bob Lee,Delta Watch,"Loved the fit, super comfortable.",—,Tracking info was inaccurate.,Me ofrecieron reembolso sin problema. but No hubo ayuda.,Sin comentarios
jon.clark800@example.com,Jon Clark,"Alpha Jacket, Beta Sneakers, Delta Watch",Quality seems excellent for the price., ,Tracking info was inaccurate.,"No me contestaron, pésima atención.",Colors fade after one wash.
quinn.walker791@example.com,Quinn Walker,"Alpha Jacket, Beta Sneakers, Zeta Headphones",Fit is weird: too tight on shoulders.,Great value; not expensive at all.,El envío fue carísimo.,Atención al cliente excelente.,El color no coincide con las fotos.
pablo.lee32@example.com,Pablo Lee,"Beta Sneakers, Gamma Backpack, Epsilon Hat","Loved the fit, super comfortable.",Affordable and worth the cost. 🙂,Delivery took forever.,"No me contestaron, pésima atención.","Buen diseño, pero calidad regular. pero I like the style and color options."
olivia.young936@example.com,Olivia Young,"Alpha Jacket, Gamma Backpack",Defecto en la costura al llegar.,"Precio alto, pero vale la pena.",Delivery took forever.,Refund was easy and fast.,Colors fade after one wash.
sara.clark310@example.com,Sara Clark,Alpha Jacket,Defecto en la costura al llegar., ,Arrived late but in good condition.,Return process was confusing.,El color no coincide con las fotos.
marta.perez954@example.com,Marta Perez,"Alpha Jacket, Gamma Backpack","Loved the fit, super comfortable.",Precio justo. pero Value is questionable. 🙁,Arrived late but in good condition.,No,The look is premium.
carlos.martinez700@example.com,Carlos Martinez,"Alpha Jacket, Beta Sneakers",Excelente calidad y buen acabado.,Precio justo.,Sin problemas con la entrega.,No hubo ayuda.,No
karina.perez748@example.com,Karina Perez,"Alpha Jacket, Beta Sneakers, Zeta Headphones",Quality seems excellent for the price. pero Quality seems excellent for the price.,Me pareció barato en oferta. pero Affordable and worth the cost.,Hubo retraso por la paquetería.,Sin comentarios,The look is premium.
uriel.young621@example.com,Uriel Young,Delta Watch,"El diseño está increíble, colores vibran. pero Me gustó el ajuste pero la talla viene chica. 🙁",Buen valor por el precio.,Shipping was fast and on time.,Soporte tardó en responder.,Looks amazing with my outfits.
bob.ramirez122@example.com,Bob Ramirez,"Gamma Backpack, Delta Watch, Zeta Headphones",Quality seems excellent for the price.,"Precio alto, pero vale la pena.",Sin problemas con la entrega.,Refund was easy and fast. 🤩,Sin comentarios
fatima.garcia741@example.com,Fatima Garcia,Beta Sneakers,Sin comentarios,,Shipping was fast and on time.,Support was helpful but slow.,"Buen diseño, pero calidad regular."
carlos.hall491@example.com,Carlos Hall,"Alpha Jacket, Beta Sneakers, Delta Watch",—,"Precio alto, pero vale la pena.",Sin problemas con la entrega.,Me ofrecieron reembolso sin problema.,"Buen diseño, pero calidad regular. 😕"
yara.brown59@example.com,Yara Brown,Zeta Headphones,Excelente calidad y buen acabado.,Too expensive for what it offers. but Me pareció barato en oferta.,Llegó antes de lo esperado.,No hubo ayuda. 🤩,Looks amazing with my outfits.
irene.sanchez171@example.com,Irene Sanchez,Gamma Backpack,Excelente calidad y buen acabado. 🤩,No,Shipping was fast and on time.,Customer support resolved my issue quickly.,Sin comentarios
quinn.garcia184@example.com,Quinn Garcia,"Alpha Jacket, Delta Watch",Quality seems excellent for the price.,Affordable and worth the cost.,"Package arrived damaged after delay. pero Demoró el envío, llegó tarde.", ,The look is premium.
noah.young931@example.com,Noah Young,"Alpha Jacket, Beta Sneakers, Delta Watch",Excelente calidad y buen acabado., ,Package arrived damaged after delay.,Return process was confusing.,"Buen diseño, pero calidad regular."
leo.brown992@example.com,Leo Brown,Epsilon Hat,Great design and look!,,Sin comentarios,Support was helpful but slow.,"Buen diseño, pero calidad regular."
quinn.brown414@example.com,Quinn Brown,"Beta Sneakers, Gamma Backpack, Epsilon Hat",Fit is weird: too tight on shoulders.,Precio justo.,Arrived late but in good condition.,,"Buen diseño, pero calidad regular."
wendy.smith879@example.com,Wendy Smith,Gamma Backpack,El material se siente barato.,Affordable and worth the cost.,El envío fue carísimo.,Support was helpful but slow.,Sin comentarios
ximena.young838@example.com,Ximena Young,"Gamma Backpack, Epsilon Hat",Excelente calidad y buen acabado.,"Precio alto, pero vale la pena.",Llegó antes de lo esperado.,Customer support resolved my issue quickly. 🙁,
irene.smith762@example.com,Irene Smith,"Gamma Backpack, Delta Watch, Zeta Headphones","El diseño está increíble, colores vibran. but Defecto en la costura al llegar.","Precio alto, pero vale la pena.",Hubo retraso por la paquetería.,No,"Estilo moderno, se ve genial."
yara.clark612@example.org,Yara Clark,"Gamma Backpack, Delta Watch, Zeta Headphones","Calidad regular, esperaba más.",Buen valor por el precio.,Hubo retraso por la paquetería.,—,Looks amazing with my outfits.
olivia.lewis225@example.com,Olivia Lewis,Delta Watch,,Carísimo.,Tracking info was inaccurate.,"No me contestaron, pésima atención.",Sin comentarios
leo.clark553@example.com,Leo Clark,"Alpha Jacket, Beta Sneakers","Calidad regular, esperaba más.",Buen valor por el precio. pero Precio justo.,El envío fue carísimo.,Me ofrecieron reembolso sin problema.,Sin comentarios
leo.sanchez477@example.com,Leo Sanchez,"Alpha Jacket, Delta Watch",El material se siente barato.,Value is questionable. but Me pareció barato en oferta.,No, ,Design feels outdated.
vera.walker180@example.org,Vera Walker,"Gamma Backpack, Epsilon Hat",Me gustó el ajuste pero la talla viene chica. but Great design and look!,Sin comentarios,"Demoró el envío, llegó tarde.","No me contestaron, pésima atención.", 
jon.sanchez648@example.com,Jon Sanchez,Beta Sneakers,—,Me pareció barato en oferta.,Package arrived damaged after delay. 🙁,Refund was easy and fast.,Me encantó el diseño minimalista.
sara.lopez896@example.com,Sara Lopez,Gamma Backpack,"Calidad regular, esperaba más.",Precio justo.,El envío fue carísimo.,Return process was confusing. pero Return process was confusing.,No
jon.walker29@example.com,Jon Walker,"Alpha Jacket, Gamma Backpack","Quality seems excellent for the price. but Loved the fit, super comfortable.",Great value; not expensive at all. but Buen valor por el precio.,Llegó antes de lo esperado.,No hubo ayuda.,N/A
marta.walker268@example.com,Marta Walker,"Alpha Jacket, Gamma Backpack, Zeta Headphones",Great design and look!,Carísimo.,Delivery took forever.,Customer support resolved my issue quickly.,"Buen diseño, pero calidad regular."
pablo.lee247@example.org,Pablo Lee,Alpha Jacket,,,—,No hubo ayuda.,No
tomas.hall437@example.com,Tomas Hall,Zeta Headphones,Excelente calidad y buen acabado.,Carísimo.,El envío fue carísimo. 🙂,No hubo ayuda. pero Atención al cliente excelente.,Sin comentarios
olivia.hernandez969@example.org,Olivia Hernandez,Delta Watch,Defecto en la costura al llegar.,Demasiado caro para mí.,Delivery took forever. pero Package arrived damaged after delay.,Atención al cliente excelente. but Refund was easy and fast. 😕,El color no coincide con las fotos.
sara.brown253@example.com,Sara Brown,"Alpha Jacket, Beta Sneakers, Zeta Headphones",Quality seems excellent for the price.,Precio justo.,El envío fue carísimo.,Return process was confusing.,I like the style and color options. pero I like the style and color options.
